timestamp,asset_id,asset_type,energy_kwh,power_kw,voltage_v,current_a,power_factor,temperature_c,humidity_pct,occupancy_count,is_anomaly
2024-01-01 00:00:00,BLDG-001,office,4.38,4.21,227.6,0.1,0.845,13.1,36.1,10,False
2024-01-01 01:00:00,BLDG-001,office,4.17,4.27,229.7,0.1,0.829,13.9,43.8,10,False
2024-01-01 02:00:00,BLDG-001,office,4.21,4.25,227.0,0.1,0.849,15.7,49.2,10,False
2024-01-01 03:00:00,BLDG-001,office,4.44,4.09,232.2,0.1,0.795,17.3,48.7,10,False
2024-01-01 04:00:00,BLDG-001,office,4.01,4.23,229.1,0.1,0.866,12.2,23.2,10,False
2024-01-01 05:00:00,BLDG-001,office,4.04,4.19,232.4,0.1,0.983,15.5,61.4,10,False
2024-01-01 06:00:00,BLDG-001,office,4.28,4.3,228.1,0.1,0.756,12.3,51.4,10,False
2024-01-01 07:00:00,BLDG-001,office,4.07,4.32,230.3,0.1,0.862,14.7,56.6,10,False
2024-01-01 08:00:00,BLDG-001,office,4.58,4.17,231.9,0.1,0.873,11.6,48.3,10,False
2024-01-01 09:00:00,BLDG-001,office,4.82,4.75,231.6,0.1,0.867,12.2,42.2,51,False
2024-01-01 10:00:00,BLDG-001,office,6.22,5.39,228.4,0.1,0.894,19.6,61.2,99,False
2024-01-01 11:00:00,BLDG-001,office,6.32,5.89,231.8,0.1,0.802,14.2,31.0,141,False
2024-01-01 12:00:00,BLDG-001,office,6.25,6.46,231.4,0.1,0.892,12.4,36.3,173,False
2024-01-01 13:00:00,BLDG-001,office,6.61,7.05,229.7,0.1,0.809,14.0,39.3,193,False
2024-01-01 14:00:00,BLDG-001,office,6.65,6.85,228.3,0.1,0.904,17.0,40.6,200,False
2024-01-01 15:00:00,BLDG-001,office,6.75,6.98,232.1,0.1,0.924,19.3,57.3,193,False
2024-01-01 16:00:00,BLDG-001,office,6.08,6.42,229.7,0.1,0.848,15.4,50.1,173,False
2024-01-01 17:00:00,BLDG-001,office,6.23,6.3,230.2,0.1,0.893,16.4,35.5,141,False
2024-01-01 18:00:00,BLDG-001,office,5.3,5.47,229.7,0.1,0.912,15.1,56.7,99,False
2024-01-01 19:00:00,BLDG-001,office,5.05,5.02,230.8,0.1,0.824,15.0,48.8,51,False
2024-01-01 20:00:00,BLDG-001,office,4.48,4.28,228.8,0.1,0.891,15.9,42.1,10,False
2024-01-01 21:00:00,BLDG-001,office,4.49,4.32,232.2,0.1,0.908,13.0,34.1,10,False
2024-01-01 22:00:00,BLDG-001,office,4.29,4.26,227.3,0.1,0.917,13.5,35.4,10,False
2024-01-01 23:00:00,BLDG-001,office,4.5,4.46,230.3,0.1,0.775,15.0,49.1,10,False
2024-01-01 00:00:00,BLDG-002,lab,7.76,7.98,229.5,0.1,0.881,13.3,34.3,2,False
2024-01-01 01:00:00,BLDG-002,lab,7.95,7.74,231.5,0.1,0.889,17.1,41.6,2,False
2024-01-01 02:00:00,BLDG-002,lab,7.84,7.57,230.3,0.1,0.806,15.3,45.6,2,False
2024-01-01 03:00:00,BLDG-002,lab,7.31,7.89,232.1,0.1,0.919,16.8,39.0,2,False
2024-01-01 04:00:00,BLDG-002,lab,7.96,8.36,231.1,0.1,0.898,16.3,41.8,2,False
2024-01-01 05:00:00,BLDG-002,lab,8.05,7.78,228.3,0.1,0.823,11.4,48.6,2,False
2024-01-01 06:00:00,BLDG-002,lab,7.58,7.93,230.1,0.1,0.814,16.4,37.7,2,False
2024-01-01 07:00:00,BLDG-002,lab,7.84,8.13,233.7,0.1,0.891,15.0,49.4,2,False
2024-01-01 08:00:00,BLDG-002,lab,7.5,7.89,228.4,0.1,0.875,16.7,33.0,2,False
2024-01-01 09:00:00,BLDG-002,lab,8.62,8.82,226.8,0.1,0.913,15.8,61.5,12,False
2024-01-01 10:00:00,BLDG-002,lab,9.18,9.84,232.5,0.1,0.872,16.5,35.7,24,False
2024-01-01 11:00:00,BLDG-002,lab,10.91,10.66,229.8,0.1,0.785,18.1,58.2,34,False
2024-01-01 12:00:00,BLDG-002,lab,12.55,11.37,232.3,0.1,0.801,15.9,47.0,41,False
2024-01-01 13:00:00,BLDG-002,lab,11.83,12.35,230.3,0.1,0.914,13.8,66.1,46,False
2024-01-01 14:00:00,BLDG-002,lab,12.26,12.5,230.6,0.1,0.84,14.0,39.1,48,False
2024-01-01 15:00:00,BLDG-002,lab,12.71,12.42,232.9,0.1,0.879,13.7,53.8,46,False
2024-01-01 16:00:00,BLDG-002,lab,12.15,11.85,230.0,0.1,0.914,13.8,50.5,41,False
2024-01-01 17:00:00,BLDG-002,lab,10.83,11.28,229.1,0.1,0.863,15.0,54.3,34,False
2024-01-01 18:00:00,BLDG-002,lab,10.28,9.87,230.6,0.1,0.855,16.2,36.8,24,False
2024-01-01 19:00:00,BLDG-002,lab,9.69,8.98,227.6,0.1,0.883,13.6,44.9,12,False
2024-01-01 20:00:00,BLDG-002,lab,8.14,7.74,228.3,0.1,0.871,13.9,36.8,2,False
2024-01-01 21:00:00,BLDG-002,lab,7.85,7.69,230.4,0.1,0.894,17.3,40.2,2,False
2024-01-01 22:00:00,BLDG-002,lab,7.48,7.73,230.6,0.1,0.893,14.7,44.8,2,False
2024-01-01 23:00:00,BLDG-002,lab,0.0,0.0,230.9,0.1,0.877,16.7,56.3,2,True
2024-01-01 00:00:00,BLDG-003,datacenter,6.44,6.82,229.3,0.1,0.853,20.0,49.7,0,False
2024-01-01 01:00:00,BLDG-003,datacenter,6.96,7.14,231.9,0.1,0.812,19.7,46.8,0,False
2024-01-01 02:00:00,BLDG-003,datacenter,6.9,7.08,227.1,0.1,0.842,15.3,55.3,0,False
2024-01-01 03:00:00,BLDG-003,datacenter,6.31,6.99,233.8,0.1,0.821,16.2,49.9,0,False
2024-01-01 04:00:00,BLDG-003,datacenter,7.2,7.15,231.4,0.1,0.846,17.4,48.0,0,False
2024-01-01 05:00:00,BLDG-003,datacenter,6.56,6.92,232.5,0.1,0.82,18.0,45.5,0,False
2024-01-01 06:00:00,BLDG-003,datacenter,6.83,6.72,227.3,0.1,0.903,21.1,36.7,0,False
2024-01-01 07:00:00,BLDG-003,datacenter,6.83,7.16,230.2,0.1,0.853,22.1,62.6,0,False
2024-01-01 08:00:00,BLDG-003,datacenter,6.59,6.9,233.0,0.1,0.828,17.3,27.7,0,False
2024-01-01 09:00:00,BLDG-003,datacenter,7.71,7.15,231.4,0.1,0.854,21.3,31.2,0,False
2024-01-01 10:00:00,BLDG-003,datacenter,7.47,7.59,229.4,0.1,0.85,18.8,56.2,1,False
2024-01-01 11:00:00,BLDG-003,datacenter,7.16,7.78,228.1,0.1,0.797,17.9,54.6,1,False
2024-01-01 12:00:00,BLDG-003,datacenter,7.73,7.83,228.4,0.1,0.778,17.6,45.6,2,False
2024-01-01 13:00:00,BLDG-003,datacenter,7.11,7.92,230.4,0.1,0.839,19.2,52.6,2,False
2024-01-01 14:00:00,BLDG-003,datacenter,7.85,7.87,234.7,0.1,0.819,13.6,53.5,2,False
2024-01-01 15:00:00,BLDG-003,datacenter,7.63,8.52,232.2,0.1,0.802,14.8,47.0,2,False
2024-01-01 16:00:00,BLDG-003,datacenter,7.84,7.9,227.9,0.1,0.811,17.3,47.2,2,False
2024-01-01 17:00:00,BLDG-003,datacenter,8.07,7.72,233.0,0.1,0.807,21.0,50.4,1,False
2024-01-01 18:00:00,BLDG-003,datacenter,7.33,7.37,232.8,0.1,0.754,19.9,45.3,1,False
2024-01-01 19:00:00,BLDG-003,datacenter,7.23,7.09,229.0,0.1,0.807,18.1,36.7,0,False
2024-01-01 20:00:00,BLDG-003,datacenter,7.08,6.93,230.5,0.1,0.814,16.9,50.3,0,False
2024-01-01 21:00:00,BLDG-003,datacenter,7.01,6.71,231.1,0.1,0.879,16.5,27.0,0,False
2024-01-01 22:00:00,BLDG-003,datacenter,6.78,6.9,227.0,0.1,0.793,18.5,72.8,0,False
2024-01-01 23:00:00,BLDG-003,datacenter,6.38,6.82,229.2,0.1,0.821,19.7,33.7,0,False
2024-01-01 00:00:00,BLDG-004,warehouse,0.91,0.81,229.6,0.1,0.873,16.3,51.8,0,False
2024-01-01 01:00:00,BLDG-004,warehouse,0.81,0.81,227.5,0.1,0.868,16.1,52.0,0,False
2024-01-01 02:00:00,BLDG-004,warehouse,0.8,0.82,231.3,0.1,0.836,16.2,62.1,0,False
2024-01-01 03:00:00,BLDG-004,warehouse,0.85,0.83,230.6,0.1,0.96,19.0,29.2,0,False
2024-01-01 04:00:00,BLDG-004,warehouse,0.84,0.78,225.4,0.1,0.911,13.2,36.2,0,False
2024-01-01 05:00:00,BLDG-004,warehouse,0.84,0.84,229.9,0.1,0.9,14.0,48.9,0,False
2024-01-01 06:00:00,BLDG-004,warehouse,0.81,0.85,229.2,0.1,0.738,16.4,67.6,0,False
2024-01-01 07:00:00,BLDG-004,warehouse,0.78,0.8,236.0,0.1,0.826,15.1,43.6,0,False
2024-01-01 08:00:00,BLDG-004,warehouse,0.85,0.84,227.6,0.1,0.766,13.8,52.6,0,False
2024-01-01 09:00:00,BLDG-004,warehouse,0.84,0.82,229.1,0.1,0.928,17.4,51.7,0,False
2024-01-01 10:00:00,BLDG-004,warehouse,0.81,0.83,230.8,0.1,0.788,12.8,50.4,1,False
2024-01-01 11:00:00,BLDG-004,warehouse,0.79,0.84,231.3,0.1,0.916,14.6,35.5,2,False
2024-01-01 12:00:00,BLDG-004,warehouse,0.86,0.87,231.7,0.1,0.828,15.2,43.1,2,False
2024-01-01 13:00:00,BLDG-004,warehouse,0.88,0.88,228.6,0.1,0.814,15.2,30.2,2,False
2024-01-01 14:00:00,BLDG-004,warehouse,0.97,0.84,230.2,0.1,0.821,13.2,36.3,3,False
2024-01-01 15:00:00,BLDG-004,warehouse,0.8,0.86,232.3,0.1,0.821,17.2,41.1,2,False
2024-01-01 16:00:00,BLDG-004,warehouse,0.91,0.84,234.9,0.1,0.822,7.9,41.4,2,False
2024-01-01 17:00:00,BLDG-004,warehouse,0.86,0.85,229.6,0.1,0.835,17.8,46.3,2,False
2024-01-01 18:00:00,BLDG-004,warehouse,0.89,0.8,228.5,0.1,0.979,15.3,53.1,1,False
2024-01-01 19:00:00,BLDG-004,warehouse,0.75,0.86,230.9,0.1,0.871,14.4,34.4,0,False
2024-01-01 20:00:00,BLDG-004,warehouse,0.83,0.81,231.4,0.1,0.918,16.9,47.3,0,False
2024-01-01 21:00:00,BLDG-004,warehouse,0.85,0.81,232.2,0.1,0.816,16.9,41.4,0,False
2024-01-01 22:00:00,BLDG-004,warehouse,0.82,0.8,230.0,0.1,0.847,12.3,62.0,0,False
2024-01-01 23:00:00,BLDG-004,warehouse,0.82,0.79,229.1,0.1,0.943,17.2,56.5,0,False
2024-01-01 00:00:00,BLDG-005,common_area,1.68,1.63,230.8,0.1,0.901,15.9,47.6,3,False
2024-01-01 01:00:00,BLDG-005,common_area,1.74,1.63,231.0,0.1,0.89,15.8,21.3,3,False
2024-01-01 02:00:00,BLDG-005,common_area,1.71,1.64,230.4,0.1,0.819,12.2,35.8,3,False
2024-01-01 03:00:00,BLDG-005,common_area,1.55,1.68,226.5,0.1,0.835,15.2,46.8,3,False
2024-01-01 04:00:00,BLDG-005,common_area,1.61,1.67,235.1,0.1,0.907,13.6,44.7,3,False
2024-01-01 05:00:00,BLDG-005,common_area,1.81,1.61,229.2,0.1,0.877,12.8,54.3,3,False
2024-01-01 06:00:00,BLDG-005,common_area,1.6,1.65,229.9,0.1,0.859,12.3,48.8,3,False
2024-01-01 07:00:00,BLDG-005,common_area,1.71,1.71,232.1,0.1,0.882,11.9,44.4,3,False
2024-01-01 08:00:00,BLDG-005,common_area,1.7,1.67,230.5,0.1,0.796,17.1,44.6,3,False
2024-01-01 09:00:00,BLDG-005,common_area,1.94,1.86,231.8,0.1,0.875,12.9,57.8,19,False
2024-01-01 10:00:00,BLDG-005,common_area,2.11,2.11,232.9,0.1,0.902,12.0,47.7,38,False
2024-01-01 11:00:00,BLDG-005,common_area,2.45,2.38,230.1,0.1,0.816,14.0,20.2,54,False
2024-01-01 12:00:00,BLDG-005,common_area,2.45,2.58,233.2,0.1,0.829,14.4,31.6,66,False
2024-01-01 13:00:00,BLDG-005,common_area,2.49,2.51,227.6,0.1,0.884,14.7,36.7,74,False
2024-01-01 14:00:00,BLDG-005,common_area,2.64,2.68,227.8,0.1,0.858,16.0,47.9,77,False
2024-01-01 15:00:00,BLDG-005,common_area,2.93,2.59,228.8,0.1,0.819,14.0,43.3,74,False
2024-01-01 16:00:00,BLDG-005,common_area,2.69,2.48,228.3,0.1,0.822,16.3,47.0,66,False
2024-01-01 17:00:00,BLDG-005,common_area,2.17,2.3,230.3,0.1,0.879,16.1,55.8,54,False
2024-01-01 18:00:00,BLDG-005,common_area,2.11,2.1,227.2,0.1,0.848,18.6,39.8,38,False
2024-01-01 19:00:00,BLDG-005,common_area,1.9,1.75,228.3,0.1,0.867,17.6,33.7,20,False
2024-01-01 20:00:00,BLDG-005,common_area,1.71,1.65,231.2,0.1,0.891,16.0,55.7,3,False
2024-01-01 21:00:00,BLDG-005,common_area,1.76,1.64,231.0,0.1,0.808,13.6,49.9,3,False
2024-01-01 22:00:00,BLDG-005,common_area,1.66,1.71,230.4,0.1,0.782,16.5,51.5,3,False
2024-01-01 23:00:00,BLDG-005,common_area,1.84,1.67,229.2,0.1,0.852,17.4,30.6,3,False
2024-01-02 00:00:00,BLDG-001,office,3.88,3.88,229.6,0.1,0.832,15.3,26.9,8,False
2024-01-02 01:00:00,BLDG-001,office,4.03,3.8,230.8,0.1,0.847,13.9,63.8,8,False
2024-01-02 02:00:00,BLDG-001,office,3.61,3.83,231.3,0.1,0.906,17.6,42.8,8,False
2024-01-02 03:00:00,BLDG-001,office,3.63,3.99,227.9,0.1,0.815,14.9,47.4,8,False
2024-01-02 04:00:00,BLDG-001,office,3.71,3.79,230.1,0.1,0.898,14.3,50.1,8,False
2024-01-02 05:00:00,BLDG-001,office,3.84,3.87,230.9,0.1,0.872,16.3,58.3,8,False
2024-01-02 06:00:00,BLDG-001,office,4.09,3.88,227.9,0.1,0.869,13.5,31.4,8,False
2024-01-02 07:00:00,BLDG-001,office,3.79,3.86,228.6,0.1,0.817,14.1,26.1,8,False
2024-01-02 08:00:00,BLDG-001,office,9.16,9.93,232.4,0.1,0.897,16.7,41.8,8,True
2024-01-02 09:00:00,BLDG-001,office,4.31,4.24,227.7,0.1,0.811,14.1,55.8,44,False
2024-01-02 10:00:00,BLDG-001,office,5.04,4.87,230.2,0.1,0.861,16.8,59.8,86,False
2024-01-02 11:00:00,BLDG-001,office,5.67,5.4,231.1,0.1,0.971,16.3,64.8,122,False
2024-01-02 12:00:00,BLDG-001,office,5.58,5.78,233.4,0.1,0.937,17.2,68.7,149,False
2024-01-02 13:00:00,BLDG-001,office,5.7,6.02,229.6,0.1,0.902,16.0,25.0,167,False
2024-01-02 14:00:00,BLDG-001,office,5.84,5.81,229.2,0.1,0.874,14.2,56.3,173,False
2024-01-02 15:00:00,BLDG-001,office,5.74,5.92,231.5,0.1,0.867,20.2,49.1,167,False
2024-01-02 16:00:00,BLDG-001,office,6.05,5.43,232.6,0.1,0.806,12.3,38.3,150,False
2024-01-02 17:00:00,BLDG-001,office,4.66,5.34,228.6,0.1,0.773,12.2,59.4,122,False
2024-01-02 18:00:00,BLDG-001,office,4.65,4.8,228.2,0.1,0.931,11.7,63.1,86,False
2024-01-02 19:00:00,BLDG-001,office,4.49,4.18,232.1,0.1,0.835,15.0,44.1,44,False
2024-01-02 20:00:00,BLDG-001,office,3.58,3.8,230.9,0.1,0.754,13.7,64.5,8,False
2024-01-02 21:00:00,BLDG-001,office,3.73,4.01,227.5,0.1,0.774,11.7,57.1,8,False
2024-01-02 22:00:00,BLDG-001,office,3.98,3.92,232.2,0.1,0.929,19.6,41.8,8,False
2024-01-02 23:00:00,BLDG-001,office,3.76,3.75,231.3,0.1,0.805,13.2,61.2,8,False
2024-01-02 00:00:00,BLDG-002,lab,3.91,3.76,232.0,0.1,0.954,14.7,56.1,0,False
2024-01-02 01:00:00,BLDG-002,lab,3.54,3.76,228.7,0.1,0.842,16.1,35.8,0,False
2024-01-02 02:00:00,BLDG-002,lab,3.77,3.76,234.8,0.1,0.86,17.1,56.1,0,False
2024-01-02 03:00:00,BLDG-002,lab,3.96,3.66,233.3,0.1,0.865,17.0,42.5,0,False
2024-01-02 04:00:00,BLDG-002,lab,4.04,3.77,229.5,0.1,0.909,12.5,51.0,0,False
2024-01-02 05:00:00,BLDG-002,lab,3.87,3.83,229.5,0.1,0.799,12.4,28.6,0,False
2024-01-02 06:00:00,BLDG-002,lab,3.55,3.58,228.7,0.1,0.932,17.0,38.1,0,False
2024-01-02 07:00:00,BLDG-002,lab,4.16,3.74,232.3,0.1,0.849,12.7,29.7,0,False
2024-01-02 08:00:00,BLDG-002,lab,3.93,3.92,232.8,0.1,0.88,16.7,52.6,0,False
2024-01-02 09:00:00,BLDG-002,lab,3.92,3.86,231.1,0.1,0.802,13.3,35.2,3,False
2024-01-02 10:00:00,BLDG-002,lab,4.06,4.14,231.8,0.1,0.801,16.9,35.2,6,False
2024-01-02 11:00:00,BLDG-002,lab,4.11,4.08,231.1,0.1,0.861,15.3,35.6,9,False
2024-01-02 12:00:00,BLDG-002,lab,4.25,4.31,230.4,0.1,0.856,14.1,46.2,11,False
2024-01-02 13:00:00,BLDG-002,lab,4.44,4.3,230.8,0.1,0.785,17.3,42.0,12,False
2024-01-02 14:00:00,BLDG-002,lab,4.07,4.28,228.6,0.1,0.835,17.5,38.3,12,False
2024-01-02 15:00:00,BLDG-002,lab,4.38,4.51,227.5,0.1,0.813,14.3,49.5,12,False
2024-01-02 16:00:00,BLDG-002,lab,4.27,4.25,231.9,0.1,0.822,12.3,44.1,11,False
2024-01-02 17:00:00,BLDG-002,lab,4.69,4.19,228.5,0.1,0.754,17.0,56.0,9,False
2024-01-02 18:00:00,BLDG-002,lab,4.14,4.16,229.2,0.1,0.821,13.0,38.5,6,False
2024-01-02 19:00:00,BLDG-002,lab,3.63,3.81,230.1,0.1,0.885,17.1,46.1,3,False
2024-01-02 20:00:00,BLDG-002,lab,3.36,3.76,232.5,0.1,0.934,15.8,37.9,0,False
2024-01-02 21:00:00,BLDG-002,lab,3.73,3.66,231.3,0.1,0.854,18.2,41.9,0,False
2024-01-02 22:00:00,BLDG-002,lab,3.94,3.78,227.8,0.1,0.911,15.3,68.2,0,False
2024-01-02 23:00:00,BLDG-002,lab,3.81,3.7,230.7,0.1,0.879,12.9,36.1,0,False
2024-01-02 00:00:00,BLDG-003,datacenter,6.52,6.84,232.6,0.1,0.86,17.8,48.7,0,False
2024-01-02 01:00:00,BLDG-003,datacenter,7.43,6.94,225.1,0.1,0.735,21.0,55.8,0,False
2024-01-02 02:00:00,BLDG-003,datacenter,6.7,7.0,231.2,0.1,0.828,16.9,45.9,0,False
2024-01-02 03:00:00,BLDG-003,datacenter,7.13,6.84,235.3,0.1,0.77,17.0,54.3,0,False
2024-01-02 04:00:00,BLDG-003,datacenter,7.12,7.08,229.9,0.1,0.771,18.1,47.4,0,False
2024-01-02 05:00:00,BLDG-003,datacenter,6.6,6.89,231.3,0.1,0.838,15.4,29.4,0,False
2024-01-02 06:00:00,BLDG-003,datacenter,6.74,6.86,233.3,0.1,0.775,19.8,32.7,0,False
2024-01-02 07:00:00,BLDG-003,datacenter,6.85,6.84,231.7,0.1,0.804,21.0,58.5,0,False
2024-01-02 08:00:00,BLDG-003,datacenter,6.69,6.84,231.0,0.1,0.874,19.5,40.7,0,False
2024-01-02 09:00:00,BLDG-003,datacenter,7.67,7.24,225.7,0.1,0.846,18.8,44.0,0,False
2024-01-02 10:00:00,BLDG-003,datacenter,7.39,7.32,230.8,0.1,0.8,19.2,29.7,1,False
2024-01-02 11:00:00,BLDG-003,datacenter,8.12,7.54,231.0,0.1,0.812,18.0,67.2,1,False
2024-01-02 12:00:00,BLDG-003,datacenter,7.75,8.0,232.2,0.1,0.901,18.6,49.9,2,False
2024-01-02 13:00:00,BLDG-003,datacenter,7.98,8.07,228.5,0.1,0.831,17.8,46.5,2,False
2024-01-02 14:00:00,BLDG-003,datacenter,8.06,8.28,228.1,0.1,0.868,17.5,55.1,2,False
2024-01-02 15:00:00,BLDG-003,datacenter,7.98,8.02,230.5,0.1,0.911,17.8,45.9,2,False
2024-01-02 16:00:00,BLDG-003,datacenter,6.95,7.94,230.5,0.1,0.819,20.4,57.4,2,False
2024-01-02 17:00:00,BLDG-003,datacenter,6.87,7.7,228.6,0.1,0.808,18.3,47.5,1,False
2024-01-02 18:00:00,BLDG-003,datacenter,7.4,7.46,229.9,0.1,0.835,19.4,44.3,1,False
2024-01-02 19:00:00,BLDG-003,datacenter,6.8,7.31,229.9,0.1,0.871,18.5,35.9,0,False
2024-01-02 20:00:00,BLDG-003,datacenter,7.24,6.64,227.8,0.1,0.866,17.7,44.5,0,False
2024-01-02 21:00:00,BLDG-003,datacenter,13.77,12.71,228.8,0.1,0.864,17.5,61.1,0,True
2024-01-02 22:00:00,BLDG-003,datacenter,7.25,7.04,227.9,0.1,0.866,18.1,44.1,0,False
2024-01-02 23:00:00,BLDG-003,datacenter,6.91,6.87,231.2,0.1,0.851,18.6,62.0,0,False
2024-01-02 00:00:00,BLDG-004,warehouse,0.84,0.79,231.5,0.1,0.914,16.3,43.6,0,False
2024-01-02 01:00:00,BLDG-004,warehouse,1.38,1.49,230.7,0.1,0.819,15.7,53.2,0,True
2024-01-02 02:00:00,BLDG-004,warehouse,0.85,0.83,233.1,0.1,0.884,10.6,57.0,0,False
2024-01-02 03:00:00,BLDG-004,warehouse,0.82,0.83,231.6,0.1,0.889,14.8,57.2,0,False
2024-01-02 04:00:00,BLDG-004,warehouse,0.8,0.8,232.4,0.1,0.827,14.3,41.1,0,False
2024-01-02 05:00:00,BLDG-004,warehouse,0.8,0.83,229.5,0.1,0.854,14.6,41.8,0,False
2024-01-02 06:00:00,BLDG-004,warehouse,0.82,0.81,233.2,0.1,0.8,15.8,55.7,0,False
2024-01-02 07:00:00,BLDG-004,warehouse,0.85,0.83,229.0,0.1,0.868,15.7,39.2,0,False
2024-01-02 08:00:00,BLDG-004,warehouse,0.79,0.81,231.2,0.1,0.805,17.1,49.6,0,False
2024-01-02 09:00:00,BLDG-004,warehouse,0.78,0.84,228.1,0.1,0.781,16.4,61.8,0,False
2024-01-02 10:00:00,BLDG-004,warehouse,0.86,0.84,229.2,0.1,0.815,10.6,20.0,1,False
2024-01-02 11:00:00,BLDG-004,warehouse,0.82,0.87,232.9,0.1,0.857,14.1,41.5,2,False
2024-01-02 12:00:00,BLDG-004,warehouse,0.86,0.87,228.1,0.1,0.797,11.1,40.2,2,False
2024-01-02 13:00:00,BLDG-004,warehouse,0.9,0.88,234.1,0.1,0.795,14.7,46.1,2,False
2024-01-02 14:00:00,BLDG-004,warehouse,0.88,0.9,232.3,0.1,0.877,17.5,49.1,3,False
2024-01-02 15:00:00,BLDG-004,warehouse,0.87,0.85,231.2,0.1,0.796,13.8,61.3,2,False
2024-01-02 16:00:00,BLDG-004,warehouse,0.88,0.89,232.0,0.1,0.862,17.9,31.6,2,False
2024-01-02 17:00:00,BLDG-004,warehouse,0.88,0.83,229.6,0.1,0.883,18.3,42.4,2,False
2024-01-02 18:00:00,BLDG-004,warehouse,0.83,0.84,230.1,0.1,0.849,17.9,53.4,1,False
2024-01-02 19:00:00,BLDG-004,warehouse,0.81,0.84,231.6,0.1,0.873,18.2,48.8,0,False
2024-01-02 20:00:00,BLDG-004,warehouse,0.78,0.82,227.4,0.1,0.913,14.1,37.0,0,False
2024-01-02 21:00:00,BLDG-004,warehouse,0.73,0.81,228.2,0.1,0.824,14.5,37.7,0,False
2024-01-02 22:00:00,BLDG-004,warehouse,0.78,0.8,227.7,0.1,0.852,16.9,65.2,0,False
2024-01-02 23:00:00,BLDG-004,warehouse,0.74,0.79,232.6,0.1,0.859,14.8,41.8,0,False
2024-01-02 00:00:00,BLDG-005,common_area,0.84,0.79,230.7,0.1,0.797,14.9,35.8,1,False
2024-01-02 01:00:00,BLDG-005,common_area,0.85,0.81,228.5,0.1,0.878,15.6,44.3,1,False
2024-01-02 02:00:00,BLDG-005,common_area,0.82,0.8,230.6,0.1,0.784,17.2,52.4,1,False
2024-01-02 03:00:00,BLDG-005,common_area,0.78,0.77,230.3,0.1,0.932,15.5,49.2,1,False
2024-01-02 04:00:00,BLDG-005,common_area,0.76,0.83,233.2,0.1,0.871,15.8,40.1,1,False
2024-01-02 05:00:00,BLDG-005,common_area,0.81,0.81,228.0,0.1,0.82,14.3,49.3,1,False
2024-01-02 06:00:00,BLDG-005,common_area,0.86,0.79,229.6,0.1,0.864,16.5,41.2,1,False
2024-01-02 07:00:00,BLDG-005,common_area,0.76,0.79,227.4,0.1,0.799,14.8,59.1,1,False
2024-01-02 08:00:00,BLDG-005,common_area,0.0,0.0,231.4,0.1,0.876,14.5,52.4,1,True
2024-01-02 09:00:00,BLDG-005,common_area,0.09,0.08,234.1,0.1,0.962,13.4,65.9,5,True
2024-01-02 10:00:00,BLDG-005,common_area,0.79,0.87,231.5,0.1,0.817,15.3,33.0,10,False
2024-01-02 11:00:00,BLDG-005,common_area,0.83,0.9,234.5,0.1,0.89,11.7,40.0,14,False
2024-01-02 12:00:00,BLDG-005,common_area,1.0,0.93,228.4,0.1,0.936,14.8,39.9,17,False
2024-01-02 13:00:00,BLDG-005,common_area,0.93,0.91,229.8,0.1,0.827,17.9,42.3,20,False
2024-01-02 14:00:00,BLDG-005,common_area,0.89,0.94,231.5,0.1,0.84,11.5,54.1,20,False
2024-01-02 15:00:00,BLDG-005,common_area,1.65,1.65,229.9,0.1,0.815,12.2,44.2,20,True
2024-01-02 16:00:00,BLDG-005,common_area,0.87,0.9,229.6,0.1,0.904,13.8,49.8,17,False
2024-01-02 17:00:00,BLDG-005,common_area,1.01,0.89,231.3,0.1,0.812,14.4,37.0,14,False
2024-01-02 18:00:00,BLDG-005,common_area,0.86,0.88,229.2,0.1,0.781,11.3,53.3,10,False
2024-01-02 19:00:00,BLDG-005,common_area,0.82,0.8,231.8,0.1,0.857,18.2,54.0,5,False
2024-01-02 20:00:00,BLDG-005,common_area,0.77,0.77,228.2,0.1,0.926,14.0,50.1,1,False
2024-01-02 21:00:00,BLDG-005,common_area,0.79,0.78,232.8,0.1,0.851,16.4,47.3,1,False
2024-01-02 22:00:00,BLDG-005,common_area,0.82,0.81,230.1,0.1,0.765,13.7,71.8,1,False
2024-01-02 23:00:00,BLDG-005,common_area,0.78,0.8,227.9,0.1,0.807,16.9,49.3,1,False
2024-01-03 00:00:00,BLDG-001,office,4.0,4.14,232.2,0.1,0.78,15.9,35.7,9,False
2024-01-03 01:00:00,BLDG-001,office,3.71,4.13,230.5,0.1,0.846,16.2,21.1,9,False
2024-01-03 02:00:00,BLDG-001,office,4.25,4.07,229.7,0.1,0.733,15.7,49.4,9,False
2024-01-03 03:00:00,BLDG-001,office,4.43,4.17,232.4,0.1,0.908,13.1,46.4,9,False
2024-01-03 04:00:00,BLDG-001,office,4.16,4.19,226.5,0.1,0.808,14.1,34.0,9,False
2024-01-03 05:00:00,BLDG-001,office,4.15,4.04,227.1,0.1,0.789,15.0,46.6,9,False
2024-01-03 06:00:00,BLDG-001,office,3.93,4.18,235.3,0.1,0.824,13.6,40.7,9,False
2024-01-03 07:00:00,BLDG-001,office,4.37,4.08,231.1,0.1,0.854,16.3,39.9,9,False
2024-01-03 08:00:00,BLDG-001,office,4.22,4.06,229.0,0.1,0.886,16.7,34.5,9,False
2024-01-03 09:00:00,BLDG-001,office,4.42,4.86,229.4,0.1,0.846,16.0,47.7,49,False
2024-01-03 10:00:00,BLDG-001,office,5.77,5.49,228.8,0.1,0.816,15.2,41.4,96,False
2024-01-03 11:00:00,BLDG-001,office,6.44,5.75,230.1,0.1,0.932,14.8,25.8,136,False
2024-01-03 12:00:00,BLDG-001,office,5.7,6.52,231.5,0.1,0.918,13.3,43.9,167,False
2024-01-03 13:00:00,BLDG-001,office,6.84,6.73,233.4,0.1,0.92,13.0,37.1,186,False
2024-01-03 14:00:00,BLDG-001,office,6.91,6.72,230.2,0.1,0.921,17.6,39.7,193,False
2024-01-03 15:00:00,BLDG-001,office,6.86,6.72,230.3,0.1,0.778,15.4,46.5,186,False
2024-01-03 16:00:00,BLDG-001,office,6.2,6.16,228.1,0.1,0.874,11.3,56.0,167,False
2024-01-03 17:00:00,BLDG-001,office,6.41,5.91,231.6,0.1,0.769,15.9,37.4,136,False
2024-01-03 18:00:00,BLDG-001,office,5.44,5.29,226.8,0.1,0.827,13.6,45.6,96,False
2024-01-03 19:00:00,BLDG-001,office,4.62,4.56,230.5,0.1,0.826,16.2,36.5,50,False
2024-01-03 20:00:00,BLDG-001,office,4.43,4.14,234.1,0.1,0.724,18.6,37.3,9,False
2024-01-03 21:00:00,BLDG-001,office,3.94,4.07,230.3,0.1,0.871,12.8,41.8,9,False
2024-01-03 22:00:00,BLDG-001,office,4.27,4.22,228.7,0.1,0.885,16.9,53.8,9,False
2024-01-03 23:00:00,BLDG-001,office,4.2,3.98,229.1,0.1,0.797,15.4,55.6,9,False
2024-01-03 00:00:00,BLDG-002,lab,3.9,3.73,230.8,0.1,0.863,13.8,20.6,0,False
2024-01-03 01:00:00,BLDG-002,lab,3.71,3.78,228.4,0.1,0.853,12.9,55.6,0,False
2024-01-03 02:00:00,BLDG-002,lab,3.85,3.83,229.7,0.1,0.85,16.2,30.6,0,False
2024-01-03 03:00:00,BLDG-002,lab,3.31,3.63,227.2,0.1,0.834,14.2,49.8,0,False
2024-01-03 04:00:00,BLDG-002,lab,3.93,3.73,231.3,0.1,0.772,16.6,48.8,0,False
2024-01-03 05:00:00,BLDG-002,lab,3.57,3.82,227.3,0.1,0.812,15.4,43.5,0,False
2024-01-03 06:00:00,BLDG-002,lab,3.64,3.72,230.1,0.1,0.887,14.0,42.7,0,False
2024-01-03 07:00:00,BLDG-002,lab,3.55,3.8,225.2,0.1,0.851,16.1,44.6,0,False
2024-01-03 08:00:00,BLDG-002,lab,3.52,3.82,231.4,0.1,0.872,15.0,51.7,0,False
2024-01-03 09:00:00,BLDG-002,lab,3.99,3.95,228.5,0.1,0.863,17.0,31.5,3,False
2024-01-03 10:00:00,BLDG-002,lab,4.06,4.04,229.6,0.1,0.77,13.3,44.0,6,False
2024-01-03 11:00:00,BLDG-002,lab,3.82,4.1,229.9,0.1,0.853,14.6,38.5,9,False
2024-01-03 12:00:00,BLDG-002,lab,4.18,4.23,232.6,0.1,0.794,15.5,50.0,11,False
2024-01-03 13:00:00,BLDG-002,lab,4.57,4.22,231.7,0.1,0.838,14.5,26.6,12,False
2024-01-03 14:00:00,BLDG-002,lab,4.27,4.36,228.3,0.1,0.77,15.4,65.2,12,False
2024-01-03 15:00:00,BLDG-002,lab,4.32,4.4,228.8,0.1,0.755,13.9,44.2,12,False
2024-01-03 16:00:00,BLDG-002,lab,3.96,4.24,229.1,0.1,0.77,15.9,65.2,11,False
2024-01-03 17:00:00,BLDG-002,lab,3.87,4.17,230.1,0.1,0.821,15.1,50.7,9,False
2024-01-03 18:00:00,BLDG-002,lab,3.9,4.06,233.6,0.1,0.886,12.4,35.4,6,False
2024-01-03 19:00:00,BLDG-002,lab,3.96,3.87,233.1,0.1,0.84,16.3,32.3,3,False
2024-01-03 20:00:00,BLDG-002,lab,3.9,3.7,229.1,0.1,0.828,14.9,66.0,0,False
2024-01-03 21:00:00,BLDG-002,lab,3.69,3.68,226.9,0.1,0.77,15.5,46.5,0,False
2024-01-03 22:00:00,BLDG-002,lab,3.39,3.81,228.6,0.1,0.751,16.8,32.9,0,False
2024-01-03 23:00:00,BLDG-002,lab,3.87,3.62,230.1,0.1,0.841,11.9,64.8,0,False
2024-01-03 00:00:00,BLDG-003,datacenter,9.89,9.36,229.6,0.1,0.921,16.9,30.8,0,False
2024-01-03 01:00:00,BLDG-003,datacenter,9.55,9.59,226.7,0.1,0.834,15.2,35.7,0,False
2024-01-03 02:00:00,BLDG-003,datacenter,9.02,9.43,231.8,0.1,0.903,17.0,20.0,0,False
2024-01-03 03:00:00,BLDG-003,datacenter,10.04,9.52,229.6,0.1,0.74,22.8,53.6,0,False
2024-01-03 04:00:00,BLDG-003,datacenter,10.1,9.29,228.8,0.1,0.849,17.6,39.1,0,False
2024-01-03 05:00:00,BLDG-003,datacenter,8.99,9.25,233.6,0.1,0.92,16.3,35.8,0,False
2024-01-03 06:00:00,BLDG-003,datacenter,8.8,9.36,230.5,0.1,0.832,15.9,60.0,0,False
2024-01-03 07:00:00,BLDG-003,datacenter,9.21,9.48,226.5,0.1,0.78,13.5,42.1,0,False
2024-01-03 08:00:00,BLDG-003,datacenter,9.01,9.51,232.9,0.1,0.808,19.1,44.5,0,False
2024-01-03 09:00:00,BLDG-003,datacenter,10.32,10.04,230.4,0.1,0.847,19.3,33.9,1,False
2024-01-03 10:00:00,BLDG-003,datacenter,11.01,10.75,228.6,0.1,0.756,19.0,57.9,2,False
2024-01-03 11:00:00,BLDG-003,datacenter,9.54,11.39,230.6,0.1,0.912,18.1,74.2,3,False
2024-01-03 12:00:00,BLDG-003,datacenter,13.35,12.44,226.4,0.1,0.798,17.9,46.9,4,False
2024-01-03 13:00:00,BLDG-003,datacenter,12.43,11.92,232.0,0.1,0.918,17.6,40.3,4,False
2024-01-03 14:00:00,BLDG-003,datacenter,11.56,12.56,229.2,0.1,0.847,17.5,41.3,4,False
2024-01-03 15:00:00,BLDG-003,datacenter,11.5,12.54,229.6,0.1,0.88,16.7,42.7,4,False
2024-01-03 16:00:00,BLDG-003,datacenter,11.67,12.03,229.0,0.1,0.822,18.7,51.7,4,False
2024-01-03 17:00:00,BLDG-003,datacenter,11.87,11.48,229.5,0.1,0.852,15.3,47.4,3,False
2024-01-03 18:00:00,BLDG-003,datacenter,10.9,10.53,230.3,0.1,0.935,18.2,53.0,2,False
2024-01-03 19:00:00,BLDG-003,datacenter,11.16,10.15,227.9,0.1,0.814,17.2,63.7,1,False
2024-01-03 20:00:00,BLDG-003,datacenter,10.42,9.6,228.2,0.1,0.767,22.3,53.6,0,False
2024-01-03 21:00:00,BLDG-003,datacenter,10.28,9.86,228.0,0.1,0.922,18.3,40.0,0,False
2024-01-03 22:00:00,BLDG-003,datacenter,9.48,9.59,231.5,0.1,0.808,19.4,44.7,0,False
2024-01-03 23:00:00,BLDG-003,datacenter,10.44,9.59,229.4,0.1,0.865,12.4,50.8,0,False
2024-01-03 00:00:00,BLDG-004,warehouse,1.57,1.49,231.6,0.1,0.868,16.1,38.0,0,False
2024-01-03 01:00:00,BLDG-004,warehouse,1.39,1.45,228.6,0.1,0.924,13.8,47.4,0,False
2024-01-03 02:00:00,BLDG-004,warehouse,1.48,1.47,227.2,0.1,0.921,16.4,46.5,0,False
2024-01-03 03:00:00,BLDG-004,warehouse,1.58,1.47,229.6,0.1,0.968,13.4,31.2,0,False
2024-01-03 04:00:00,BLDG-004,warehouse,1.53,1.47,234.3,0.1,0.892,13.0,28.8,0,False
2024-01-03 05:00:00,BLDG-004,warehouse,1.31,1.44,231.7,0.1,0.848,15.1,25.8,0,False
2024-01-03 06:00:00,BLDG-004,warehouse,1.51,1.45,230.5,0.1,0.937,13.0,38.0,0,False
2024-01-03 07:00:00,BLDG-004,warehouse,1.42,1.48,230.7,0.1,0.898,14.3,38.9,0,False
2024-01-03 08:00:00,BLDG-004,warehouse,1.46,1.41,225.7,0.1,0.902,14.1,38.3,0,False
2024-01-03 09:00:00,BLDG-004,warehouse,1.63,1.55,230.7,0.1,0.739,14.5,36.5,3,False
2024-01-03 10:00:00,BLDG-004,warehouse,1.55,1.67,230.8,0.1,0.859,15.3,41.1,7,False
2024-01-03 11:00:00,BLDG-004,warehouse,1.91,1.78,228.1,0.1,0.804,14.2,42.0,10,False
2024-01-03 12:00:00,BLDG-004,warehouse,1.85,1.91,229.4,0.1,0.811,14.4,46.1,12,False
2024-01-03 13:00:00,BLDG-004,warehouse,1.75,1.84,228.9,0.1,0.954,11.8,26.2,14,False
2024-01-03 14:00:00,BLDG-004,warehouse,2.01,1.95,230.0,0.1,0.901,14.5,50.5,14,False
2024-01-03 15:00:00,BLDG-004,warehouse,2.1,1.86,230.5,0.1,0.83,13.0,51.5,14,False
2024-01-03 16:00:00,BLDG-004,warehouse,1.83,1.85,224.6,0.1,0.848,13.5,65.3,12,False
2024-01-03 17:00:00,BLDG-004,warehouse,1.85,1.78,233.5,0.1,0.869,14.9,57.2,10,False
2024-01-03 18:00:00,BLDG-004,warehouse,1.65,1.72,230.7,0.1,0.845,17.0,43.2,7,False
2024-01-03 19:00:00,BLDG-004,warehouse,1.5,1.55,230.1,0.1,0.738,13.8,47.1,3,False
2024-01-03 20:00:00,BLDG-004,warehouse,1.43,1.49,227.8,0.1,0.787,12.1,43.1,0,False
2024-01-03 21:00:00,BLDG-004,warehouse,1.41,1.48,232.5,0.1,0.793,14.6,44.9,0,False
2024-01-03 22:00:00,BLDG-004,warehouse,1.47,1.5,232.8,0.1,0.888,16.2,33.6,0,False
2024-01-03 23:00:00,BLDG-004,warehouse,1.46,1.49,231.4,0.1,0.826,15.6,49.6,0,False
2024-01-03 00:00:00,BLDG-005,common_area,0.57,0.64,231.1,0.1,0.929,15.5,37.5,0,False
2024-01-03 01:00:00,BLDG-005,common_area,0.56,0.63,226.5,0.1,0.789,16.9,53.6,0,False
2024-01-03 02:00:00,BLDG-005,common_area,0.58,0.62,226.4,0.1,0.846,16.1,61.3,0,False
2024-01-03 03:00:00,BLDG-005,common_area,0.69,0.6,231.5,0.1,0.856,11.5,42.1,0,False
2024-01-03 04:00:00,BLDG-005,common_area,0.63,0.62,230.7,0.1,0.883,16.4,38.6,0,False
2024-01-03 05:00:00,BLDG-005,common_area,0.63,0.59,229.5,0.1,0.84,15.9,56.1,0,False
2024-01-03 06:00:00,BLDG-005,common_area,0.6,0.63,230.1,0.1,0.828,18.3,38.3,0,False
2024-01-03 07:00:00,BLDG-005,common_area,0.62,0.62,231.8,0.1,0.902,15.0,43.1,0,False
2024-01-03 08:00:00,BLDG-005,common_area,0.58,0.6,229.4,0.1,0.798,17.2,45.4,0,False
2024-01-03 09:00:00,BLDG-005,common_area,0.06,0.06,230.7,0.1,0.938,18.5,40.1,2,True
2024-01-03 10:00:00,BLDG-005,common_area,0.65,0.61,230.7,0.1,0.881,16.8,39.1,3,False
2024-01-03 11:00:00,BLDG-005,common_area,0.64,0.65,232.3,0.1,0.842,15.0,32.2,5,False
2024-01-03 12:00:00,BLDG-005,common_area,0.68,0.66,228.5,0.1,0.912,18.4,50.6,6,False
2024-01-03 13:00:00,BLDG-005,common_area,0.62,0.66,230.9,0.1,0.917,16.7,50.0,7,False
2024-01-03 14:00:00,BLDG-005,common_area,0.65,0.66,224.9,0.1,0.862,12.7,48.9,8,False
2024-01-03 15:00:00,BLDG-005,common_area,0.64,0.63,232.2,0.1,0.843,16.9,47.6,7,False
2024-01-03 16:00:00,BLDG-005,common_area,0.61,0.65,231.3,0.1,0.895,13.7,47.5,6,False
2024-01-03 17:00:00,BLDG-005,common_area,0.67,0.65,229.8,0.1,0.826,15.7,48.1,5,False
2024-01-03 18:00:00,BLDG-005,common_area,0.62,0.62,229.6,0.1,0.825,14.4,42.4,3,False
2024-01-03 19:00:00,BLDG-005,common_area,0.61,0.6,229.1,0.1,0.903,13.0,37.4,2,False
2024-01-03 20:00:00,BLDG-005,common_area,0.59,0.6,229.1,0.1,0.88,13.9,40.9,0,False
2024-01-03 21:00:00,BLDG-005,common_area,0.58,0.59,229.7,0.1,0.864,15.5,34.4,0,False
2024-01-03 22:00:00,BLDG-005,common_area,0.62,0.6,229.8,0.1,0.846,13.3,54.2,0,False
2024-01-03 23:00:00,BLDG-005,common_area,0.6,0.6,225.4,0.1,0.932,17.3,51.8,0,False
2024-01-04 00:00:00,BLDG-001,office,3.56,3.37,227.6,0.1,0.935,14.9,20.0,7,False
2024-01-04 01:00:00,BLDG-001,office,3.11,3.42,229.3,0.1,0.804,18.1,42.3,7,False
2024-01-04 02:00:00,BLDG-001,office,3.4,3.27,229.3,0.1,0.788,16.3,24.0,7,False
2024-01-04 03:00:00,BLDG-001,office,3.5,3.37,227.8,0.1,0.808,13.8,39.6,7,False
2024-01-04 04:00:00,BLDG-001,office,3.42,3.34,230.1,0.1,0.832,13.0,39.7,7,False
2024-01-04 05:00:00,BLDG-001,office,3.56,3.44,230.4,0.1,0.874,12.8,51.8,7,False
2024-01-04 06:00:00,BLDG-001,office,3.3,3.39,230.6,0.1,0.918,16.4,43.6,7,False
2024-01-04 07:00:00,BLDG-001,office,3.16,3.35,228.2,0.1,0.817,15.6,43.1,7,False
2024-01-04 08:00:00,BLDG-001,office,3.62,3.34,229.9,0.1,0.947,12.2,56.7,7,False
2024-01-04 09:00:00,BLDG-001,office,3.61,3.69,225.7,0.1,0.861,16.0,84.3,36,False
2024-01-04 10:00:00,BLDG-001,office,4.06,4.01,232.4,0.1,0.772,14.4,47.5,70,False
2024-01-04 11:00:00,BLDG-001,office,4.18,4.34,227.7,0.1,0.913,13.9,48.6,100,False
2024-01-04 12:00:00,BLDG-001,office,4.79,4.51,231.5,0.1,0.818,14.7,60.3,122,False
2024-01-04 13:00:00,BLDG-001,office,4.81,4.75,229.9,0.1,0.863,14.8,47.1,136,False
2024-01-04 14:00:00,BLDG-001,office,4.54,4.94,230.7,0.1,0.802,13.0,54.9,141,False
2024-01-04 15:00:00,BLDG-001,office,5.02,4.71,229.5,0.1,0.83,17.0,40.3,136,False
2024-01-04 16:00:00,BLDG-001,office,4.51,4.51,227.8,0.1,0.847,16.0,28.5,122,False
2024-01-04 17:00:00,BLDG-001,office,4.37,4.48,231.6,0.1,0.926,13.1,62.5,100,False
2024-01-04 18:00:00,BLDG-001,office,4.0,4.1,227.8,0.1,0.825,14.0,36.6,70,False
2024-01-04 19:00:00,BLDG-001,office,3.33,3.71,228.9,0.1,0.864,11.2,44.3,36,False
2024-01-04 20:00:00,BLDG-001,office,3.15,3.34,230.2,0.1,0.836,16.4,53.5,7,False
2024-01-04 21:00:00,BLDG-001,office,3.57,3.37,232.5,0.1,0.864,11.7,35.4,7,False
2024-01-04 22:00:00,BLDG-001,office,0.35,0.33,228.5,0.1,0.779,15.9,46.9,7,True
2024-01-04 23:00:00,BLDG-001,office,3.4,3.42,230.6,0.1,0.834,16.4,52.9,7,False
2024-01-04 00:00:00,BLDG-002,lab,7.49,7.88,230.0,0.1,0.796,15.4,51.4,2,False
2024-01-04 01:00:00,BLDG-002,lab,7.88,7.68,230.8,0.1,0.818,15.6,42.1,2,False
2024-01-04 02:00:00,BLDG-002,lab,7.81,7.89,229.4,0.1,0.925,15.9,37.9,2,False
2024-01-04 03:00:00,BLDG-002,lab,8.11,7.74,228.5,0.1,0.857,12.8,36.8,2,False
2024-01-04 04:00:00,BLDG-002,lab,7.16,7.93,228.6,0.1,0.928,15.1,45.8,2,False
2024-01-04 05:00:00,BLDG-002,lab,7.69,7.87,227.8,0.1,0.757,18.2,41.4,2,False
2024-01-04 06:00:00,BLDG-002,lab,7.08,7.8,228.6,0.1,0.827,15.1,46.0,2,False
2024-01-04 07:00:00,BLDG-002,lab,7.17,7.71,228.7,0.1,0.825,14.9,38.6,2,False
2024-01-04 08:00:00,BLDG-002,lab,7.31,7.61,229.5,0.1,0.792,10.8,48.0,2,False
2024-01-04 09:00:00,BLDG-002,lab,0.0,0.0,232.3,0.1,0.839,16.3,40.3,12,True
2024-01-04 10:00:00,BLDG-002,lab,8.97,9.96,226.4,0.1,0.845,15.8,36.4,24,False
2024-01-04 11:00:00,BLDG-002,lab,11.64,11.23,229.1,0.1,0.833,17.6,55.9,34,False
2024-01-04 12:00:00,BLDG-002,lab,10.95,11.84,230.9,0.1,0.792,14.4,42.0,41,False
2024-01-04 13:00:00,BLDG-002,lab,11.45,11.99,229.6,0.1,0.867,14.3,39.9,46,False
2024-01-04 14:00:00,BLDG-002,lab,12.27,12.54,226.2,0.1,0.854,14.2,44.1,48,False
2024-01-04 15:00:00,BLDG-002,lab,12.17,12.28,229.9,0.1,0.867,13.0,54.3,46,False
2024-01-04 16:00:00,BLDG-002,lab,12.2,11.21,229.8,0.1,0.872,15.9,37.9,41,False
2024-01-04 17:00:00,BLDG-002,lab,10.55,10.5,228.8,0.1,0.811,15.0,38.4,34,False
2024-01-04 18:00:00,BLDG-002,lab,9.42,9.61,227.5,0.1,0.916,15.6,38.9,24,False
2024-01-04 19:00:00,BLDG-002,lab,8.97,8.63,227.3,0.1,0.807,18.1,36.4,12,False
2024-01-04 20:00:00,BLDG-002,lab,7.25,7.88,228.0,0.1,0.777,14.0,54.8,2,False
2024-01-04 21:00:00,BLDG-002,lab,7.96,7.7,232.4,0.1,0.815,17.8,33.6,2,False
2024-01-04 22:00:00,BLDG-002,lab,8.1,8.04,229.2,0.1,0.964,13.8,29.6,2,False
2024-01-04 23:00:00,BLDG-002,lab,7.03,7.94,230.4,0.1,0.877,17.9,48.0,2,False
2024-01-04 00:00:00,BLDG-003,datacenter,11.52,11.25,227.2,0.1,0.909,19.3,49.6,0,False
2024-01-04 01:00:00,BLDG-003,datacenter,12.4,11.6,229.4,0.1,0.847,20.3,32.3,0,False
2024-01-04 02:00:00,BLDG-003,datacenter,12.08,11.34,229.3,0.1,0.817,18.7,29.1,0,False
2024-01-04 03:00:00,BLDG-003,datacenter,12.62,11.65,229.4,0.1,0.869,21.1,44.0,0,False
2024-01-04 04:00:00,BLDG-003,datacenter,11.6,12.05,232.3,0.1,0.913,17.2,33.3,0,False
2024-01-04 05:00:00,BLDG-003,datacenter,11.82,11.8,225.8,0.1,0.866,18.3,43.7,0,False
2024-01-04 06:00:00,BLDG-003,datacenter,12.15,11.8,231.7,0.1,0.915,21.7,53.4,0,False
2024-01-04 07:00:00,BLDG-003,datacenter,11.17,11.58,231.1,0.1,0.797,18.2,42.9,0,False
2024-01-04 08:00:00,BLDG-003,datacenter,11.75,11.58,229.9,0.1,0.749,18.0,47.9,0,False
2024-01-04 09:00:00,BLDG-003,datacenter,13.25,12.92,229.3,0.1,0.859,18.2,54.2,1,False
2024-01-04 10:00:00,BLDG-003,datacenter,15.14,13.74,229.1,0.1,0.81,17.6,25.4,3,False
2024-01-04 11:00:00,BLDG-003,datacenter,14.86,15.12,226.0,0.1,0.903,16.0,59.2,5,False
2024-01-04 12:00:00,BLDG-003,datacenter,15.38,16.12,226.8,0.1,0.834,20.7,51.8,6,False
2024-01-04 13:00:00,BLDG-003,datacenter,17.45,16.52,226.1,0.1,0.885,18.6,30.0,6,False
2024-01-04 14:00:00,BLDG-003,datacenter,15.91,16.37,231.8,0.1,0.901,18.9,44.8,7,False
2024-01-04 15:00:00,BLDG-003,datacenter,16.91,16.52,229.7,0.1,0.888,16.7,29.7,6,False
2024-01-04 16:00:00,BLDG-003,datacenter,15.24,16.15,230.1,0.1,0.815,20.3,45.5,6,False
2024-01-04 17:00:00,BLDG-003,datacenter,15.69,15.0,231.7,0.1,0.867,18.4,50.0,5,False
2024-01-04 18:00:00,BLDG-003,datacenter,14.62,13.46,228.7,0.1,0.759,19.9,43.6,3,False
2024-01-04 19:00:00,BLDG-003,datacenter,13.61,12.51,230.0,0.1,0.903,21.0,59.8,1,False
2024-01-04 20:00:00,BLDG-003,datacenter,11.07,11.11,233.2,0.1,0.835,17.3,39.3,0,False
2024-01-04 21:00:00,BLDG-003,datacenter,11.19,11.44,229.0,0.1,0.854,21.0,54.1,0,False
2024-01-04 22:00:00,BLDG-003,datacenter,11.57,11.54,228.3,0.1,0.949,18.7,34.1,0,False
2024-01-04 23:00:00,BLDG-003,datacenter,11.8,11.67,232.0,0.1,0.897,19.0,68.6,0,False
2024-01-04 00:00:00,BLDG-004,warehouse,1.66,1.79,232.1,0.1,0.838,16.4,35.3,1,False
2024-01-04 01:00:00,BLDG-004,warehouse,1.74,1.75,226.8,0.1,0.872,10.0,35.2,1,False
2024-01-04 02:00:00,BLDG-004,warehouse,1.83,1.77,226.9,0.1,0.868,12.1,56.9,1,False
2024-01-04 03:00:00,BLDG-004,warehouse,1.65,1.78,227.3,0.1,0.861,14.1,49.7,1,False
2024-01-04 04:00:00,BLDG-004,warehouse,1.73,1.76,228.5,0.1,0.728,12.0,43.9,1,False
2024-01-04 05:00:00,BLDG-004,warehouse,1.8,1.79,229.3,0.1,0.878,16.6,39.9,1,False
2024-01-04 06:00:00,BLDG-004,warehouse,1.92,1.74,228.3,0.1,0.767,17.8,41.6,1,False
2024-01-04 07:00:00,BLDG-004,warehouse,1.84,1.78,230.0,0.1,0.829,15.4,45.1,1,False
2024-01-04 08:00:00,BLDG-004,warehouse,1.74,1.78,224.7,0.1,0.896,11.5,24.4,1,False
2024-01-04 09:00:00,BLDG-004,warehouse,1.77,1.99,232.2,0.1,0.896,14.5,40.0,5,False
2024-01-04 10:00:00,BLDG-004,warehouse,2.29,2.13,233.6,0.1,0.832,15.1,45.5,10,False
2024-01-04 11:00:00,BLDG-004,warehouse,2.39,2.33,228.0,0.1,0.875,13.1,47.1,15,False
2024-01-04 12:00:00,BLDG-004,warehouse,2.42,2.53,232.9,0.1,0.827,16.8,46.1,18,False
2024-01-04 13:00:00,BLDG-004,warehouse,2.55,2.66,229.6,0.1,0.922,13.8,53.3,20,False
2024-01-04 14:00:00,BLDG-004,warehouse,2.62,2.46,228.9,0.1,0.902,18.1,38.3,21,False
2024-01-04 15:00:00,BLDG-004,warehouse,2.56,2.46,233.8,0.1,0.8,12.3,35.0,20,False
2024-01-04 16:00:00,BLDG-004,warehouse,2.55,2.54,229.6,0.1,0.887,12.6,38.8,18,False
2024-01-04 17:00:00,BLDG-004,warehouse,2.21,2.32,226.7,0.1,0.845,17.4,36.8,15,False
2024-01-04 18:00:00,BLDG-004,warehouse,2.17,2.1,229.7,0.1,0.879,14.5,46.6,10,False
2024-01-04 19:00:00,BLDG-004,warehouse,1.93,1.93,226.5,0.1,0.866,14.5,38.9,5,False
2024-01-04 20:00:00,BLDG-004,warehouse,1.81,1.75,228.2,0.1,0.832,13.9,31.6,1,False
2024-01-04 21:00:00,BLDG-004,warehouse,1.87,1.8,228.0,0.1,0.776,15.9,57.2,1,False
2024-01-04 22:00:00,BLDG-004,warehouse,1.72,1.75,229.2,0.1,0.825,17.5,65.1,1,False
2024-01-04 23:00:00,BLDG-004,warehouse,1.67,1.81,228.4,0.1,0.897,14.5,45.4,1,False
2024-01-04 00:00:00,BLDG-005,common_area,1.62,1.53,227.8,0.1,0.807,12.6,62.7,3,False
2024-01-04 01:00:00,BLDG-005,common_area,1.58,1.54,230.3,0.1,0.884,15.7,35.8,3,False
2024-01-04 02:00:00,BLDG-005,common_area,1.4,1.51,234.0,0.1,0.859,16.3,29.6,3,False
2024-01-04 03:00:00,BLDG-005,common_area,1.43,1.53,229.7,0.1,0.842,18.9,34.5,3,False
2024-01-04 04:00:00,BLDG-005,common_area,1.46,1.53,228.7,0.1,0.788,18.3,45.1,3,False
2024-01-04 05:00:00,BLDG-005,common_area,1.52,1.55,230.9,0.1,0.903,13.9,49.1,3,False
2024-01-04 06:00:00,BLDG-005,common_area,1.52,1.54,230.3,0.1,0.89,13.8,46.8,3,False
2024-01-04 07:00:00,BLDG-005,common_area,1.48,1.56,230.2,0.1,0.87,15.9,42.6,3,False
2024-01-04 08:00:00,BLDG-005,common_area,1.51,1.57,230.3,0.1,0.812,13.4,41.1,3,False
2024-01-04 09:00:00,BLDG-005,common_area,1.7,1.72,229.7,0.1,0.822,14.2,51.9,17,False
2024-01-04 10:00:00,BLDG-005,common_area,1.85,1.93,232.5,0.1,0.78,17.0,44.4,34,False
2024-01-04 11:00:00,BLDG-005,common_area,2.1,2.13,232.0,0.1,0.935,11.5,52.0,48,False
2024-01-04 12:00:00,BLDG-005,common_area,2.16,2.14,230.9,0.1,0.828,13.4,48.1,60,False
2024-01-04 13:00:00,BLDG-005,common_area,2.21,2.31,229.6,0.1,0.831,16.5,34.6,66,False
2024-01-04 14:00:00,BLDG-005,common_area,2.37,2.37,230.4,0.1,0.832,14.3,39.9,69,False
2024-01-04 15:00:00,BLDG-005,common_area,2.32,2.3,229.7,0.1,0.729,17.2,43.6,66,False
2024-01-04 16:00:00,BLDG-005,common_area,1.97,2.2,230.9,0.1,0.829,13.6,57.2,60,False
2024-01-04 17:00:00,BLDG-005,common_area,2.19,2.09,231.4,0.1,0.982,16.4,73.8,48,False
2024-01-04 18:00:00,BLDG-005,common_area,1.98,1.95,231.2,0.1,0.804,16.5,34.6,34,False
2024-01-04 19:00:00,BLDG-005,common_area,1.81,1.72,229.6,0.1,0.889,15.6,46.7,17,False
2024-01-04 20:00:00,BLDG-005,common_area,1.6,1.51,231.6,0.1,0.845,13.4,53.7,3,False
2024-01-04 21:00:00,BLDG-005,common_area,1.62,1.55,230.9,0.1,0.852,13.9,45.4,3,False
2024-01-04 22:00:00,BLDG-005,common_area,1.59,1.48,231.8,0.1,0.838,16.8,40.8,3,False
2024-01-04 23:00:00,BLDG-005,common_area,1.59,1.53,231.7,0.1,0.858,13.6,43.9,3,False
2024-01-05 00:00:00,BLDG-001,office,2.09,1.99,230.0,0.1,0.814,14.4,34.4,2,False
2024-01-05 01:00:00,BLDG-001,office,1.9,2.02,228.9,0.1,0.806,15.4,58.0,2,False
2024-01-05 02:00:00,BLDG-001,office,1.98,2.01,233.1,0.1,0.818,13.2,36.5,2,False
2024-01-05 03:00:00,BLDG-001,office,1.86,1.95,230.3,0.1,0.876,15.1,25.3,2,False
2024-01-05 04:00:00,BLDG-001,office,2.08,2.05,230.3,0.1,0.839,13.5,40.0,2,False
2024-01-05 05:00:00,BLDG-001,office,1.99,1.99,229.8,0.1,0.791,14.2,47.7,2,False
2024-01-05 06:00:00,BLDG-001,office,2.13,1.98,232.4,0.1,0.831,14.3,47.8,2,False
2024-01-05 07:00:00,BLDG-001,office,2.09,1.99,228.9,0.1,0.779,13.1,41.0,2,False
2024-01-05 08:00:00,BLDG-001,office,1.96,2.05,229.4,0.1,0.811,13.0,56.8,2,False
2024-01-05 09:00:00,BLDG-001,office,2.25,2.12,229.1,0.1,0.778,14.0,49.9,13,False
2024-01-05 10:00:00,BLDG-001,office,2.12,2.19,227.8,0.1,0.857,13.8,39.0,25,False
2024-01-05 11:00:00,BLDG-001,office,2.07,2.21,228.4,0.1,0.839,14.3,37.7,36,False
2024-01-05 12:00:00,BLDG-001,office,2.36,2.24,232.0,0.1,0.927,19.8,40.3,44,False
2024-01-05 13:00:00,BLDG-001,office,2.27,2.26,227.0,0.1,0.91,16.9,47.4,50,False
2024-01-05 14:00:00,BLDG-001,office,2.3,2.25,231.5,0.1,0.843,16.6,48.0,51,False
2024-01-05 15:00:00,BLDG-001,office,2.3,2.21,229.7,0.1,0.892,16.4,50.8,50,False
2024-01-05 16:00:00,BLDG-001,office,2.41,2.27,232.4,0.1,0.858,16.1,52.8,44,False
2024-01-05 17:00:00,BLDG-001,office,2.3,2.2,229.7,0.1,0.803,18.2,41.8,36,False
2024-01-05 18:00:00,BLDG-001,office,2.03,2.18,230.6,0.1,0.817,13.1,43.8,25,False
2024-01-05 19:00:00,BLDG-001,office,2.25,2.07,231.1,0.1,0.847,18.7,47.2,13,False
2024-01-05 20:00:00,BLDG-001,office,1.9,2.0,231.5,0.1,0.859,17.4,49.7,2,False
2024-01-05 21:00:00,BLDG-001,office,1.93,2.04,231.5,0.1,0.869,17.5,31.7,2,False
2024-01-05 22:00:00,BLDG-001,office,2.1,1.98,226.7,0.1,0.908,14.8,53.5,2,False
2024-01-05 23:00:00,BLDG-001,office,1.96,2.02,230.9,0.1,0.786,16.0,36.7,2,False
2024-01-05 00:00:00,BLDG-002,lab,7.02,7.07,233.3,0.1,0.875,16.7,46.3,2,False
2024-01-05 01:00:00,BLDG-002,lab,7.27,7.31,227.8,0.1,0.857,15.3,43.2,2,False
2024-01-05 02:00:00,BLDG-002,lab,6.93,7.18,231.1,0.1,0.878,15.6,35.0,2,False
2024-01-05 03:00:00,BLDG-002,lab,7.26,7.06,231.2,0.1,0.747,11.8,38.4,2,False
2024-01-05 04:00:00,BLDG-002,lab,7.47,7.26,231.7,0.1,0.857,10.2,49.3,2,False
2024-01-05 05:00:00,BLDG-002,lab,7.4,7.14,231.7,0.1,0.802,15.3,46.4,2,False
2024-01-05 06:00:00,BLDG-002,lab,7.23,7.11,229.6,0.1,0.791,17.5,39.3,2,False
2024-01-05 07:00:00,BLDG-002,lab,6.88,7.39,229.7,0.1,0.931,16.4,39.6,2,False
2024-01-05 08:00:00,BLDG-002,lab,7.17,7.23,229.1,0.1,0.755,12.6,48.8,2,False
2024-01-05 09:00:00,BLDG-002,lab,8.72,7.95,229.5,0.1,0.778,14.2,54.1,11,False
2024-01-05 10:00:00,BLDG-002,lab,9.54,8.71,229.4,0.1,0.859,17.1,26.7,21,False
2024-01-05 11:00:00,BLDG-002,lab,9.9,9.92,231.7,0.1,0.818,13.5,39.7,30,False
2024-01-05 12:00:00,BLDG-002,lab,9.97,10.43,230.4,0.1,0.797,13.6,35.5,37,False
2024-01-05 13:00:00,BLDG-002,lab,10.89,10.92,230.8,0.1,0.855,17.1,41.8,41,False
2024-01-05 14:00:00,BLDG-002,lab,10.75,11.1,227.3,0.1,0.801,16.9,53.8,43,False
2024-01-05 15:00:00,BLDG-002,lab,10.62,10.66,233.4,0.1,0.777,14.2,34.6,41,False
2024-01-05 16:00:00,BLDG-002,lab,10.63,10.5,230.0,0.1,0.831,11.8,41.0,37,False
2024-01-05 17:00:00,BLDG-002,lab,10.06,9.9,230.9,0.1,0.805,15.0,39.4,30,False
2024-01-05 18:00:00,BLDG-002,lab,9.6,9.26,229.5,0.1,0.918,14.9,43.4,21,False
2024-01-05 19:00:00,BLDG-002,lab,7.66,8.11,227.5,0.1,0.769,13.5,38.6,11,False
2024-01-05 20:00:00,BLDG-002,lab,6.82,6.93,231.3,0.1,0.899,15.8,47.9,2,False
2024-01-05 21:00:00,BLDG-002,lab,7.78,7.27,226.9,0.1,0.848,13.4,35.0,2,False
2024-01-05 22:00:00,BLDG-002,lab,6.91,7.04,232.9,0.1,0.861,17.1,56.0,2,False
2024-01-05 23:00:00,BLDG-002,lab,6.96,7.27,226.8,0.1,0.847,15.6,41.4,2,False
2024-01-05 00:00:00,BLDG-003,datacenter,15.24,14.42,225.7,0.1,0.939,18.6,51.9,0,False
2024-01-05 01:00:00,BLDG-003,datacenter,14.34,14.87,229.7,0.1,0.871,19.3,48.8,0,False
2024-01-05 02:00:00,BLDG-003,datacenter,14.02,14.68,230.1,0.1,0.872,20.0,33.5,0,False
2024-01-05 03:00:00,BLDG-003,datacenter,14.7,14.35,228.7,0.1,0.825,17.9,38.6,0,False
2024-01-05 04:00:00,BLDG-003,datacenter,15.37,14.13,227.9,0.1,0.856,18.8,43.9,0,False
2024-01-05 05:00:00,BLDG-003,datacenter,14.46,14.6,229.7,0.1,0.832,16.1,46.5,0,False
2024-01-05 06:00:00,BLDG-003,datacenter,15.41,14.5,231.8,0.1,0.847,21.0,54.7,0,False
2024-01-05 07:00:00,BLDG-003,datacenter,14.49,13.83,229.4,0.1,0.932,17.2,56.9,0,False
2024-01-05 08:00:00,BLDG-003,datacenter,13.81,14.79,233.6,0.1,0.777,16.7,56.4,0,False
2024-01-05 09:00:00,BLDG-003,datacenter,15.8,16.34,230.9,0.1,0.912,18.1,40.7,2,False
2024-01-05 10:00:00,BLDG-003,datacenter,17.72,18.71,230.9,0.1,0.824,17.4,39.7,4,False
2024-01-05 11:00:00,BLDG-003,datacenter,20.05,20.39,225.8,0.1,0.905,16.2,50.9,6,False
2024-01-05 12:00:00,BLDG-003,datacenter,21.14,21.56,229.1,0.1,0.911,18.1,47.3,8,False
2024-01-05 13:00:00,BLDG-003,datacenter,22.12,22.48,231.0,0.1,0.845,15.8,60.9,9,False
2024-01-05 14:00:00,BLDG-003,datacenter,23.56,22.23,228.7,0.1,0.905,22.4,64.6,9,False
2024-01-05 15:00:00,BLDG-003,datacenter,22.8,22.97,229.3,0.1,0.832,16.9,41.5,9,False
2024-01-05 16:00:00,BLDG-003,datacenter,22.19,21.48,230.2,0.1,0.856,21.0,57.0,8,False
2024-01-05 17:00:00,BLDG-003,datacenter,20.92,20.28,225.2,0.1,0.838,21.2,36.0,6,False
2024-01-05 18:00:00,BLDG-003,datacenter,16.87,18.18,230.4,0.1,0.774,17.8,50.4,4,False
2024-01-05 19:00:00,BLDG-003,datacenter,16.0,15.96,231.9,0.1,0.897,18.0,42.6,2,False
2024-01-05 20:00:00,BLDG-003,datacenter,13.38,13.8,232.2,0.1,0.783,16.4,36.4,0,False
2024-01-05 21:00:00,BLDG-003,datacenter,14.31,14.25,228.7,0.1,0.885,18.4,43.0,0,False
2024-01-05 22:00:00,BLDG-003,datacenter,15.23,15.13,225.5,0.1,0.941,14.4,62.9,0,False
2024-01-05 23:00:00,BLDG-003,datacenter,14.51,14.92,230.8,0.1,0.847,14.4,40.5,0,False
2024-01-05 00:00:00,BLDG-004,warehouse,1.99,2.22,229.5,0.1,0.87,16.4,47.3,1,False
2024-01-05 01:00:00,BLDG-004,warehouse,2.18,2.2,230.6,0.1,0.872,18.7,54.8,1,False
2024-01-05 02:00:00,BLDG-004,warehouse,2.16,2.22,228.7,0.1,0.763,13.9,34.1,1,False
2024-01-05 03:00:00,BLDG-004,warehouse,2.23,2.19,230.9,0.1,0.903,13.1,44.2,1,False
2024-01-05 04:00:00,BLDG-004,warehouse,2.23,2.22,228.7,0.1,0.82,14.2,38.1,1,False
2024-01-05 05:00:00,BLDG-004,warehouse,2.06,2.27,230.7,0.1,0.867,13.2,54.5,1,False
2024-01-05 06:00:00,BLDG-004,warehouse,2.12,2.17,232.2,0.1,0.874,17.1,36.2,1,False
2024-01-05 07:00:00,BLDG-004,warehouse,2.26,2.19,229.9,0.1,0.827,14.3,63.5,1,False
2024-01-05 08:00:00,BLDG-004,warehouse,2.1,2.11,230.4,0.1,0.863,11.1,41.5,1,False
2024-01-05 09:00:00,BLDG-004,warehouse,2.23,2.56,232.5,0.1,0.896,13.5,41.3,7,False
2024-01-05 10:00:00,BLDG-004,warehouse,2.85,2.81,226.4,0.1,0.861,13.9,39.5,14,False
2024-01-05 11:00:00,BLDG-004,warehouse,3.23,3.14,226.8,0.1,0.909,16.2,24.8,20,False
2024-01-05 12:00:00,BLDG-004,warehouse,3.43,3.45,229.0,0.1,0.907,15.6,57.7,25,False
2024-01-05 13:00:00,BLDG-004,warehouse,3.53,3.56,226.6,0.1,0.92,18.1,50.2,27,False
2024-01-05 14:00:00,BLDG-004,warehouse,3.43,3.45,231.7,0.1,0.855,15.8,48.2,28,False
2024-01-05 15:00:00,BLDG-004,warehouse,3.71,3.53,232.0,0.1,0.872,16.8,31.3,27,False
2024-01-05 16:00:00,BLDG-004,warehouse,3.15,3.36,228.3,0.1,0.848,11.8,49.2,25,False
2024-01-05 17:00:00,BLDG-004,warehouse,3.04,3.05,231.4,0.1,0.806,17.9,50.4,20,False
2024-01-05 18:00:00,BLDG-004,warehouse,2.53,2.77,228.1,0.1,0.771,15.8,42.9,14,False
2024-01-05 19:00:00,BLDG-004,warehouse,2.55,2.52,228.5,0.1,0.874,15.3,48.8,7,False
2024-01-05 20:00:00,BLDG-004,warehouse,2.15,2.18,229.6,0.1,0.829,15.7,48.5,1,False
2024-01-05 21:00:00,BLDG-004,warehouse,2.12,2.28,227.5,0.1,0.871,17.1,59.7,1,False
2024-01-05 22:00:00,BLDG-004,warehouse,2.21,2.19,230.3,0.1,0.875,13.2,52.4,1,False
2024-01-05 23:00:00,BLDG-004,warehouse,2.15,2.22,230.2,0.1,0.782,11.6,25.7,1,False
2024-01-05 00:00:00,BLDG-005,common_area,1.08,1.07,231.3,0.1,0.903,14.9,40.5,1,False
2024-01-05 01:00:00,BLDG-005,common_area,1.04,1.1,232.1,0.1,0.758,14.7,46.9,1,False
2024-01-05 02:00:00,BLDG-005,common_area,1.14,1.09,233.5,0.1,0.839,14.7,51.2,1,False
2024-01-05 03:00:00,BLDG-005,common_area,1.16,1.08,229.6,0.1,0.936,16.3,38.3,1,False
2024-01-05 04:00:00,BLDG-005,common_area,1.07,1.09,227.1,0.1,0.943,15.3,49.0,1,False
2024-01-05 05:00:00,BLDG-005,common_area,1.04,1.08,231.5,0.1,0.753,15.3,38.8,1,False
2024-01-05 06:00:00,BLDG-005,common_area,1.16,1.07,227.8,0.1,0.765,16.4,46.0,1,False
2024-01-05 07:00:00,BLDG-005,common_area,1.07,1.07,226.8,0.1,0.892,14.4,45.8,1,False
2024-01-05 08:00:00,BLDG-005,common_area,1.07,1.05,227.9,0.1,0.895,15.6,54.4,1,False
2024-01-05 09:00:00,BLDG-005,common_area,1.24,1.17,231.0,0.1,0.719,16.3,37.4,10,False
2024-01-05 10:00:00,BLDG-005,common_area,1.18,1.24,228.4,0.1,0.857,13.6,60.1,19,False
2024-01-05 11:00:00,BLDG-005,common_area,1.37,1.31,230.1,0.1,0.857,15.5,50.3,28,False
2024-01-05 12:00:00,BLDG-005,common_area,1.31,1.38,231.4,0.1,0.929,16.4,37.8,34,False
2024-01-05 13:00:00,BLDG-005,common_area,1.43,1.44,229.0,0.1,0.7,15.4,50.8,38,False
2024-01-05 14:00:00,BLDG-005,common_area,1.35,1.43,229.9,0.1,0.822,13.2,44.5,39,False
2024-01-05 15:00:00,BLDG-005,common_area,1.37,1.41,228.1,0.1,0.778,13.9,61.9,38,False
2024-01-05 16:00:00,BLDG-005,common_area,1.37,1.33,228.2,0.1,0.828,15.0,31.2,34,False
2024-01-05 17:00:00,BLDG-005,common_area,1.29,1.34,232.0,0.1,0.882,15.6,38.9,28,False
2024-01-05 18:00:00,BLDG-005,common_area,1.23,1.28,230.6,0.1,0.863,16.6,44.2,19,False
2024-01-05 19:00:00,BLDG-005,common_area,1.17,1.19,232.2,0.1,0.818,13.9,51.1,10,False
2024-01-05 20:00:00,BLDG-005,common_area,0.98,1.11,230.5,0.1,0.862,21.5,53.7,1,False
2024-01-05 21:00:00,BLDG-005,common_area,2.58,2.78,231.0,0.1,0.835,14.8,20.0,1,True
2024-01-05 22:00:00,BLDG-005,common_area,1.09,1.13,229.8,0.1,0.87,13.1,46.3,1,False
2024-01-05 23:00:00,BLDG-005,common_area,1.08,1.07,230.1,0.1,0.885,16.0,50.0,1,False
2024-01-06 00:00:00,BLDG-001,office,1.92,1.77,230.3,0.1,0.807,15.2,56.0,20,False
2024-01-06 01:00:00,BLDG-001,office,1.76,1.8,229.3,0.1,0.817,15.5,36.9,20,False
2024-01-06 02:00:00,BLDG-001,office,1.72,1.8,227.5,0.1,0.884,15.8,35.1,20,False
2024-01-06 03:00:00,BLDG-001,office,1.8,1.8,228.3,0.1,0.863,17.7,45.3,20,False
2024-01-06 04:00:00,BLDG-001,office,1.84,1.78,225.4,0.1,0.849,17.4,34.0,20,False
2024-01-06 05:00:00,BLDG-001,office,1.5,1.77,232.3,0.1,0.745,12.0,49.2,20,False
2024-01-06 06:00:00,BLDG-001,office,1.59,1.77,229.5,0.1,0.844,15.5,43.5,20,False
2024-01-06 07:00:00,BLDG-001,office,1.67,1.78,229.7,0.1,0.942,13.5,24.6,20,False
2024-01-06 08:00:00,BLDG-001,office,1.65,1.75,229.5,0.1,0.813,16.3,59.3,20,False
2024-01-06 09:00:00,BLDG-001,office,1.74,1.73,230.6,0.1,0.871,14.3,53.7,20,False
2024-01-06 10:00:00,BLDG-001,office,1.83,1.77,229.7,0.1,0.808,15.0,44.4,20,False
2024-01-06 11:00:00,BLDG-001,office,1.8,1.72,230.7,0.1,0.914,14.2,46.5,20,False
2024-01-06 12:00:00,BLDG-001,office,1.83,1.8,226.2,0.1,0.827,13.5,58.5,20,False
2024-01-06 13:00:00,BLDG-001,office,1.72,1.77,228.2,0.1,0.879,14.7,59.0,20,False
2024-01-06 14:00:00,BLDG-001,office,1.73,1.8,224.8,0.1,0.877,15.3,56.8,20,False
2024-01-06 15:00:00,BLDG-001,office,1.99,1.75,230.8,0.1,0.863,12.9,36.7,20,False
2024-01-06 16:00:00,BLDG-001,office,1.77,1.72,230.4,0.1,0.857,14.0,75.8,20,False
2024-01-06 17:00:00,BLDG-001,office,1.9,1.76,229.0,0.1,0.766,14.4,42.6,20,False
2024-01-06 18:00:00,BLDG-001,office,1.72,1.81,232.0,0.1,0.807,16.0,51.3,20,False
2024-01-06 19:00:00,BLDG-001,office,1.74,1.79,229.2,0.1,0.841,13.6,47.5,20,False
2024-01-06 20:00:00,BLDG-001,office,1.71,1.74,228.9,0.1,0.797,15.0,28.1,20,False
2024-01-06 21:00:00,BLDG-001,office,1.68,1.76,230.8,0.1,0.777,15.8,40.6,20,False
2024-01-06 22:00:00,BLDG-001,office,1.73,1.74,230.5,0.1,0.824,17.7,53.3,20,False
2024-01-06 23:00:00,BLDG-001,office,1.79,1.76,227.7,0.1,0.9,16.8,48.7,20,False
2024-01-06 00:00:00,BLDG-002,lab,3.31,3.24,231.7,0.1,0.793,15.7,51.5,5,False
2024-01-06 01:00:00,BLDG-002,lab,3.44,3.21,229.7,0.1,0.74,18.1,56.2,5,False
2024-01-06 02:00:00,BLDG-002,lab,3.24,3.28,229.6,0.1,0.869,15.0,42.1,5,False
2024-01-06 03:00:00,BLDG-002,lab,3.2,3.33,229.6,0.1,0.814,18.5,55.4,5,False
2024-01-06 04:00:00,BLDG-002,lab,3.46,3.27,231.0,0.1,0.926,15.7,35.8,5,False
2024-01-06 05:00:00,BLDG-002,lab,3.41,3.28,232.1,0.1,0.875,14.4,34.7,5,False
2024-01-06 06:00:00,BLDG-002,lab,3.43,3.27,229.3,0.1,0.861,14.2,55.3,5,False
2024-01-06 07:00:00,BLDG-002,lab,3.18,3.4,229.8,0.1,0.746,12.1,31.3,5,False
2024-01-06 08:00:00,BLDG-002,lab,3.21,3.37,234.1,0.1,0.804,13.1,46.4,5,False
2024-01-06 09:00:00,BLDG-002,lab,3.34,3.28,230.1,0.1,0.97,10.8,51.8,5,False
2024-01-06 10:00:00,BLDG-002,lab,3.15,3.14,230.6,0.1,0.768,15.1,37.9,5,False
2024-01-06 11:00:00,BLDG-002,lab,3.38,3.18,229.3,0.1,0.786,17.1,49.9,5,False
2024-01-06 12:00:00,BLDG-002,lab,3.27,3.27,230.1,0.1,0.822,15.0,52.9,5,False
2024-01-06 13:00:00,BLDG-002,lab,3.32,3.16,234.1,0.1,0.87,14.9,37.6,5,False
2024-01-06 14:00:00,BLDG-002,lab,2.89,3.19,226.3,0.1,0.851,12.5,49.9,5,False
2024-01-06 15:00:00,BLDG-002,lab,3.46,3.34,231.1,0.1,0.97,19.4,38.1,5,False
2024-01-06 16:00:00,BLDG-002,lab,3.15,3.36,228.3,0.1,0.925,14.0,44.9,5,False
2024-01-06 17:00:00,BLDG-002,lab,3.0,3.37,229.6,0.1,0.868,15.7,42.3,5,False
2024-01-06 18:00:00,BLDG-002,lab,3.24,3.34,230.3,0.1,0.897,14.2,32.3,5,False
2024-01-06 19:00:00,BLDG-002,lab,3.22,3.34,229.6,0.1,0.93,15.0,47.9,5,False
2024-01-06 20:00:00,BLDG-002,lab,3.22,3.19,228.5,0.1,0.929,16.3,60.4,5,False
2024-01-06 21:00:00,BLDG-002,lab,3.31,3.23,230.3,0.1,0.797,16.9,68.2,5,False
2024-01-06 22:00:00,BLDG-002,lab,3.17,3.29,232.4,0.1,0.881,14.4,49.5,5,False
2024-01-06 23:00:00,BLDG-002,lab,3.1,3.29,229.3,0.1,0.794,13.5,45.7,5,False
2024-01-06 00:00:00,BLDG-003,datacenter,6.46,6.2,230.5,0.1,0.87,18.4,34.7,1,False
2024-01-06 01:00:00,BLDG-003,datacenter,6.16,6.17,228.0,0.1,0.833,19.3,44.9,1,False
2024-01-06 02:00:00,BLDG-003,datacenter,6.66,6.07,226.8,0.1,0.781,17.1,42.4,1,False
2024-01-06 03:00:00,BLDG-003,datacenter,6.12,6.06,231.2,0.1,0.809,19.2,51.7,1,False
2024-01-06 04:00:00,BLDG-003,datacenter,6.28,6.25,230.8,0.1,0.771,18.1,49.8,1,False
2024-01-06 05:00:00,BLDG-003,datacenter,6.37,6.09,228.9,0.1,0.819,17.2,55.6,1,False
2024-01-06 06:00:00,BLDG-003,datacenter,6.42,6.16,229.8,0.1,0.887,18.7,67.8,1,False
2024-01-06 07:00:00,BLDG-003,datacenter,5.88,6.14,226.5,0.1,0.808,15.7,45.1,1,False
2024-01-06 08:00:00,BLDG-003,datacenter,6.23,5.89,229.8,0.1,0.89,19.9,40.0,1,False
2024-01-06 09:00:00,BLDG-003,datacenter,6.1,6.02,228.9,0.1,0.863,20.7,35.0,1,False
2024-01-06 10:00:00,BLDG-003,datacenter,5.74,5.91,229.8,0.1,0.861,17.1,43.0,1,False
2024-01-06 11:00:00,BLDG-003,datacenter,6.26,6.26,230.4,0.1,0.819,16.4,20.5,1,False
2024-01-06 12:00:00,BLDG-003,datacenter,6.31,6.07,226.3,0.1,0.901,17.3,36.5,1,False
2024-01-06 13:00:00,BLDG-003,datacenter,6.43,6.17,229.7,0.1,0.972,14.6,57.3,1,False
2024-01-06 14:00:00,BLDG-003,datacenter,5.83,6.15,230.2,0.1,0.841,18.8,48.6,1,False
2024-01-06 15:00:00,BLDG-003,datacenter,6.3,6.04,231.3,0.1,0.734,16.9,48.3,1,False
2024-01-06 16:00:00,BLDG-003,datacenter,7.04,6.01,229.1,0.1,0.88,19.9,63.1,1,False
2024-01-06 17:00:00,BLDG-003,datacenter,6.3,6.19,228.3,0.1,0.87,19.4,42.3,1,False
2024-01-06 18:00:00,BLDG-003,datacenter,6.11,6.04,231.5,0.1,0.899,18.0,39.0,1,False
2024-01-06 19:00:00,BLDG-003,datacenter,5.66,6.18,231.3,0.1,0.891,16.9,38.2,1,False
2024-01-06 20:00:00,BLDG-003,datacenter,5.89,6.0,229.2,0.1,0.769,22.0,57.5,1,False
2024-01-06 21:00:00,BLDG-003,datacenter,5.9,6.05,232.3,0.1,0.873,17.3,36.3,1,False
2024-01-06 22:00:00,BLDG-003,datacenter,5.73,6.23,232.6,0.1,0.79,19.4,40.9,1,False
2024-01-06 23:00:00,BLDG-003,datacenter,6.38,6.22,225.8,0.1,0.796,18.6,58.6,1,False
2024-01-06 00:00:00,BLDG-004,warehouse,0.98,0.92,231.2,0.1,0.816,17.8,41.1,3,False
2024-01-06 01:00:00,BLDG-004,warehouse,0.84,0.93,231.5,0.1,0.864,14.6,41.9,3,False
2024-01-06 02:00:00,BLDG-004,warehouse,0.94,0.93,228.4,0.1,0.775,14.3,54.7,3,False
2024-01-06 03:00:00,BLDG-004,warehouse,0.89,0.92,232.5,0.1,0.859,13.7,42.4,3,False
2024-01-06 04:00:00,BLDG-004,warehouse,0.92,0.95,228.0,0.1,0.883,15.2,46.8,3,False
2024-01-06 05:00:00,BLDG-004,warehouse,0.88,0.93,230.0,0.1,0.861,16.0,27.5,3,False
2024-01-06 06:00:00,BLDG-004,warehouse,0.99,0.93,228.0,0.1,0.835,14.4,54.1,3,False
2024-01-06 07:00:00,BLDG-004,warehouse,0.9,0.92,231.5,0.1,0.871,11.6,39.4,3,False
2024-01-06 08:00:00,BLDG-004,warehouse,0.94,0.93,229.7,0.1,0.881,7.8,56.4,3,False
2024-01-06 09:00:00,BLDG-004,warehouse,0.89,0.93,232.3,0.1,0.895,11.7,36.0,3,False
2024-01-06 10:00:00,BLDG-004,warehouse,0.9,0.92,228.6,0.1,0.838,14.3,20.8,3,False
2024-01-06 11:00:00,BLDG-004,warehouse,0.87,0.92,233.2,0.1,0.794,12.8,44.3,3,False
2024-01-06 12:00:00,BLDG-004,warehouse,0.92,0.96,230.9,0.1,0.824,16.1,51.6,3,False
2024-01-06 13:00:00,BLDG-004,warehouse,0.88,0.94,230.0,0.1,0.774,12.3,23.2,3,False
2024-01-06 14:00:00,BLDG-004,warehouse,0.98,0.9,230.9,0.1,0.819,15.4,45.6,3,False
2024-01-06 15:00:00,BLDG-004,warehouse,0.89,0.91,229.2,0.1,0.855,13.3,45.1,3,False
2024-01-06 16:00:00,BLDG-004,warehouse,0.97,0.92,227.3,0.1,0.879,13.7,53.8,3,False
2024-01-06 17:00:00,BLDG-004,warehouse,0.89,0.92,226.0,0.1,0.791,15.1,33.1,3,False
2024-01-06 18:00:00,BLDG-004,warehouse,0.92,0.88,227.1,0.1,0.784,16.6,49.2,3,False
2024-01-06 19:00:00,BLDG-004,warehouse,0.95,0.94,229.9,0.1,0.818,13.3,39.6,3,False
2024-01-06 20:00:00,BLDG-004,warehouse,0.94,0.94,231.4,0.1,0.95,17.3,44.0,3,False
2024-01-06 21:00:00,BLDG-004,warehouse,0.91,0.95,232.8,0.1,0.836,12.9,43.0,3,False
2024-01-06 22:00:00,BLDG-004,warehouse,0.84,0.92,230.0,0.1,0.898,13.8,48.9,3,False
2024-01-06 23:00:00,BLDG-004,warehouse,0.97,0.96,230.8,0.1,0.825,14.7,61.4,3,False
2024-01-06 00:00:00,BLDG-005,common_area,0.0,0.0,226.7,0.1,0.858,10.3,62.4,8,True
2024-01-06 01:00:00,BLDG-005,common_area,0.65,0.68,232.2,0.1,0.9,14.1,52.8,8,False
2024-01-06 02:00:00,BLDG-005,common_area,0.63,0.66,230.8,0.1,0.94,15.1,31.5,8,False
2024-01-06 03:00:00,BLDG-005,common_area,0.64,0.67,232.4,0.1,0.87,17.7,34.6,8,False
2024-01-06 04:00:00,BLDG-005,common_area,0.67,0.69,233.6,0.1,0.823,16.3,34.2,8,False
2024-01-06 05:00:00,BLDG-005,common_area,0.73,0.67,233.1,0.1,0.827,15.6,38.2,8,False
2024-01-06 06:00:00,BLDG-005,common_area,0.73,0.69,229.5,0.1,0.807,17.2,49.3,8,False
2024-01-06 07:00:00,BLDG-005,common_area,0.7,0.68,229.4,0.1,0.783,17.2,43.6,8,False
2024-01-06 08:00:00,BLDG-005,common_area,0.66,0.69,230.3,0.1,0.861,14.0,51.4,8,False
2024-01-06 09:00:00,BLDG-005,common_area,0.7,0.7,229.6,0.1,0.756,14.4,27.6,8,False
2024-01-06 10:00:00,BLDG-005,common_area,0.75,0.66,228.1,0.1,0.95,13.1,25.1,8,False
2024-01-06 11:00:00,BLDG-005,common_area,0.66,0.68,229.8,0.1,0.851,16.3,39.1,8,False
2024-01-06 12:00:00,BLDG-005,common_area,0.67,0.68,228.8,0.1,0.758,14.3,45.8,8,False
2024-01-06 13:00:00,BLDG-005,common_area,0.66,0.68,230.4,0.1,0.929,14.8,43.1,8,False
2024-01-06 14:00:00,BLDG-005,common_area,0.69,0.69,229.7,0.1,0.868,19.1,42.6,8,False
2024-01-06 15:00:00,BLDG-005,common_area,0.67,0.68,229.0,0.1,0.79,15.5,41.2,8,False
2024-01-06 16:00:00,BLDG-005,common_area,0.69,0.7,230.2,0.1,0.848,13.5,50.3,8,False
2024-01-06 17:00:00,BLDG-005,common_area,0.66,0.7,235.2,0.1,0.909,20.1,34.9,8,False
2024-01-06 18:00:00,BLDG-005,common_area,0.73,0.7,230.0,0.1,0.839,14.0,32.9,8,False
2024-01-06 19:00:00,BLDG-005,common_area,0.7,0.68,232.5,0.1,0.855,13.2,55.1,8,False
2024-01-06 20:00:00,BLDG-005,common_area,0.58,0.68,233.1,0.1,0.869,13.9,49.9,8,False
2024-01-06 21:00:00,BLDG-005,common_area,0.67,0.69,228.9,0.1,0.836,15.2,48.1,8,False
2024-01-06 22:00:00,BLDG-005,common_area,0.62,0.67,229.7,0.1,0.721,11.0,42.1,8,False
2024-01-06 23:00:00,BLDG-005,common_area,0.67,0.69,231.6,0.1,0.856,13.3,37.6,8,False
2024-01-07 00:00:00,BLDG-001,office,1.77,1.75,229.5,0.1,0.707,14.1,40.4,20,False
2024-01-07 01:00:00,BLDG-001,office,1.83,1.69,230.4,0.1,0.837,14.9,49.3,20,False
2024-01-07 02:00:00,BLDG-001,office,1.71,1.74,226.2,0.1,0.812,15.2,37.2,20,False
2024-01-07 03:00:00,BLDG-001,office,1.78,1.67,229.3,0.1,0.875,18.2,53.3,20,False
2024-01-07 04:00:00,BLDG-001,office,1.7,1.68,227.5,0.1,0.818,11.2,31.7,20,False
2024-01-07 05:00:00,BLDG-001,office,1.84,1.73,228.9,0.1,0.805,14.4,46.7,20,False
2024-01-07 06:00:00,BLDG-001,office,1.53,1.63,228.4,0.1,0.829,15.3,58.0,20,False
2024-01-07 07:00:00,BLDG-001,office,1.71,1.63,231.4,0.1,0.877,15.4,39.4,20,False
2024-01-07 08:00:00,BLDG-001,office,1.72,1.73,230.5,0.1,0.876,17.4,36.1,20,False
2024-01-07 09:00:00,BLDG-001,office,1.58,1.7,229.6,0.1,0.942,12.8,41.9,20,False
2024-01-07 10:00:00,BLDG-001,office,1.64,1.73,230.2,0.1,0.832,13.5,41.4,20,False
2024-01-07 11:00:00,BLDG-001,office,1.74,1.65,229.1,0.1,0.888,12.6,52.2,20,False
2024-01-07 12:00:00,BLDG-001,office,1.83,1.77,230.1,0.1,0.826,17.1,34.7,20,False
2024-01-07 13:00:00,BLDG-001,office,1.68,1.75,232.1,0.1,0.924,15.4,39.7,20,False
2024-01-07 14:00:00,BLDG-001,office,1.78,1.74,228.4,0.1,0.793,18.2,51.2,20,False
2024-01-07 15:00:00,BLDG-001,office,1.63,1.7,232.3,0.1,0.818,11.2,46.8,20,False
2024-01-07 16:00:00,BLDG-001,office,1.61,1.67,229.1,0.1,0.891,12.8,45.2,20,False
2024-01-07 17:00:00,BLDG-001,office,1.87,1.71,232.3,0.1,0.89,17.6,36.1,20,False
2024-01-07 18:00:00,BLDG-001,office,1.73,1.66,233.3,0.1,0.837,15.4,54.3,20,False
2024-01-07 19:00:00,BLDG-001,office,1.58,1.72,223.4,0.1,0.981,10.8,44.5,20,False
2024-01-07 20:00:00,BLDG-001,office,1.69,1.67,230.5,0.1,0.904,12.7,40.8,20,False
2024-01-07 21:00:00,BLDG-001,office,1.76,1.71,228.2,0.1,0.838,13.1,49.1,20,False
2024-01-07 22:00:00,BLDG-001,office,1.85,1.71,228.0,0.1,0.836,12.4,48.8,20,False
2024-01-07 23:00:00,BLDG-001,office,1.73,1.69,233.0,0.1,0.873,13.7,50.1,20,False
2024-01-07 00:00:00,BLDG-002,lab,3.26,3.34,229.9,0.1,0.836,13.9,48.5,5,False
2024-01-07 01:00:00,BLDG-002,lab,3.46,3.29,231.8,0.1,0.855,16.0,53.7,5,False
2024-01-07 02:00:00,BLDG-002,lab,3.07,3.21,230.1,0.1,0.89,15.9,46.4,5,False
2024-01-07 03:00:00,BLDG-002,lab,0.31,0.32,229.2,0.1,0.705,18.3,36.0,5,True
2024-01-07 04:00:00,BLDG-002,lab,3.3,3.31,229.8,0.1,0.767,12.9,55.9,5,False
2024-01-07 05:00:00,BLDG-002,lab,3.31,3.32,227.8,0.1,0.858,16.3,45.8,5,False
2024-01-07 06:00:00,BLDG-002,lab,3.44,3.17,230.5,0.1,0.822,16.7,52.5,5,False
2024-01-07 07:00:00,BLDG-002,lab,3.17,3.29,225.4,0.1,0.872,17.5,29.2,5,False
2024-01-07 08:00:00,BLDG-002,lab,3.62,3.32,229.3,0.1,0.835,14.2,57.4,5,False
2024-01-07 09:00:00,BLDG-002,lab,3.28,3.24,232.3,0.1,0.775,15.3,45.3,5,False
2024-01-07 10:00:00,BLDG-002,lab,3.39,3.24,230.5,0.1,0.937,13.0,67.1,5,False
2024-01-07 11:00:00,BLDG-002,lab,3.18,3.28,227.2,0.1,0.856,16.7,57.2,5,False
2024-01-07 12:00:00,BLDG-002,lab,3.28,3.4,229.8,0.1,0.792,15.3,47.9,5,False
2024-01-07 13:00:00,BLDG-002,lab,3.08,3.29,231.0,0.1,0.931,19.0,48.9,5,False
2024-01-07 14:00:00,BLDG-002,lab,3.31,3.39,231.0,0.1,0.897,12.6,48.1,5,False
2024-01-07 15:00:00,BLDG-002,lab,3.08,3.35,227.6,0.1,0.791,12.8,38.7,5,False
2024-01-07 16:00:00,BLDG-002,lab,3.04,3.24,226.2,0.1,0.905,14.6,33.2,5,False
2024-01-07 17:00:00,BLDG-002,lab,3.32,3.42,230.4,0.1,0.898,15.5,49.0,5,False
2024-01-07 18:00:00,BLDG-002,lab,3.01,3.34,229.8,0.1,0.822,15.3,44.6,5,False
2024-01-07 19:00:00,BLDG-002,lab,3.21,3.17,229.2,0.1,0.805,12.1,45.7,5,False
2024-01-07 20:00:00,BLDG-002,lab,3.16,3.29,231.2,0.1,0.891,16.9,42.2,5,False
2024-01-07 21:00:00,BLDG-002,lab,3.62,3.29,229.2,0.1,0.927,12.3,36.4,5,False
2024-01-07 22:00:00,BLDG-002,lab,3.4,3.3,232.4,0.1,0.9,15.3,62.7,5,False
2024-01-07 23:00:00,BLDG-002,lab,3.74,3.28,231.4,0.1,0.969,15.4,42.3,5,False
2024-01-07 00:00:00,BLDG-003,datacenter,6.3,5.98,231.2,0.1,0.859,18.9,62.1,1,False
2024-01-07 01:00:00,BLDG-003,datacenter,5.81,6.13,232.6,0.1,0.843,18.1,40.2,1,False
2024-01-07 02:00:00,BLDG-003,datacenter,6.41,6.06,229.8,0.1,0.834,14.9,47.6,1,False
2024-01-07 03:00:00,BLDG-003,datacenter,6.03,6.09,230.5,0.1,0.844,21.3,70.4,1,False
2024-01-07 04:00:00,BLDG-003,datacenter,6.11,5.96,228.8,0.1,0.793,18.7,36.0,1,False
2024-01-07 05:00:00,BLDG-003,datacenter,6.36,5.9,230.7,0.1,0.903,16.1,49.5,1,False
2024-01-07 06:00:00,BLDG-003,datacenter,5.98,5.92,231.6,0.1,0.878,17.3,43.9,1,False
2024-01-07 07:00:00,BLDG-003,datacenter,6.09,6.02,228.5,0.1,0.914,15.1,53.3,1,False
2024-01-07 08:00:00,BLDG-003,datacenter,6.13,5.98,233.7,0.1,0.81,15.7,55.9,1,False
2024-01-07 09:00:00,BLDG-003,datacenter,5.87,5.7,232.3,0.1,0.843,20.7,67.1,1,False
2024-01-07 10:00:00,BLDG-003,datacenter,6.61,5.94,228.5,0.1,0.886,18.9,43.4,1,False
2024-01-07 11:00:00,BLDG-003,datacenter,5.77,5.84,230.2,0.1,0.895,15.4,27.3,1,False
2024-01-07 12:00:00,BLDG-003,datacenter,6.39,6.02,229.7,0.1,0.806,18.3,41.2,1,False
2024-01-07 13:00:00,BLDG-003,datacenter,5.64,6.31,228.1,0.1,0.926,18.4,55.5,1,False
2024-01-07 14:00:00,BLDG-003,datacenter,6.02,5.95,230.8,0.1,0.849,20.6,55.8,1,False
2024-01-07 15:00:00,BLDG-003,datacenter,5.72,6.04,226.2,0.1,0.771,17.0,41.2,1,False
2024-01-07 16:00:00,BLDG-003,datacenter,5.88,5.91,234.6,0.1,0.792,21.2,41.0,1,False
2024-01-07 17:00:00,BLDG-003,datacenter,6.08,6.3,226.3,0.1,0.878,14.8,35.7,1,False
2024-01-07 18:00:00,BLDG-003,datacenter,6.05,5.9,229.5,0.1,0.91,17.9,44.1,1,False
2024-01-07 19:00:00,BLDG-003,datacenter,6.61,6.07,231.9,0.1,0.806,17.1,57.8,1,False
2024-01-07 20:00:00,BLDG-003,datacenter,5.98,6.16,228.7,0.1,0.812,18.7,42.8,1,False
2024-01-07 21:00:00,BLDG-003,datacenter,5.76,5.94,231.1,0.1,0.828,18.7,50.0,1,False
2024-01-07 22:00:00,BLDG-003,datacenter,6.21,6.12,226.6,0.1,0.822,17.3,71.4,1,False
2024-01-07 23:00:00,BLDG-003,datacenter,6.13,5.77,229.2,0.1,0.863,17.2,34.0,1,False
2024-01-07 00:00:00,BLDG-004,warehouse,0.89,0.88,230.3,0.1,0.952,15.7,42.2,3,False
2024-01-07 01:00:00,BLDG-004,warehouse,0.89,0.87,231.5,0.1,0.796,14.2,45.8,3,False
2024-01-07 02:00:00,BLDG-004,warehouse,0.88,0.87,227.9,0.1,0.852,16.8,53.1,3,False
2024-01-07 03:00:00,BLDG-004,warehouse,0.92,0.87,228.8,0.1,0.885,17.9,41.8,3,False
2024-01-07 04:00:00,BLDG-004,warehouse,0.94,0.88,230.9,0.1,0.812,13.2,37.8,3,False
2024-01-07 05:00:00,BLDG-004,warehouse,0.86,0.88,227.1,0.1,0.906,11.1,54.8,3,False
2024-01-07 06:00:00,BLDG-004,warehouse,0.92,0.86,234.1,0.1,0.885,12.8,43.5,3,False
2024-01-07 07:00:00,BLDG-004,warehouse,0.95,0.9,229.8,0.1,0.85,14.2,58.1,3,False
2024-01-07 08:00:00,BLDG-004,warehouse,0.93,0.87,230.3,0.1,0.823,17.2,32.2,3,False
2024-01-07 09:00:00,BLDG-004,warehouse,0.91,0.88,230.2,0.1,0.828,15.3,44.5,3,False
2024-01-07 10:00:00,BLDG-004,warehouse,0.86,0.91,230.6,0.1,0.899,16.2,28.5,3,False
2024-01-07 11:00:00,BLDG-004,warehouse,0.83,0.93,227.9,0.1,0.887,10.8,42.6,3,False
2024-01-07 12:00:00,BLDG-004,warehouse,0.8,0.91,233.1,0.1,0.895,16.0,51.2,3,False
2024-01-07 13:00:00,BLDG-004,warehouse,0.82,0.88,225.4,0.1,0.829,14.5,43.1,3,False
2024-01-07 14:00:00,BLDG-004,warehouse,0.9,0.88,234.2,0.1,0.851,15.9,42.4,3,False
2024-01-07 15:00:00,BLDG-004,warehouse,0.82,0.87,229.7,0.1,0.913,15.0,30.8,3,False
2024-01-07 16:00:00,BLDG-004,warehouse,0.88,0.91,228.1,0.1,0.899,13.2,38.3,3,False
2024-01-07 17:00:00,BLDG-004,warehouse,0.86,0.9,227.1,0.1,0.809,14.3,50.0,3,False
2024-01-07 18:00:00,BLDG-004,warehouse,0.9,0.88,233.0,0.1,0.842,13.7,45.4,3,False
2024-01-07 19:00:00,BLDG-004,warehouse,0.9,0.89,228.6,0.1,0.924,16.0,42.7,3,False
2024-01-07 20:00:00,BLDG-004,warehouse,0.89,0.85,231.1,0.1,0.779,11.7,42.8,3,False
2024-01-07 21:00:00,BLDG-004,warehouse,0.84,0.85,227.3,0.1,0.834,12.3,42.2,3,False
2024-01-07 22:00:00,BLDG-004,warehouse,0.88,0.9,231.9,0.1,0.801,13.4,40.6,3,False
2024-01-07 23:00:00,BLDG-004,warehouse,0.85,0.84,230.7,0.1,0.899,12.8,38.8,3,False
2024-01-07 00:00:00,BLDG-005,common_area,0.63,0.69,228.6,0.1,0.831,12.5,43.3,8,False
2024-01-07 01:00:00,BLDG-005,common_area,0.69,0.67,229.3,0.1,0.833,14.3,41.6,8,False
2024-01-07 02:00:00,BLDG-005,common_area,0.68,0.67,230.3,0.1,0.759,16.2,55.4,8,False
2024-01-07 03:00:00,BLDG-005,common_area,0.64,0.67,231.5,0.1,0.888,15.5,35.0,8,False
2024-01-07 04:00:00,BLDG-005,common_area,0.67,0.66,230.8,0.1,0.855,13.2,54.6,8,False
2024-01-07 05:00:00,BLDG-005,common_area,0.7,0.68,228.4,0.1,0.804,12.8,51.6,8,False
2024-01-07 06:00:00,BLDG-005,common_area,0.71,0.67,232.5,0.1,0.789,17.8,60.5,8,False
2024-01-07 07:00:00,BLDG-005,common_area,0.7,0.68,235.1,0.1,0.935,11.3,30.9,8,False
2024-01-07 08:00:00,BLDG-005,common_area,0.66,0.69,232.2,0.1,0.833,14.9,45.2,8,False
2024-01-07 09:00:00,BLDG-005,common_area,0.65,0.67,230.4,0.1,0.817,15.7,55.8,8,False
2024-01-07 10:00:00,BLDG-005,common_area,0.65,0.69,228.1,0.1,0.824,13.0,47.8,8,False
2024-01-07 11:00:00,BLDG-005,common_area,0.58,0.65,233.1,0.1,0.83,16.2,49.3,8,False
2024-01-07 12:00:00,BLDG-005,common_area,0.69,0.66,229.4,0.1,0.845,17.2,51.9,8,False
2024-01-07 13:00:00,BLDG-005,common_area,0.72,0.69,229.3,0.1,0.847,9.0,34.1,8,False
2024-01-07 14:00:00,BLDG-005,common_area,0.68,0.69,229.7,0.1,0.957,14.1,46.6,8,False
2024-01-07 15:00:00,BLDG-005,common_area,0.71,0.66,228.1,0.1,0.852,15.7,40.9,8,False
2024-01-07 16:00:00,BLDG-005,common_area,0.67,0.65,233.2,0.1,0.922,14.5,36.2,8,False
2024-01-07 17:00:00,BLDG-005,common_area,0.68,0.65,227.5,0.1,0.928,12.7,41.1,8,False
2024-01-07 18:00:00,BLDG-005,common_area,0.61,0.7,227.4,0.1,0.896,15.8,44.4,8,False
2024-01-07 19:00:00,BLDG-005,common_area,0.62,0.69,226.6,0.1,0.81,16.8,51.9,8,False
2024-01-07 20:00:00,BLDG-005,common_area,0.63,0.7,231.5,0.1,0.904,19.7,30.6,8,False
2024-01-07 21:00:00,BLDG-005,common_area,1.2,1.16,230.6,0.1,0.886,16.0,38.0,8,True
2024-01-07 22:00:00,BLDG-005,common_area,0.75,0.67,229.7,0.1,0.815,16.7,44.8,8,False
2024-01-07 23:00:00,BLDG-005,common_area,0.62,0.67,227.9,0.1,0.91,15.2,43.2,8,False
2024-01-08 00:00:00,BLDG-001,office,3.95,3.73,227.9,0.1,0.877,14.4,58.6,8,False
2024-01-08 01:00:00,BLDG-001,office,4.0,3.86,230.8,0.1,0.83,16.3,37.0,8,False
2024-01-08 02:00:00,BLDG-001,office,3.88,3.97,230.9,0.1,0.835,13.7,49.2,8,False
2024-01-08 03:00:00,BLDG-001,office,3.87,3.92,232.4,0.1,0.856,14.3,34.1,8,False
2024-01-08 04:00:00,BLDG-001,office,3.81,3.77,229.9,0.1,0.869,13.9,40.9,8,False
2024-01-08 05:00:00,BLDG-001,office,3.98,3.76,229.6,0.1,0.903,15.4,50.5,8,False
2024-01-08 06:00:00,BLDG-001,office,3.78,3.87,230.6,0.1,0.907,14.7,40.0,8,False
2024-01-08 07:00:00,BLDG-001,office,3.35,3.77,229.1,0.1,0.847,13.5,48.1,8,False
2024-01-08 08:00:00,BLDG-001,office,3.9,3.99,233.2,0.1,0.778,11.6,33.6,8,False
2024-01-08 09:00:00,BLDG-001,office,4.35,4.37,232.5,0.1,0.86,15.6,55.5,44,False
2024-01-08 10:00:00,BLDG-001,office,4.94,4.87,228.9,0.1,0.751,16.7,35.0,86,False
2024-01-08 11:00:00,BLDG-001,office,5.04,5.31,229.8,0.1,0.882,14.1,42.8,122,False
2024-01-08 12:00:00,BLDG-001,office,5.32,5.54,229.9,0.1,0.826,14.0,36.2,150,False
2024-01-08 13:00:00,BLDG-001,office,5.48,5.71,228.6,0.1,0.806,14.3,48.0,167,False
2024-01-08 14:00:00,BLDG-001,office,5.95,6.06,228.4,0.1,0.882,18.0,32.6,173,False
2024-01-08 15:00:00,BLDG-001,office,9.59,10.63,230.9,0.1,0.791,18.4,36.8,167,True
2024-01-08 16:00:00,BLDG-001,office,5.85,5.64,231.6,0.1,0.91,15.0,45.6,150,False
2024-01-08 17:00:00,BLDG-001,office,5.19,5.22,231.4,0.1,0.91,11.8,38.0,122,False
2024-01-08 18:00:00,BLDG-001,office,4.77,4.95,233.1,0.1,0.836,17.5,35.5,86,False
2024-01-08 19:00:00,BLDG-001,office,4.1,4.12,226.5,0.1,0.826,13.8,39.1,44,False
2024-01-08 20:00:00,BLDG-001,office,3.93,3.74,228.3,0.1,0.779,15.4,25.4,8,False
2024-01-08 21:00:00,BLDG-001,office,3.56,4.08,229.8,0.1,0.875,13.9,37.8,8,False
2024-01-08 22:00:00,BLDG-001,office,3.56,3.85,229.7,0.1,0.872,13.5,33.5,8,False
2024-01-08 23:00:00,BLDG-001,office,6.96,7.14,228.2,0.1,0.799,16.8,29.1,8,True
2024-01-08 00:00:00,BLDG-002,lab,2.68,2.91,230.0,0.1,0.872,15.2,37.1,0,False
2024-01-08 01:00:00,BLDG-002,lab,3.21,2.79,228.5,0.1,0.764,15.0,61.9,0,False
2024-01-08 02:00:00,BLDG-002,lab,2.98,2.89,231.9,0.1,0.897,14.6,45.9,0,False
2024-01-08 03:00:00,BLDG-002,lab,3.03,2.86,232.1,0.1,0.81,13.9,31.8,0,False
2024-01-08 04:00:00,BLDG-002,lab,2.76,2.95,228.8,0.1,0.808,13.9,36.4,0,False
2024-01-08 05:00:00,BLDG-002,lab,2.98,2.87,229.9,0.1,0.841,15.4,36.9,0,False
2024-01-08 06:00:00,BLDG-002,lab,2.63,2.75,230.0,0.1,0.79,15.0,47.3,0,False
2024-01-08 07:00:00,BLDG-002,lab,2.74,2.82,228.9,0.1,0.794,14.9,30.3,0,False
2024-01-08 08:00:00,BLDG-002,lab,4.99,5.22,231.1,0.1,0.863,11.6,39.5,0,True
2024-01-08 09:00:00,BLDG-002,lab,2.9,2.84,232.5,0.1,0.821,13.7,57.1,1,False
2024-01-08 10:00:00,BLDG-002,lab,2.81,2.92,226.8,0.1,0.846,14.9,47.6,2,False
2024-01-08 11:00:00,BLDG-002,lab,2.97,2.9,232.6,0.1,0.854,15.9,39.0,3,False
2024-01-08 12:00:00,BLDG-002,lab,2.88,2.99,233.2,0.1,0.804,13.6,32.9,4,False
2024-01-08 13:00:00,BLDG-002,lab,3.04,2.99,230.4,0.1,0.83,14.0,42.5,4,False
2024-01-08 14:00:00,BLDG-002,lab,2.98,2.92,231.3,0.1,0.813,15.8,26.8,5,False
2024-01-08 15:00:00,BLDG-002,lab,2.83,3.05,232.3,0.1,0.825,12.5,55.8,4,False
2024-01-08 16:00:00,BLDG-002,lab,3.11,3.05,227.3,0.1,0.84,15.0,45.5,4,False
2024-01-08 17:00:00,BLDG-002,lab,2.78,2.95,230.4,0.1,1.0,15.2,44.9,3,False
2024-01-08 18:00:00,BLDG-002,lab,2.82,2.96,226.9,0.1,0.873,16.1,50.5,2,False
2024-01-08 19:00:00,BLDG-002,lab,3.01,2.89,227.2,0.1,0.92,13.1,52.4,1,False
2024-01-08 20:00:00,BLDG-002,lab,2.88,2.91,230.8,0.1,0.746,16.3,25.7,0,False
2024-01-08 21:00:00,BLDG-002,lab,2.66,2.79,229.2,0.1,0.89,15.1,70.5,0,False
2024-01-08 22:00:00,BLDG-002,lab,2.86,2.9,228.2,0.1,0.875,10.6,48.8,0,False
2024-01-08 23:00:00,BLDG-002,lab,2.97,2.85,227.7,0.1,0.862,15.1,48.3,0,False
2024-01-08 00:00:00,BLDG-003,datacenter,9.51,9.47,230.1,0.1,0.906,18.6,37.0,0,False
2024-01-08 01:00:00,BLDG-003,datacenter,9.31,9.35,230.6,0.1,0.831,15.9,59.4,0,False
2024-01-08 02:00:00,BLDG-003,datacenter,9.91,9.34,228.3,0.1,0.764,18.9,33.4,0,False
2024-01-08 03:00:00,BLDG-003,datacenter,9.28,9.53,230.6,0.1,0.829,16.7,33.6,0,False
2024-01-08 04:00:00,BLDG-003,datacenter,9.69,9.23,230.8,0.1,0.883,19.2,31.5,0,False
2024-01-08 05:00:00,BLDG-003,datacenter,9.51,9.81,231.1,0.1,0.928,16.5,39.7,0,False
2024-01-08 06:00:00,BLDG-003,datacenter,10.09,9.65,227.2,0.1,0.888,19.5,67.2,0,False
2024-01-08 07:00:00,BLDG-003,datacenter,9.03,9.61,231.0,0.1,0.949,22.2,38.8,0,False
2024-01-08 08:00:00,BLDG-003,datacenter,10.42,9.63,228.9,0.1,0.82,18.2,53.3,0,False
2024-01-08 09:00:00,BLDG-003,datacenter,10.32,9.61,231.6,0.1,0.823,19.2,58.4,1,False
2024-01-08 10:00:00,BLDG-003,datacenter,11.4,10.59,229.5,0.1,0.803,18.2,45.2,2,False
2024-01-08 11:00:00,BLDG-003,datacenter,12.11,11.28,229.4,0.1,0.772,18.0,40.8,3,False
2024-01-08 12:00:00,BLDG-003,datacenter,13.0,12.13,229.6,0.1,0.759,14.7,43.7,4,False
2024-01-08 13:00:00,BLDG-003,datacenter,13.58,12.33,230.0,0.1,0.873,19.0,43.3,4,False
2024-01-08 14:00:00,BLDG-003,datacenter,12.81,11.98,231.7,0.1,0.871,17.2,48.1,4,False
2024-01-08 15:00:00,BLDG-003,datacenter,12.19,12.18,231.3,0.1,0.852,20.0,49.7,4,False
2024-01-08 16:00:00,BLDG-003,datacenter,11.61,11.99,230.3,0.1,0.889,19.3,41.2,4,False
2024-01-08 17:00:00,BLDG-003,datacenter,12.4,11.72,230.7,0.1,0.845,18.4,36.4,3,False
2024-01-08 18:00:00,BLDG-003,datacenter,10.77,10.62,233.1,0.1,0.789,18.2,43.0,2,False
2024-01-08 19:00:00,BLDG-003,datacenter,9.97,10.04,224.4,0.1,0.798,16.8,52.2,1,False
2024-01-08 20:00:00,BLDG-003,datacenter,9.93,9.83,233.4,0.1,0.769,18.7,31.5,0,False
2024-01-08 21:00:00,BLDG-003,datacenter,8.54,9.57,233.2,0.1,0.858,18.5,28.6,0,False
2024-01-08 22:00:00,BLDG-003,datacenter,8.91,9.61,232.7,0.1,0.923,17.8,50.5,0,False
2024-01-08 23:00:00,BLDG-003,datacenter,9.37,9.37,230.2,0.1,0.796,18.5,20.0,0,False
2024-01-08 00:00:00,BLDG-004,warehouse,2.26,2.14,227.8,0.1,0.786,15.0,61.4,1,False
2024-01-08 01:00:00,BLDG-004,warehouse,2.16,2.06,231.5,0.1,0.914,14.5,47.8,1,False
2024-01-08 02:00:00,BLDG-004,warehouse,1.95,2.01,229.6,0.1,0.819,13.6,47.9,1,False
2024-01-08 03:00:00,BLDG-004,warehouse,3.95,3.66,229.2,0.1,0.8,15.5,44.8,1,True
2024-01-08 04:00:00,BLDG-004,warehouse,2.04,2.1,232.4,0.1,0.777,14.8,46.5,1,False
2024-01-08 05:00:00,BLDG-004,warehouse,2.18,1.94,230.3,0.1,0.904,12.7,41.8,1,False
2024-01-08 06:00:00,BLDG-004,warehouse,2.03,2.08,230.7,0.1,0.913,18.4,39.9,1,False
2024-01-08 07:00:00,BLDG-004,warehouse,1.86,2.07,232.4,0.1,0.886,16.7,39.4,1,False
2024-01-08 08:00:00,BLDG-004,warehouse,2.42,2.06,226.7,0.1,0.811,16.4,48.8,1,False
2024-01-08 09:00:00,BLDG-004,warehouse,2.17,2.28,228.0,0.1,0.852,14.4,29.5,6,False
2024-01-08 10:00:00,BLDG-004,warehouse,2.6,2.48,229.3,0.1,0.882,15.7,51.2,12,False
2024-01-08 11:00:00,BLDG-004,warehouse,2.73,2.76,228.3,0.1,0.924,13.0,39.7,18,False
2024-01-08 12:00:00,BLDG-004,warehouse,3.04,3.08,229.8,0.1,0.884,12.8,37.3,22,False
2024-01-08 13:00:00,BLDG-004,warehouse,3.22,3.02,231.7,0.1,0.853,15.9,55.1,25,False
2024-01-08 14:00:00,BLDG-004,warehouse,3.5,3.11,234.9,0.1,0.947,13.7,44.3,25,False
2024-01-08 15:00:00,BLDG-004,warehouse,3.11,3.06,231.6,0.1,0.841,16.1,38.4,25,False
2024-01-08 16:00:00,BLDG-004,warehouse,2.95,3.05,228.3,0.1,0.873,18.5,47.1,22,False
2024-01-08 17:00:00,BLDG-004,warehouse,2.92,2.74,228.5,0.1,0.971,15.0,47.7,18,False
2024-01-08 18:00:00,BLDG-004,warehouse,2.42,2.49,230.1,0.1,0.833,13.1,36.9,12,False
2024-01-08 19:00:00,BLDG-004,warehouse,2.35,2.24,232.6,0.1,0.867,10.4,39.5,6,False
2024-01-08 20:00:00,BLDG-004,warehouse,2.15,2.06,228.1,0.1,0.917,10.9,51.3,1,False
2024-01-08 21:00:00,BLDG-004,warehouse,2.0,2.06,233.8,0.1,0.867,13.4,51.0,1,False
2024-01-08 22:00:00,BLDG-004,warehouse,2.24,2.07,231.1,0.1,0.881,12.2,65.5,1,False
2024-01-08 23:00:00,BLDG-004,warehouse,1.96,2.17,229.4,0.1,0.861,16.6,60.0,1,False
2024-01-08 00:00:00,BLDG-005,common_area,1.69,1.72,234.6,0.1,0.889,13.2,44.8,4,False
2024-01-08 01:00:00,BLDG-005,common_area,1.68,1.72,226.5,0.1,0.824,12.2,40.1,4,False
2024-01-08 02:00:00,BLDG-005,common_area,1.71,1.66,230.9,0.1,0.827,15.6,37.3,4,False
2024-01-08 03:00:00,BLDG-005,common_area,1.7,1.71,226.6,0.1,0.852,19.4,58.1,4,False
2024-01-08 04:00:00,BLDG-005,common_area,1.77,1.69,232.5,0.1,0.827,16.0,34.4,4,False
2024-01-08 05:00:00,BLDG-005,common_area,1.79,1.74,228.1,0.1,0.877,14.5,41.2,4,False
2024-01-08 06:00:00,BLDG-005,common_area,1.65,1.7,227.6,0.1,0.956,13.3,41.8,4,False
2024-01-08 07:00:00,BLDG-005,common_area,1.67,1.68,227.2,0.1,0.892,17.6,33.9,4,False
2024-01-08 08:00:00,BLDG-005,common_area,2.8,2.93,231.8,0.1,0.802,17.0,40.0,4,True
2024-01-08 09:00:00,BLDG-005,common_area,2.02,1.97,226.7,0.1,0.933,14.6,38.2,20,False
2024-01-08 10:00:00,BLDG-005,common_area,2.1,2.22,234.5,0.1,0.902,13.0,48.6,39,False
2024-01-08 11:00:00,BLDG-005,common_area,2.38,2.36,230.8,0.1,0.811,13.4,47.3,56,False
2024-01-08 12:00:00,BLDG-005,common_area,2.61,2.62,228.7,0.1,0.895,13.9,38.0,69,False
2024-01-08 13:00:00,BLDG-005,common_area,2.61,2.66,228.6,0.1,0.766,13.2,31.1,77,False
2024-01-08 14:00:00,BLDG-005,common_area,2.93,2.7,228.6,0.1,0.853,14.5,54.9,80,False
2024-01-08 15:00:00,BLDG-005,common_area,2.94,2.76,228.6,0.1,0.76,17.5,43.1,77,False
2024-01-08 16:00:00,BLDG-005,common_area,2.47,2.67,230.9,0.1,0.886,12.4,45.6,69,False
2024-01-08 17:00:00,BLDG-005,common_area,2.21,2.35,231.0,0.1,0.899,14.9,42.7,56,False
2024-01-08 18:00:00,BLDG-005,common_area,1.98,2.2,231.3,0.1,0.917,13.2,40.2,39,False
2024-01-08 19:00:00,BLDG-005,common_area,1.87,1.93,231.1,0.1,0.793,15.0,37.3,20,False
2024-01-08 20:00:00,BLDG-005,common_area,1.77,1.75,227.0,0.1,0.897,17.1,59.8,4,False
2024-01-08 21:00:00,BLDG-005,common_area,1.71,1.63,229.7,0.1,0.827,14.8,56.4,4,False
2024-01-08 22:00:00,BLDG-005,common_area,1.74,1.7,230.9,0.1,0.809,14.0,43.6,4,False
2024-01-08 23:00:00,BLDG-005,common_area,1.77,1.73,229.9,0.1,0.748,14.4,58.4,4,False
2024-01-09 00:00:00,BLDG-001,office,1.45,1.52,228.7,0.1,0.788,16.9,44.6,1,False
2024-01-09 01:00:00,BLDG-001,office,1.51,1.54,222.6,0.1,0.83,18.0,34.2,1,False
2024-01-09 02:00:00,BLDG-001,office,1.72,1.56,228.7,0.1,0.825,13.7,46.1,1,False
2024-01-09 03:00:00,BLDG-001,office,1.41,1.57,231.0,0.1,0.87,17.1,36.5,1,False
2024-01-09 04:00:00,BLDG-001,office,1.59,1.5,229.5,0.1,0.806,18.1,41.6,1,False
2024-01-09 05:00:00,BLDG-001,office,1.45,1.47,230.2,0.1,0.85,16.9,39.5,1,False
2024-01-09 06:00:00,BLDG-001,office,1.4,1.52,228.3,0.1,0.747,12.6,42.6,1,False
2024-01-09 07:00:00,BLDG-001,office,1.62,1.55,228.3,0.1,0.857,13.7,51.6,1,False
2024-01-09 08:00:00,BLDG-001,office,1.49,1.57,225.9,0.1,0.783,15.5,40.8,1,False
2024-01-09 09:00:00,BLDG-001,office,1.6,1.55,222.8,0.1,0.806,16.1,36.9,5,False
2024-01-09 10:00:00,BLDG-001,office,1.72,1.57,228.7,0.1,0.822,13.9,43.0,10,False
2024-01-09 11:00:00,BLDG-001,office,1.73,1.62,232.9,0.1,0.78,15.9,53.5,14,False
2024-01-09 12:00:00,BLDG-001,office,1.7,1.64,229.6,0.1,0.849,13.0,37.7,17,False
2024-01-09 13:00:00,BLDG-001,office,1.68,1.64,227.3,0.1,0.867,17.6,51.7,19,False
2024-01-09 14:00:00,BLDG-001,office,1.67,1.61,228.0,0.1,0.918,14.3,67.0,20,False
2024-01-09 15:00:00,BLDG-001,office,1.46,1.68,227.1,0.1,0.769,15.7,46.7,19,False
2024-01-09 16:00:00,BLDG-001,office,1.6,1.62,230.0,0.1,0.833,15.0,46.0,17,False
2024-01-09 17:00:00,BLDG-001,office,1.46,1.6,231.2,0.1,0.843,13.7,51.0,14,False
2024-01-09 18:00:00,BLDG-001,office,1.63,1.64,231.4,0.1,0.8,15.2,39.7,10,False
2024-01-09 19:00:00,BLDG-001,office,1.61,1.55,230.3,0.1,0.966,12.2,32.0,5,False
2024-01-09 20:00:00,BLDG-001,office,1.59,1.57,229.9,0.1,0.844,17.9,60.4,1,False
2024-01-09 21:00:00,BLDG-001,office,1.55,1.56,229.6,0.1,0.872,16.6,51.0,1,False
2024-01-09 22:00:00,BLDG-001,office,1.48,1.54,232.2,0.1,0.91,11.5,67.2,1,False
2024-01-09 23:00:00,BLDG-001,office,1.54,1.53,228.7,0.1,0.906,15.2,37.1,1,False
2024-01-09 00:00:00,BLDG-002,lab,7.99,8.15,227.3,0.1,0.857,11.3,36.7,2,False
2024-01-09 01:00:00,BLDG-002,lab,7.69,8.18,228.4,0.1,0.925,11.1,54.6,2,False
2024-01-09 02:00:00,BLDG-002,lab,8.02,7.89,230.2,0.1,0.821,13.2,40.5,2,False
2024-01-09 03:00:00,BLDG-002,lab,8.05,8.11,231.9,0.1,0.823,16.9,50.1,2,False
2024-01-09 04:00:00,BLDG-002,lab,7.93,7.92,230.4,0.1,0.84,16.5,51.4,2,False
2024-01-09 05:00:00,BLDG-002,lab,7.85,7.8,234.4,0.1,0.825,15.6,54.9,2,False
2024-01-09 06:00:00,BLDG-002,lab,7.6,7.97,228.7,0.1,0.95,14.4,48.6,2,False
2024-01-09 07:00:00,BLDG-002,lab,8.17,7.76,231.9,0.1,0.791,15.2,27.4,2,False
2024-01-09 08:00:00,BLDG-002,lab,8.77,7.98,227.2,0.1,0.827,13.0,53.6,2,False
2024-01-09 09:00:00,BLDG-002,lab,9.39,9.12,227.1,0.1,0.986,14.0,74.9,12,False
2024-01-09 10:00:00,BLDG-002,lab,9.96,10.33,228.8,0.1,0.784,14.5,57.9,24,False
2024-01-09 11:00:00,BLDG-002,lab,11.3,11.01,232.6,0.1,0.894,11.2,51.3,35,False
2024-01-09 12:00:00,BLDG-002,lab,10.97,12.01,232.7,0.1,0.783,14.0,30.1,43,False
2024-01-09 13:00:00,BLDG-002,lab,11.95,12.53,234.8,0.1,0.884,15.9,48.0,48,False
2024-01-09 14:00:00,BLDG-002,lab,12.7,12.97,229.3,0.1,0.836,14.1,38.1,50,False
2024-01-09 15:00:00,BLDG-002,lab,12.95,12.73,231.5,0.1,0.887,16.5,42.0,48,False
2024-01-09 16:00:00,BLDG-002,lab,11.6,12.18,230.6,0.1,0.88,17.7,43.3,43,False
2024-01-09 17:00:00,BLDG-002,lab,12.1,11.49,225.0,0.1,0.791,15.3,60.3,35,False
2024-01-09 18:00:00,BLDG-002,lab,9.53,10.36,230.8,0.1,0.906,16.6,54.8,24,False
2024-01-09 19:00:00,BLDG-002,lab,9.03,9.12,232.3,0.1,0.817,13.7,44.1,12,False
2024-01-09 20:00:00,BLDG-002,lab,8.49,8.29,229.9,0.1,0.855,14.2,38.7,2,False
2024-01-09 21:00:00,BLDG-002,lab,8.61,7.84,228.6,0.1,0.797,15.6,48.1,2,False
2024-01-09 22:00:00,BLDG-002,lab,8.59,8.06,228.7,0.1,0.854,15.6,35.1,2,False
2024-01-09 23:00:00,BLDG-002,lab,8.24,7.64,230.3,0.1,0.813,13.2,44.8,2,False
2024-01-09 00:00:00,BLDG-003,datacenter,15.01,14.83,228.3,0.1,0.841,17.7,34.7,0,False
2024-01-09 01:00:00,BLDG-003,datacenter,14.66,15.11,230.9,0.1,0.859,15.8,35.0,0,False
2024-01-09 02:00:00,BLDG-003,datacenter,14.53,15.05,229.9,0.1,0.845,15.4,20.0,0,False
2024-01-09 03:00:00,BLDG-003,datacenter,13.42,14.56,227.3,0.1,0.841,20.7,43.1,0,False
2024-01-09 04:00:00,BLDG-003,datacenter,15.18,14.02,230.1,0.1,0.789,13.7,43.9,0,False
2024-01-09 05:00:00,BLDG-003,datacenter,15.56,14.74,226.9,0.1,0.839,21.8,49.2,0,False
2024-01-09 06:00:00,BLDG-003,datacenter,13.45,14.18,232.0,0.1,0.873,17.4,36.0,0,False
2024-01-09 07:00:00,BLDG-003,datacenter,14.46,14.77,229.5,0.1,0.861,17.8,36.5,0,False
2024-01-09 08:00:00,BLDG-003,datacenter,15.38,14.49,227.3,0.1,0.838,20.3,58.3,0,False
2024-01-09 09:00:00,BLDG-003,datacenter,17.47,17.17,230.0,0.1,0.865,18.0,64.1,2,False
2024-01-09 10:00:00,BLDG-003,datacenter,18.07,19.46,228.1,0.1,0.827,22.5,55.0,4,False
2024-01-09 11:00:00,BLDG-003,datacenter,22.74,20.43,227.0,0.1,0.903,19.0,44.5,7,False
2024-01-09 12:00:00,BLDG-003,datacenter,21.47,21.73,230.1,0.1,0.912,16.2,34.0,8,False
2024-01-09 13:00:00,BLDG-003,datacenter,23.54,23.41,231.0,0.1,0.879,18.8,42.5,9,False
2024-01-09 14:00:00,BLDG-003,datacenter,23.01,23.42,230.3,0.1,0.87,18.4,56.2,10,False
2024-01-09 15:00:00,BLDG-003,datacenter,22.92,23.85,231.8,0.1,0.85,16.9,46.1,9,False
2024-01-09 16:00:00,BLDG-003,datacenter,22.98,23.15,230.0,0.1,0.89,20.4,40.5,8,False
2024-01-09 17:00:00,BLDG-003,datacenter,21.22,21.12,231.9,0.1,0.826,18.5,59.8,7,False
2024-01-09 18:00:00,BLDG-003,datacenter,19.87,18.73,228.8,0.1,0.817,17.6,34.7,4,False
2024-01-09 19:00:00,BLDG-003,datacenter,18.29,16.97,229.7,0.1,0.746,20.7,41.6,2,False
2024-01-09 20:00:00,BLDG-003,datacenter,15.81,14.67,228.8,0.1,0.761,18.9,29.2,0,False
2024-01-09 21:00:00,BLDG-003,datacenter,15.68,14.57,231.9,0.1,0.819,17.9,49.9,0,False
2024-01-09 22:00:00,BLDG-003,datacenter,17.15,14.54,228.7,0.1,0.841,21.2,55.1,0,False
2024-01-09 23:00:00,BLDG-003,datacenter,13.67,14.61,230.9,0.1,0.925,14.9,34.3,0,False
2024-01-09 00:00:00,BLDG-004,warehouse,1.9,1.73,226.8,0.1,0.85,16.8,46.0,1,False
2024-01-09 01:00:00,BLDG-004,warehouse,1.79,1.79,227.3,0.1,0.882,16.4,54.5,1,False
2024-01-09 02:00:00,BLDG-004,warehouse,1.76,1.78,234.2,0.1,0.818,15.1,45.4,1,False
2024-01-09 03:00:00,BLDG-004,warehouse,1.94,1.65,232.5,0.1,0.81,14.2,40.5,1,False
2024-01-09 04:00:00,BLDG-004,warehouse,1.75,1.76,233.5,0.1,0.87,14.1,38.2,1,False
2024-01-09 05:00:00,BLDG-004,warehouse,1.86,1.77,230.5,0.1,0.748,14.6,31.7,1,False
2024-01-09 06:00:00,BLDG-004,warehouse,1.89,1.77,229.1,0.1,0.837,15.5,47.3,1,False
2024-01-09 07:00:00,BLDG-004,warehouse,1.73,1.78,231.5,0.1,0.758,10.9,39.2,1,False
2024-01-09 08:00:00,BLDG-004,warehouse,1.84,1.81,228.5,0.1,0.836,19.0,28.6,1,False
2024-01-09 09:00:00,BLDG-004,warehouse,1.94,1.96,229.2,0.1,0.884,14.2,34.4,5,False
2024-01-09 10:00:00,BLDG-004,warehouse,2.29,2.14,235.2,0.1,0.867,15.8,49.0,10,False
2024-01-09 11:00:00,BLDG-004,warehouse,2.25,2.32,229.8,0.1,0.84,16.7,34.3,15,False
2024-01-09 12:00:00,BLDG-004,warehouse,2.48,2.49,227.7,0.1,0.866,13.0,46.1,18,False
2024-01-09 13:00:00,BLDG-004,warehouse,2.38,2.5,232.3,0.1,0.919,16.6,20.0,20,False
2024-01-09 14:00:00,BLDG-004,warehouse,2.5,2.55,226.2,0.1,0.95,13.4,68.8,21,False
2024-01-09 15:00:00,BLDG-004,warehouse,2.53,2.59,232.1,0.1,0.869,14.6,55.3,20,False
2024-01-09 16:00:00,BLDG-004,warehouse,2.52,2.54,230.3,0.1,0.758,13.4,46.3,18,False
2024-01-09 17:00:00,BLDG-004,warehouse,2.23,2.34,228.3,0.1,0.888,14.6,53.4,15,False
2024-01-09 18:00:00,BLDG-004,warehouse,2.12,2.19,229.5,0.1,0.922,11.3,60.2,10,False
2024-01-09 19:00:00,BLDG-004,warehouse,2.01,1.96,229.5,0.1,0.844,14.6,56.4,5,False
2024-01-09 20:00:00,BLDG-004,warehouse,1.95,1.83,229.0,0.1,0.886,14.5,41.6,1,False
2024-01-09 21:00:00,BLDG-004,warehouse,1.9,1.88,227.3,0.1,0.867,14.2,48.2,1,False
2024-01-09 22:00:00,BLDG-004,warehouse,1.68,1.85,231.2,0.1,0.872,18.7,37.1,1,False
2024-01-09 23:00:00,BLDG-004,warehouse,1.81,1.77,228.8,0.1,0.863,12.4,40.6,1,False
2024-01-09 00:00:00,BLDG-005,common_area,1.67,1.7,228.8,0.1,0.792,11.8,52.8,3,False
2024-01-09 01:00:00,BLDG-005,common_area,1.66,1.66,229.6,0.1,0.804,16.6,47.3,3,False
2024-01-09 02:00:00,BLDG-005,common_area,1.75,1.68,227.1,0.1,0.983,17.4,36.7,3,False
2024-01-09 03:00:00,BLDG-005,common_area,1.72,1.68,229.8,0.1,0.833,13.3,54.0,3,False
2024-01-09 04:00:00,BLDG-005,common_area,1.66,1.69,230.9,0.1,0.866,15.6,25.4,3,False
2024-01-09 05:00:00,BLDG-005,common_area,1.76,1.71,225.3,0.1,0.765,13.7,44.6,3,False
2024-01-09 06:00:00,BLDG-005,common_area,1.84,1.62,231.6,0.1,0.818,13.8,49.5,3,False
2024-01-09 07:00:00,BLDG-005,common_area,1.69,1.64,228.3,0.1,0.848,16.7,35.9,3,False
2024-01-09 08:00:00,BLDG-005,common_area,1.63,1.6,231.6,0.1,0.861,14.7,62.6,3,False
2024-01-09 09:00:00,BLDG-005,common_area,1.86,1.87,227.4,0.1,0.807,16.3,67.1,19,False
2024-01-09 10:00:00,BLDG-005,common_area,2.14,2.09,230.5,0.1,0.889,12.8,45.5,38,False
2024-01-09 11:00:00,BLDG-005,common_area,2.16,2.3,233.2,0.1,0.742,15.9,34.0,54,False
2024-01-09 12:00:00,BLDG-005,common_area,2.56,2.54,226.8,0.1,0.882,13.6,29.6,66,False
2024-01-09 13:00:00,BLDG-005,common_area,2.6,2.64,228.8,0.1,0.772,19.4,31.5,74,False
2024-01-09 14:00:00,BLDG-005,common_area,2.63,2.71,229.9,0.1,0.907,19.2,35.3,77,False
2024-01-09 15:00:00,BLDG-005,common_area,2.67,2.64,228.6,0.1,0.801,14.8,39.4,74,False
2024-01-09 16:00:00,BLDG-005,common_area,2.59,2.48,232.4,0.1,0.837,10.6,38.1,66,False
2024-01-09 17:00:00,BLDG-005,common_area,2.63,2.28,229.4,0.1,0.808,13.8,50.9,54,False
2024-01-09 18:00:00,BLDG-005,common_area,2.22,2.13,232.1,0.1,0.907,13.8,55.3,38,False
2024-01-09 19:00:00,BLDG-005,common_area,1.83,1.86,228.0,0.1,0.797,14.4,47.1,20,False
2024-01-09 20:00:00,BLDG-005,common_area,1.64,1.65,232.6,0.1,0.936,17.3,40.3,3,False
2024-01-09 21:00:00,BLDG-005,common_area,1.69,1.68,233.4,0.1,0.882,14.4,31.4,3,False
2024-01-09 22:00:00,BLDG-005,common_area,1.69,1.64,229.1,0.1,0.772,15.3,41.8,3,False
2024-01-09 23:00:00,BLDG-005,common_area,1.59,1.68,230.0,0.1,0.859,14.3,66.5,3,False
2024-01-10 00:00:00,BLDG-001,office,2.01,2.06,228.2,0.1,0.87,13.4,44.4,2,False
2024-01-10 01:00:00,BLDG-001,office,2.19,2.0,228.1,0.1,0.834,15.1,61.0,2,False
2024-01-10 02:00:00,BLDG-001,office,1.9,1.91,230.7,0.1,0.914,14.5,39.3,2,False
2024-01-10 03:00:00,BLDG-001,office,1.94,2.0,232.4,0.1,0.891,14.3,56.6,2,False
2024-01-10 04:00:00,BLDG-001,office,1.99,1.97,225.8,0.1,0.872,12.3,52.2,2,False
2024-01-10 05:00:00,BLDG-001,office,2.13,1.97,231.7,0.1,0.804,14.9,57.2,2,False
2024-01-10 06:00:00,BLDG-001,office,2.0,1.92,231.2,0.1,0.922,15.4,25.9,2,False
2024-01-10 07:00:00,BLDG-001,office,2.0,2.03,230.4,0.1,0.832,17.7,42.1,2,False
2024-01-10 08:00:00,BLDG-001,office,2.07,1.95,228.6,0.1,0.861,13.7,49.8,2,False
2024-01-10 09:00:00,BLDG-001,office,2.07,2.07,229.4,0.1,0.84,13.5,36.6,13,False
2024-01-10 10:00:00,BLDG-001,office,2.23,2.08,230.9,0.1,0.856,13.8,44.4,25,False
2024-01-10 11:00:00,BLDG-001,office,4.24,3.91,232.2,0.1,0.786,14.2,46.6,36,True
2024-01-10 12:00:00,BLDG-001,office,2.34,2.25,233.2,0.1,0.907,15.4,47.5,44,False
2024-01-10 13:00:00,BLDG-001,office,2.09,2.35,229.4,0.1,0.838,18.7,54.0,49,False
2024-01-10 14:00:00,BLDG-001,office,2.39,2.32,231.6,0.1,0.832,18.3,45.7,51,False
2024-01-10 15:00:00,BLDG-001,office,2.33,2.4,231.3,0.1,0.862,12.3,35.2,49,False
2024-01-10 16:00:00,BLDG-001,office,2.33,2.32,232.2,0.1,0.847,17.4,41.6,44,False
2024-01-10 17:00:00,BLDG-001,office,2.33,2.18,231.7,0.1,0.974,15.5,34.5,36,False
2024-01-10 18:00:00,BLDG-001,office,2.25,2.17,227.8,0.1,0.952,15.3,50.1,25,False
2024-01-10 19:00:00,BLDG-001,office,2.09,2.08,230.3,0.1,0.793,12.7,47.2,13,False
2024-01-10 20:00:00,BLDG-001,office,2.16,1.98,227.1,0.1,0.937,16.3,47.0,2,False
2024-01-10 21:00:00,BLDG-001,office,2.04,1.95,226.6,0.1,0.806,17.2,28.2,2,False
2024-01-10 22:00:00,BLDG-001,office,2.05,1.97,229.4,0.1,0.864,15.6,43.6,2,False
2024-01-10 23:00:00,BLDG-001,office,1.96,1.93,230.5,0.1,0.886,14.9,43.4,2,False
2024-01-10 00:00:00,BLDG-002,lab,0.61,0.62,227.9,0.1,0.924,16.6,53.1,1,True
2024-01-10 01:00:00,BLDG-002,lab,6.2,6.52,228.6,0.1,0.836,11.1,41.9,1,False
2024-01-10 02:00:00,BLDG-002,lab,6.44,6.36,230.7,0.1,0.917,13.4,46.6,1,False
2024-01-10 03:00:00,BLDG-002,lab,6.2,6.39,227.4,0.1,0.879,14.9,40.4,1,False
2024-01-10 04:00:00,BLDG-002,lab,6.78,6.29,233.2,0.1,0.823,12.6,52.8,1,False
2024-01-10 05:00:00,BLDG-002,lab,6.43,6.41,229.7,0.1,0.898,17.4,33.4,1,False
2024-01-10 06:00:00,BLDG-002,lab,6.11,6.16,230.6,0.1,0.832,19.1,54.0,1,False
2024-01-10 07:00:00,BLDG-002,lab,6.15,6.27,229.4,0.1,0.759,14.0,54.0,1,False
2024-01-10 08:00:00,BLDG-002,lab,6.43,6.14,227.7,0.1,0.897,14.0,37.5,1,False
2024-01-10 09:00:00,BLDG-002,lab,7.26,6.75,229.9,0.1,0.888,15.3,48.3,9,False
2024-01-10 10:00:00,BLDG-002,lab,8.37,7.74,230.1,0.1,0.938,16.7,32.7,17,False
2024-01-10 11:00:00,BLDG-002,lab,8.55,7.99,230.7,0.1,0.788,14.2,38.9,25,False
2024-01-10 12:00:00,BLDG-002,lab,8.56,8.27,233.0,0.1,0.869,15.5,45.5,30,False
2024-01-10 13:00:00,BLDG-002,lab,8.94,8.9,229.4,0.1,0.813,14.3,46.2,34,False
2024-01-10 14:00:00,BLDG-002,lab,8.82,8.73,228.4,0.1,0.814,14.8,59.2,35,False
2024-01-10 15:00:00,BLDG-002,lab,8.67,8.62,226.4,0.1,0.857,14.1,28.4,34,False
2024-01-10 16:00:00,BLDG-002,lab,8.24,8.66,227.7,0.1,1.0,17.2,44.0,30,False
2024-01-10 17:00:00,BLDG-002,lab,8.59,8.24,229.3,0.1,0.789,16.1,38.5,25,False
2024-01-10 18:00:00,BLDG-002,lab,7.07,7.35,230.4,0.1,0.878,15.6,42.1,17,False
2024-01-10 19:00:00,BLDG-002,lab,7.1,6.86,229.5,0.1,0.877,13.1,34.2,9,False
2024-01-10 20:00:00,BLDG-002,lab,6.79,6.21,230.6,0.1,0.816,14.1,46.3,1,False
2024-01-10 21:00:00,BLDG-002,lab,6.0,6.21,228.5,0.1,0.773,16.1,51.8,1,False
2024-01-10 22:00:00,BLDG-002,lab,6.03,6.02,231.4,0.1,0.878,11.2,44.8,1,False
2024-01-10 23:00:00,BLDG-002,lab,6.18,6.13,231.3,0.1,0.835,13.0,46.3,1,False
2024-01-10 00:00:00,BLDG-003,datacenter,12.45,11.61,228.2,0.1,0.875,19.5,36.6,0,False
2024-01-10 01:00:00,BLDG-003,datacenter,11.85,11.75,230.8,0.1,0.869,16.9,52.5,0,False
2024-01-10 02:00:00,BLDG-003,datacenter,11.51,11.77,223.6,0.1,0.865,15.7,48.3,0,False
2024-01-10 03:00:00,BLDG-003,datacenter,11.75,12.06,230.2,0.1,0.921,17.7,35.1,0,False
2024-01-10 04:00:00,BLDG-003,datacenter,12.54,11.79,233.4,0.1,0.842,17.9,51.1,0,False
2024-01-10 05:00:00,BLDG-003,datacenter,11.21,11.66,228.3,0.1,0.829,18.8,30.8,0,False
2024-01-10 06:00:00,BLDG-003,datacenter,11.01,11.59,228.3,0.1,0.868,19.3,41.9,0,False
2024-01-10 07:00:00,BLDG-003,datacenter,12.2,11.6,229.9,0.1,0.915,19.7,28.6,0,False
2024-01-10 08:00:00,BLDG-003,datacenter,10.73,11.85,229.9,0.1,0.805,18.7,35.9,0,False
2024-01-10 09:00:00,BLDG-003,datacenter,13.34,13.06,229.5,0.1,0.966,19.9,38.3,1,False
2024-01-10 10:00:00,BLDG-003,datacenter,14.42,14.32,230.5,0.1,0.94,21.1,34.8,3,False
2024-01-10 11:00:00,BLDG-003,datacenter,14.47,15.05,226.7,0.1,0.862,21.2,61.9,5,False
2024-01-10 12:00:00,BLDG-003,datacenter,15.35,15.34,232.1,0.1,0.892,18.6,26.7,6,False
2024-01-10 13:00:00,BLDG-003,datacenter,15.88,16.82,234.1,0.1,0.934,16.8,59.1,6,False
2024-01-10 14:00:00,BLDG-003,datacenter,15.96,16.41,224.7,0.1,0.785,20.8,43.3,7,False
2024-01-10 15:00:00,BLDG-003,datacenter,15.26,16.6,227.8,0.1,0.77,18.6,43.4,6,False
2024-01-10 16:00:00,BLDG-003,datacenter,16.65,15.59,229.4,0.1,0.835,18.6,46.6,6,False
2024-01-10 17:00:00,BLDG-003,datacenter,16.14,15.21,229.9,0.1,0.921,17.6,35.4,5,False
2024-01-10 18:00:00,BLDG-003,datacenter,14.1,13.83,230.7,0.1,0.873,14.9,45.8,3,False
2024-01-10 19:00:00,BLDG-003,datacenter,12.86,12.66,228.2,0.1,0.877,17.8,35.1,1,False
2024-01-10 20:00:00,BLDG-003,datacenter,12.25,11.65,228.4,0.1,0.849,19.3,68.8,0,False
2024-01-10 21:00:00,BLDG-003,datacenter,29.17,28.89,232.0,0.13,0.919,16.0,41.6,0,True
2024-01-10 22:00:00,BLDG-003,datacenter,11.89,11.83,230.2,0.1,0.828,18.6,47.0,0,False
2024-01-10 23:00:00,BLDG-003,datacenter,12.34,11.88,229.4,0.1,0.896,21.2,52.3,0,False
2024-01-10 00:00:00,BLDG-004,warehouse,1.62,1.78,229.0,0.1,0.936,16.1,43.7,1,False
2024-01-10 01:00:00,BLDG-004,warehouse,1.9,1.74,230.3,0.1,0.744,12.7,32.5,1,False
2024-01-10 02:00:00,BLDG-004,warehouse,1.88,1.73,230.2,0.1,0.855,17.8,36.7,1,False
2024-01-10 03:00:00,BLDG-004,warehouse,1.91,1.79,231.2,0.1,0.753,14.1,45.0,1,False
2024-01-10 04:00:00,BLDG-004,warehouse,1.8,1.85,228.5,0.1,0.854,17.2,50.6,1,False
2024-01-10 05:00:00,BLDG-004,warehouse,1.79,1.84,229.8,0.1,0.894,15.9,36.9,1,False
2024-01-10 06:00:00,BLDG-004,warehouse,1.76,1.78,231.3,0.1,0.878,15.3,47.0,1,False
2024-01-10 07:00:00,BLDG-004,warehouse,1.81,1.77,232.3,0.1,0.769,12.9,55.3,1,False
2024-01-10 08:00:00,BLDG-004,warehouse,1.91,1.86,226.5,0.1,0.732,11.6,28.7,1,False
2024-01-10 09:00:00,BLDG-004,warehouse,2.02,1.98,228.4,0.1,0.888,15.0,58.2,5,False
2024-01-10 10:00:00,BLDG-004,warehouse,2.22,2.06,227.6,0.1,0.817,12.2,51.4,10,False
2024-01-10 11:00:00,BLDG-004,warehouse,2.33,2.3,229.8,0.1,0.787,14.1,56.8,15,False
2024-01-10 12:00:00,BLDG-004,warehouse,2.6,2.41,227.1,0.1,0.757,17.2,51.3,18,False
2024-01-10 13:00:00,BLDG-004,warehouse,2.45,2.54,230.3,0.1,0.862,18.3,41.2,20,False
2024-01-10 14:00:00,BLDG-004,warehouse,2.66,2.55,226.9,0.1,0.852,15.6,32.4,21,False
2024-01-10 15:00:00,BLDG-004,warehouse,2.7,2.51,230.3,0.1,0.819,15.1,41.6,20,False
2024-01-10 16:00:00,BLDG-004,warehouse,2.28,2.43,228.2,0.1,0.929,15.2,50.0,18,False
2024-01-10 17:00:00,BLDG-004,warehouse,2.25,2.34,232.6,0.1,0.831,9.8,44.1,15,False
2024-01-10 18:00:00,BLDG-004,warehouse,2.23,2.15,233.1,0.1,0.766,16.6,60.4,10,False
2024-01-10 19:00:00,BLDG-004,warehouse,1.92,1.94,229.5,0.1,0.884,15.7,54.1,5,False
2024-01-10 20:00:00,BLDG-004,warehouse,1.9,1.83,232.9,0.1,0.831,12.8,38.0,1,False
2024-01-10 21:00:00,BLDG-004,warehouse,1.7,1.83,232.0,0.1,0.827,16.7,57.4,1,False
2024-01-10 22:00:00,BLDG-004,warehouse,1.89,1.78,232.4,0.1,0.787,19.4,37.8,1,False
2024-01-10 23:00:00,BLDG-004,warehouse,1.88,1.82,230.6,0.1,0.977,16.0,37.1,1,False
2024-01-10 00:00:00,BLDG-005,common_area,1.07,1.08,230.2,0.1,0.778,15.7,37.0,1,False
2024-01-10 01:00:00,BLDG-005,common_area,1.15,1.07,233.9,0.1,0.876,13.1,32.3,1,False
2024-01-10 02:00:00,BLDG-005,common_area,1.17,1.09,230.1,0.1,0.803,15.2,59.0,1,False
2024-01-10 03:00:00,BLDG-005,common_area,1.11,1.11,230.4,0.1,0.898,15.8,60.5,1,False
2024-01-10 04:00:00,BLDG-005,common_area,0.97,1.1,231.3,0.1,0.83,15.6,59.2,1,False
2024-01-10 05:00:00,BLDG-005,common_area,1.17,1.05,228.0,0.1,0.871,18.8,34.6,1,False
2024-01-10 06:00:00,BLDG-005,common_area,1.01,1.09,228.8,0.1,0.81,12.9,24.4,1,False
2024-01-10 07:00:00,BLDG-005,common_area,1.16,1.04,230.0,0.1,0.841,15.6,51.4,1,False
2024-01-10 08:00:00,BLDG-005,common_area,1.05,1.13,232.1,0.1,0.844,18.0,42.8,1,False
2024-01-10 09:00:00,BLDG-005,common_area,1.16,1.14,230.9,0.1,0.868,14.4,43.0,10,False
2024-01-10 10:00:00,BLDG-005,common_area,1.3,1.24,226.8,0.1,0.881,18.6,33.0,19,False
2024-01-10 11:00:00,BLDG-005,common_area,1.3,1.3,229.7,0.1,0.848,14.3,39.9,28,False
2024-01-10 12:00:00,BLDG-005,common_area,1.3,1.36,233.5,0.1,0.855,14.5,47.9,34,False
2024-01-10 13:00:00,BLDG-005,common_area,1.44,1.42,231.2,0.1,0.892,15.4,31.2,38,False
2024-01-10 14:00:00,BLDG-005,common_area,1.49,1.41,229.4,0.1,0.927,12.2,46.1,39,False
2024-01-10 15:00:00,BLDG-005,common_area,1.41,1.42,231.7,0.1,0.828,15.0,43.5,38,False
2024-01-10 16:00:00,BLDG-005,common_area,1.48,1.33,228.4,0.1,0.831,16.5,43.3,34,False
2024-01-10 17:00:00,BLDG-005,common_area,1.35,1.32,229.6,0.1,0.927,14.8,52.4,28,False
2024-01-10 18:00:00,BLDG-005,common_area,1.28,1.25,229.8,0.1,0.877,12.5,59.3,19,False
2024-01-10 19:00:00,BLDG-005,common_area,1.06,1.16,230.8,0.1,0.955,15.0,25.4,10,False
2024-01-10 20:00:00,BLDG-005,common_area,1.11,1.13,230.2,0.1,0.879,14.1,30.9,1,False
2024-01-10 21:00:00,BLDG-005,common_area,1.11,1.11,229.2,0.1,0.832,14.6,36.8,1,False
2024-01-10 22:00:00,BLDG-005,common_area,1.07,1.1,228.1,0.1,0.912,16.5,45.7,1,False
2024-01-10 23:00:00,BLDG-005,common_area,1.18,1.07,229.7,0.1,0.854,15.7,58.7,1,False
2024-01-11 00:00:00,BLDG-001,office,3.85,3.84,232.6,0.1,0.862,15.1,43.7,8,False
2024-01-11 01:00:00,BLDG-001,office,3.71,3.91,229.9,0.1,0.912,18.8,38.5,8,False
2024-01-11 02:00:00,BLDG-001,office,4.1,4.01,227.8,0.1,0.845,13.5,53.5,8,False
2024-01-11 03:00:00,BLDG-001,office,3.68,3.79,232.2,0.1,0.871,12.4,32.5,8,False
2024-01-11 04:00:00,BLDG-001,office,3.82,3.81,229.7,0.1,0.793,17.0,42.9,8,False
2024-01-11 05:00:00,BLDG-001,office,4.07,3.86,230.7,0.1,0.869,17.5,37.5,8,False
2024-01-11 06:00:00,BLDG-001,office,4.02,3.8,229.1,0.1,0.773,15.2,62.3,8,False
2024-01-11 07:00:00,BLDG-001,office,4.18,3.89,232.4,0.1,0.813,15.9,57.2,8,False
2024-01-11 08:00:00,BLDG-001,office,3.61,4.02,228.6,0.1,0.79,14.7,53.8,8,False
2024-01-11 09:00:00,BLDG-001,office,4.53,4.25,231.3,0.1,0.749,16.1,49.5,44,False
2024-01-11 10:00:00,BLDG-001,office,4.96,4.8,231.5,0.1,0.772,17.8,39.6,86,False
2024-01-11 11:00:00,BLDG-001,office,5.18,5.39,226.9,0.1,0.87,11.2,31.8,122,False
2024-01-11 12:00:00,BLDG-001,office,5.67,5.76,230.1,0.1,0.789,19.1,56.0,150,False
2024-01-11 13:00:00,BLDG-001,office,5.96,5.92,229.9,0.1,0.875,16.0,34.7,167,False
2024-01-11 14:00:00,BLDG-001,office,6.11,6.01,231.5,0.1,0.907,15.1,34.1,173,False
2024-01-11 15:00:00,BLDG-001,office,14.54,14.47,228.6,0.1,0.78,14.8,60.0,167,True
2024-01-11 16:00:00,BLDG-001,office,5.64,5.51,231.5,0.1,0.843,12.1,42.0,150,False
2024-01-11 17:00:00,BLDG-001,office,5.45,5.38,231.4,0.1,0.926,15.8,58.0,122,False
2024-01-11 18:00:00,BLDG-001,office,5.14,5.05,232.9,0.1,0.859,14.5,40.9,86,False
2024-01-11 19:00:00,BLDG-001,office,4.27,4.22,230.5,0.1,0.869,12.9,29.0,44,False
2024-01-11 20:00:00,BLDG-001,office,4.16,3.92,229.5,0.1,0.767,13.7,52.6,8,False
2024-01-11 21:00:00,BLDG-001,office,3.99,3.7,227.0,0.1,0.865,16.0,42.0,8,False
2024-01-11 22:00:00,BLDG-001,office,3.69,3.86,231.1,0.1,0.762,17.0,52.5,8,False
2024-01-11 23:00:00,BLDG-001,office,3.89,3.89,230.0,0.1,0.81,18.1,54.9,8,False
2024-01-11 00:00:00,BLDG-002,lab,7.5,7.41,229.9,0.1,0.895,14.8,39.1,2,False
2024-01-11 01:00:00,BLDG-002,lab,7.83,8.02,231.3,0.1,0.857,16.8,50.2,2,False
2024-01-11 02:00:00,BLDG-002,lab,7.38,7.86,229.9,0.1,0.808,15.7,47.6,2,False
2024-01-11 03:00:00,BLDG-002,lab,7.17,7.37,229.8,0.1,0.846,18.0,43.8,2,False
2024-01-11 04:00:00,BLDG-002,lab,7.44,7.58,230.0,0.1,0.866,14.3,59.7,2,False
2024-01-11 05:00:00,BLDG-002,lab,7.59,7.57,230.5,0.1,0.889,14.3,47.2,2,False
2024-01-11 06:00:00,BLDG-002,lab,7.02,8.08,230.7,0.1,0.878,15.1,48.5,2,False
2024-01-11 07:00:00,BLDG-002,lab,7.54,7.96,226.4,0.1,0.766,19.4,50.2,2,False
2024-01-11 08:00:00,BLDG-002,lab,7.23,7.79,230.6,0.1,0.813,15.7,46.8,2,False
2024-01-11 09:00:00,BLDG-002,lab,8.32,8.51,226.7,0.1,0.887,15.9,63.8,12,False
2024-01-11 10:00:00,BLDG-002,lab,10.03,10.03,231.0,0.1,0.944,11.1,56.5,24,False
2024-01-11 11:00:00,BLDG-002,lab,10.97,10.88,229.9,0.1,0.778,15.4,44.5,34,False
2024-01-11 12:00:00,BLDG-002,lab,11.35,11.62,227.6,0.1,0.797,15.7,57.3,41,False
2024-01-11 13:00:00,BLDG-002,lab,12.37,11.91,225.3,0.1,0.923,17.8,48.2,46,False
2024-01-11 14:00:00,BLDG-002,lab,11.93,12.3,231.3,0.1,0.878,17.3,41.5,48,False
2024-01-11 15:00:00,BLDG-002,lab,13.07,11.87,227.7,0.1,0.929,13.8,39.0,46,False
2024-01-11 16:00:00,BLDG-002,lab,12.0,12.16,227.3,0.1,0.847,13.6,40.2,41,False
2024-01-11 17:00:00,BLDG-002,lab,11.63,10.93,229.3,0.1,0.83,17.5,45.2,34,False
2024-01-11 18:00:00,BLDG-002,lab,10.03,9.53,228.9,0.1,0.886,15.4,54.2,24,False
2024-01-11 19:00:00,BLDG-002,lab,8.13,9.09,230.2,0.1,0.795,17.5,55.1,12,False
2024-01-11 20:00:00,BLDG-002,lab,7.69,7.52,229.5,0.1,0.765,12.4,35.7,2,False
2024-01-11 21:00:00,BLDG-002,lab,7.35,7.89,230.6,0.1,0.746,14.4,50.2,2,False
2024-01-11 22:00:00,BLDG-002,lab,7.32,7.64,230.7,0.1,0.887,11.2,28.5,2,False
2024-01-11 23:00:00,BLDG-002,lab,7.17,7.94,230.3,0.1,0.928,12.1,54.0,2,False
2024-01-11 00:00:00,BLDG-003,datacenter,12.57,11.86,231.9,0.1,0.794,17.9,54.7,0,False
2024-01-11 01:00:00,BLDG-003,datacenter,10.9,12.09,230.7,0.1,0.866,20.8,49.3,0,False
2024-01-11 02:00:00,BLDG-003,datacenter,12.02,11.7,232.6,0.1,0.841,18.2,34.7,0,False
2024-01-11 03:00:00,BLDG-003,datacenter,11.77,11.62,230.1,0.1,0.802,17.5,44.1,0,False
2024-01-11 04:00:00,BLDG-003,datacenter,11.15,11.58,231.4,0.1,0.815,16.3,51.6,0,False
2024-01-11 05:00:00,BLDG-003,datacenter,11.22,11.78,230.7,0.1,0.929,16.5,43.7,0,False
2024-01-11 06:00:00,BLDG-003,datacenter,11.31,12.06,234.0,0.1,0.84,14.4,21.6,0,False
2024-01-11 07:00:00,BLDG-003,datacenter,11.28,12.15,227.9,0.1,0.877,18.9,42.5,0,False
2024-01-11 08:00:00,BLDG-003,datacenter,11.86,11.4,231.3,0.1,0.796,16.4,51.9,0,False
2024-01-11 09:00:00,BLDG-003,datacenter,12.61,12.74,233.4,0.1,0.865,19.4,36.0,1,False
2024-01-11 10:00:00,BLDG-003,datacenter,15.11,13.9,233.3,0.1,0.799,14.5,40.5,3,False
2024-01-11 11:00:00,BLDG-003,datacenter,14.78,15.1,231.5,0.1,0.808,14.4,41.1,5,False
2024-01-11 12:00:00,BLDG-003,datacenter,17.16,16.07,231.3,0.1,0.91,20.6,25.0,6,False
2024-01-11 13:00:00,BLDG-003,datacenter,15.96,16.29,232.2,0.1,0.807,17.7,40.9,6,False
2024-01-11 14:00:00,BLDG-003,datacenter,17.56,16.47,228.3,0.1,0.896,19.7,31.8,7,False
2024-01-11 15:00:00,BLDG-003,datacenter,16.16,16.62,231.3,0.1,0.803,21.8,30.0,6,False
2024-01-11 16:00:00,BLDG-003,datacenter,17.1,16.03,231.5,0.1,0.862,17.5,28.0,6,False
2024-01-11 17:00:00,BLDG-003,datacenter,15.09,14.95,230.9,0.1,0.858,17.6,59.1,5,False
2024-01-11 18:00:00,BLDG-003,datacenter,13.83,13.96,231.2,0.1,0.856,17.6,42.4,3,False
2024-01-11 19:00:00,BLDG-003,datacenter,12.83,12.83,231.1,0.1,0.912,16.0,38.0,1,False
2024-01-11 20:00:00,BLDG-003,datacenter,10.99,11.74,229.6,0.1,0.874,15.1,46.4,0,False
2024-01-11 21:00:00,BLDG-003,datacenter,11.77,11.55,235.3,0.1,0.839,16.6,50.5,0,False
2024-01-11 22:00:00,BLDG-003,datacenter,12.21,11.74,231.8,0.1,0.817,15.8,48.6,0,False
2024-01-11 23:00:00,BLDG-003,datacenter,11.03,11.96,231.2,0.1,0.889,17.7,48.7,0,False
2024-01-11 00:00:00,BLDG-004,warehouse,1.16,1.1,229.0,0.1,0.823,13.9,52.1,0,False
2024-01-11 01:00:00,BLDG-004,warehouse,1.15,1.07,229.6,0.1,0.904,18.6,38.5,0,False
2024-01-11 02:00:00,BLDG-004,warehouse,1.06,1.12,231.2,0.1,0.812,12.1,31.5,0,False
2024-01-11 03:00:00,BLDG-004,warehouse,1.03,1.1,229.6,0.1,0.873,16.8,47.1,0,False
2024-01-11 04:00:00,BLDG-004,warehouse,1.16,1.06,228.3,0.1,0.859,10.0,44.7,0,False
2024-01-11 05:00:00,BLDG-004,warehouse,1.07,1.11,227.3,0.1,0.803,13.3,40.5,0,False
2024-01-11 06:00:00,BLDG-004,warehouse,1.02,1.07,227.7,0.1,0.778,15.6,46.5,0,False
2024-01-11 07:00:00,BLDG-004,warehouse,1.07,1.03,230.3,0.1,0.923,20.4,29.5,0,False
2024-01-11 08:00:00,BLDG-004,warehouse,1.1,1.09,229.3,0.1,0.889,11.2,38.5,0,False
2024-01-11 09:00:00,BLDG-004,warehouse,1.09,1.14,228.7,0.1,0.856,13.6,43.9,2,False
2024-01-11 10:00:00,BLDG-004,warehouse,1.3,1.18,230.5,0.1,0.796,12.9,56.1,3,False
2024-01-11 11:00:00,BLDG-004,warehouse,1.19,1.18,229.6,0.1,0.871,15.3,35.9,5,False
2024-01-11 12:00:00,BLDG-004,warehouse,1.21,1.26,226.5,0.1,0.836,17.0,32.8,6,False
2024-01-11 13:00:00,BLDG-004,warehouse,1.16,1.23,231.0,0.1,0.859,18.6,53.6,7,False
2024-01-11 14:00:00,BLDG-004,warehouse,1.14,1.26,232.8,0.1,0.882,14.0,50.9,7,False
2024-01-11 15:00:00,BLDG-004,warehouse,1.1,1.26,232.7,0.1,0.861,16.3,30.9,7,False
2024-01-11 16:00:00,BLDG-004,warehouse,1.26,1.17,230.5,0.1,0.811,15.2,36.3,6,False
2024-01-11 17:00:00,BLDG-004,warehouse,1.1,1.19,228.5,0.1,0.879,16.3,55.3,5,False
2024-01-11 18:00:00,BLDG-004,warehouse,1.19,1.19,230.8,0.1,0.822,11.3,50.1,3,False
2024-01-11 19:00:00,BLDG-004,warehouse,1.2,1.11,229.9,0.1,0.869,18.0,64.5,2,False
2024-01-11 20:00:00,BLDG-004,warehouse,1.09,1.05,228.5,0.1,0.825,15.3,49.5,0,False
2024-01-11 21:00:00,BLDG-004,warehouse,1.06,1.07,228.6,0.1,0.836,14.3,37.8,0,False
2024-01-11 22:00:00,BLDG-004,warehouse,1.13,1.07,235.4,0.1,0.914,16.0,39.9,0,False
2024-01-11 23:00:00,BLDG-004,warehouse,1.1,1.07,230.3,0.1,0.885,14.4,56.3,0,False
2024-01-11 00:00:00,BLDG-005,common_area,0.84,0.81,225.3,0.1,0.853,15.7,50.4,1,False
2024-01-11 01:00:00,BLDG-005,common_area,0.0,0.0,229.3,0.1,0.814,14.7,28.0,1,True
2024-01-11 02:00:00,BLDG-005,common_area,0.75,0.79,228.6,0.1,0.833,18.5,64.4,1,False
2024-01-11 03:00:00,BLDG-005,common_area,0.89,0.78,228.9,0.1,0.862,13.1,49.3,1,False
2024-01-11 04:00:00,BLDG-005,common_area,0.73,0.81,229.3,0.1,0.807,18.0,49.6,1,False
2024-01-11 05:00:00,BLDG-005,common_area,0.74,0.8,229.5,0.1,0.814,14.6,37.5,1,False
2024-01-11 06:00:00,BLDG-005,common_area,0.81,0.77,229.4,0.1,0.796,16.7,33.8,1,False
2024-01-11 07:00:00,BLDG-005,common_area,0.78,0.8,231.3,0.1,0.904,15.5,41.3,1,False
2024-01-11 08:00:00,BLDG-005,common_area,0.76,0.79,229.4,0.1,0.811,16.4,35.8,1,False
2024-01-11 09:00:00,BLDG-005,common_area,0.75,0.82,232.6,0.1,0.862,14.7,41.2,5,False
2024-01-11 10:00:00,BLDG-005,common_area,0.94,0.86,227.3,0.1,0.915,17.2,50.6,10,False
2024-01-11 11:00:00,BLDG-005,common_area,0.9,0.87,229.1,0.1,0.9,17.3,25.8,14,False
2024-01-11 12:00:00,BLDG-005,common_area,0.95,0.89,227.8,0.1,0.82,16.4,27.2,17,False
2024-01-11 13:00:00,BLDG-005,common_area,0.81,0.93,230.4,0.1,1.0,14.2,34.4,20,False
2024-01-11 14:00:00,BLDG-005,common_area,0.9,0.9,234.5,0.1,0.89,12.4,34.5,20,False
2024-01-11 15:00:00,BLDG-005,common_area,0.98,0.93,227.2,0.1,0.919,17.8,65.3,20,False
2024-01-11 16:00:00,BLDG-005,common_area,0.94,0.93,228.6,0.1,0.928,12.2,50.4,17,False
2024-01-11 17:00:00,BLDG-005,common_area,0.89,0.91,226.2,0.1,0.84,11.3,31.2,14,False
2024-01-11 18:00:00,BLDG-005,common_area,0.79,0.85,227.5,0.1,0.873,13.7,55.4,10,False
2024-01-11 19:00:00,BLDG-005,common_area,0.75,0.83,226.1,0.1,0.773,16.3,33.1,5,False
2024-01-11 20:00:00,BLDG-005,common_area,0.82,0.82,229.9,0.1,0.82,13.8,34.6,1,False
2024-01-11 21:00:00,BLDG-005,common_area,0.83,0.78,228.5,0.1,0.872,16.7,40.5,1,False
2024-01-11 22:00:00,BLDG-005,common_area,0.82,0.79,229.4,0.1,0.784,16.7,59.4,1,False
2024-01-11 23:00:00,BLDG-005,common_area,0.77,0.8,230.0,0.1,0.767,13.5,25.8,1,False
2024-01-12 00:00:00,BLDG-001,office,1.38,1.53,229.9,0.1,0.846,14.1,39.8,1,False
2024-01-12 01:00:00,BLDG-001,office,1.49,1.56,227.8,0.1,0.783,14.9,47.7,1,False
2024-01-12 02:00:00,BLDG-001,office,1.62,1.52,230.3,0.1,0.826,12.9,36.1,1,False
2024-01-12 03:00:00,BLDG-001,office,1.37,1.55,231.7,0.1,0.831,14.3,61.1,1,False
2024-01-12 04:00:00,BLDG-001,office,1.57,1.56,230.4,0.1,0.839,16.5,40.1,1,False
2024-01-12 05:00:00,BLDG-001,office,1.6,1.57,232.2,0.1,0.872,16.8,34.6,1,False
2024-01-12 06:00:00,BLDG-001,office,1.5,1.53,230.8,0.1,0.825,15.6,42.1,1,False
2024-01-12 07:00:00,BLDG-001,office,1.52,1.53,227.9,0.1,0.907,16.9,33.1,1,False
2024-01-12 08:00:00,BLDG-001,office,1.43,1.5,226.9,0.1,0.901,15.9,64.5,1,False
2024-01-12 09:00:00,BLDG-001,office,1.52,1.52,228.4,0.1,0.843,15.4,57.8,5,False
2024-01-12 10:00:00,BLDG-001,office,1.54,1.54,228.8,0.1,0.794,16.5,49.2,10,False
2024-01-12 11:00:00,BLDG-001,office,1.71,1.52,228.9,0.1,0.888,17.5,62.8,14,False
2024-01-12 12:00:00,BLDG-001,office,1.64,1.66,229.2,0.1,0.825,16.0,48.7,17,False
2024-01-12 13:00:00,BLDG-001,office,1.46,1.62,228.3,0.1,0.833,15.7,52.0,19,False
2024-01-12 14:00:00,BLDG-001,office,1.56,1.67,232.4,0.1,0.856,15.5,60.2,20,False
2024-01-12 15:00:00,BLDG-001,office,1.65,1.6,233.1,0.1,0.775,14.2,64.2,19,False
2024-01-12 16:00:00,BLDG-001,office,1.7,1.64,229.4,0.1,0.857,15.9,51.8,17,False
2024-01-12 17:00:00,BLDG-001,office,1.68,1.6,229.4,0.1,0.855,11.1,42.6,14,False
2024-01-12 18:00:00,BLDG-001,office,1.5,1.61,228.4,0.1,0.824,15.8,51.4,10,False
2024-01-12 19:00:00,BLDG-001,office,1.47,1.55,230.0,0.1,0.769,14.1,32.4,5,False
2024-01-12 20:00:00,BLDG-001,office,1.61,1.51,233.0,0.1,0.824,12.5,56.5,1,False
2024-01-12 21:00:00,BLDG-001,office,1.57,1.55,232.3,0.1,0.844,15.3,41.4,1,False
2024-01-12 22:00:00,BLDG-001,office,1.39,1.54,229.2,0.1,0.855,14.6,33.7,1,False
2024-01-12 23:00:00,BLDG-001,office,1.43,1.51,229.8,0.1,0.756,11.9,30.0,1,False
2024-01-12 00:00:00,BLDG-002,lab,2.9,2.82,232.1,0.1,0.811,15.5,64.6,0,False
2024-01-12 01:00:00,BLDG-002,lab,2.91,2.92,229.6,0.1,0.813,18.5,40.5,0,False
2024-01-12 02:00:00,BLDG-002,lab,3.06,2.81,231.3,0.1,0.92,15.5,54.5,0,False
2024-01-12 03:00:00,BLDG-002,lab,2.61,2.77,234.9,0.1,0.861,13.8,29.3,0,False
2024-01-12 04:00:00,BLDG-002,lab,3.02,2.87,228.9,0.1,0.808,15.2,43.2,0,False
2024-01-12 05:00:00,BLDG-002,lab,2.97,2.84,226.3,0.1,0.782,16.0,49.4,0,False
2024-01-12 06:00:00,BLDG-002,lab,3.01,2.85,231.4,0.1,0.919,19.3,50.2,0,False
2024-01-12 07:00:00,BLDG-002,lab,2.56,2.89,228.8,0.1,0.83,14.4,46.9,0,False
2024-01-12 08:00:00,BLDG-002,lab,2.83,2.83,232.3,0.1,0.778,11.2,42.5,0,False
2024-01-12 09:00:00,BLDG-002,lab,2.68,2.89,230.1,0.1,0.939,13.6,55.5,1,False
2024-01-12 10:00:00,BLDG-002,lab,2.95,2.95,231.3,0.1,0.828,12.0,22.1,2,False
2024-01-12 11:00:00,BLDG-002,lab,2.82,2.98,227.2,0.1,0.85,14.3,34.7,3,False
2024-01-12 12:00:00,BLDG-002,lab,2.95,2.93,231.9,0.1,0.809,14.2,61.8,4,False
2024-01-12 13:00:00,BLDG-002,lab,3.02,3.01,229.9,0.1,0.824,16.6,40.2,4,False
2024-01-12 14:00:00,BLDG-002,lab,2.7,2.97,228.8,0.1,0.843,14.8,49.1,5,False
2024-01-12 15:00:00,BLDG-002,lab,2.9,3.06,231.3,0.1,0.802,15.3,64.7,4,False
2024-01-12 16:00:00,BLDG-002,lab,3.13,3.13,232.5,0.1,0.894,17.7,64.9,4,False
2024-01-12 17:00:00,BLDG-002,lab,3.02,3.11,232.7,0.1,0.862,12.5,40.5,3,False
2024-01-12 18:00:00,BLDG-002,lab,2.83,2.99,233.2,0.1,0.903,14.8,27.6,2,False
2024-01-12 19:00:00,BLDG-002,lab,2.83,2.89,230.3,0.1,0.897,14.8,54.8,1,False
2024-01-12 20:00:00,BLDG-002,lab,2.86,2.93,228.9,0.1,0.865,15.1,54.3,0,False
2024-01-12 21:00:00,BLDG-002,lab,2.76,2.88,227.8,0.1,0.813,17.0,53.8,0,False
2024-01-12 22:00:00,BLDG-002,lab,2.72,2.85,226.9,0.1,0.794,14.4,41.3,0,False
2024-01-12 23:00:00,BLDG-002,lab,2.9,2.87,227.1,0.1,0.902,14.9,36.5,0,False
2024-01-12 00:00:00,BLDG-003,datacenter,12.99,13.47,228.7,0.1,0.862,17.8,51.9,0,False
2024-01-12 01:00:00,BLDG-003,datacenter,13.92,13.23,229.6,0.1,0.915,17.4,38.7,0,False
2024-01-12 02:00:00,BLDG-003,datacenter,14.11,13.57,228.1,0.1,0.815,16.8,26.8,0,False
2024-01-12 03:00:00,BLDG-003,datacenter,13.86,13.29,227.3,0.1,0.834,17.9,59.7,0,False
2024-01-12 04:00:00,BLDG-003,datacenter,14.3,13.47,230.6,0.1,0.878,19.3,47.7,0,False
2024-01-12 05:00:00,BLDG-003,datacenter,13.48,13.71,226.1,0.1,0.899,15.3,36.1,0,False
2024-01-12 06:00:00,BLDG-003,datacenter,13.82,13.08,230.4,0.1,0.796,19.7,52.1,0,False
2024-01-12 07:00:00,BLDG-003,datacenter,12.43,13.36,230.9,0.1,0.876,17.3,47.7,0,False
2024-01-12 08:00:00,BLDG-003,datacenter,12.71,13.06,230.4,0.1,0.867,15.6,36.4,0,False
2024-01-12 09:00:00,BLDG-003,datacenter,14.25,14.65,230.7,0.1,0.815,17.9,48.4,2,False
2024-01-12 10:00:00,BLDG-003,datacenter,16.65,16.16,225.2,0.1,0.871,16.4,49.0,4,False
2024-01-12 11:00:00,BLDG-003,datacenter,18.35,18.87,229.5,0.1,0.796,16.5,40.0,6,False
2024-01-12 12:00:00,BLDG-003,datacenter,19.83,19.15,233.5,0.1,0.862,18.1,42.2,7,False
2024-01-12 13:00:00,BLDG-003,datacenter,19.65,19.18,231.3,0.1,0.798,19.4,41.5,8,False
2024-01-12 14:00:00,BLDG-003,datacenter,21.53,20.69,231.4,0.1,0.924,17.6,55.3,8,False
2024-01-12 15:00:00,BLDG-003,datacenter,18.8,19.92,229.7,0.1,0.861,18.7,46.3,8,False
2024-01-12 16:00:00,BLDG-003,datacenter,21.48,19.26,229.4,0.1,0.862,19.2,55.9,7,False
2024-01-12 17:00:00,BLDG-003,datacenter,18.94,18.39,229.6,0.1,0.875,16.1,47.5,6,False
2024-01-12 18:00:00,BLDG-003,datacenter,16.4,16.52,230.9,0.1,0.853,20.5,51.9,4,False
2024-01-12 19:00:00,BLDG-003,datacenter,14.75,14.77,231.1,0.1,0.86,21.3,43.2,2,False
2024-01-12 20:00:00,BLDG-003,datacenter,13.52,13.38,227.5,0.1,0.859,15.8,27.5,0,False
2024-01-12 21:00:00,BLDG-003,datacenter,14.09,13.02,230.9,0.1,0.888,20.2,42.9,0,False
2024-01-12 22:00:00,BLDG-003,datacenter,13.01,13.26,228.7,0.1,0.905,13.0,40.4,0,False
2024-01-12 23:00:00,BLDG-003,datacenter,13.48,12.98,232.6,0.1,0.769,19.5,54.2,0,False
2024-01-12 00:00:00,BLDG-004,warehouse,1.89,1.83,232.4,0.1,0.886,17.5,60.7,1,False
2024-01-12 01:00:00,BLDG-004,warehouse,1.65,1.78,230.5,0.1,0.839,15.4,57.2,1,False
2024-01-12 02:00:00,BLDG-004,warehouse,1.87,1.81,230.8,0.1,0.828,15.1,38.5,1,False
2024-01-12 03:00:00,BLDG-004,warehouse,1.72,1.78,229.9,0.1,0.863,16.0,42.4,1,False
2024-01-12 04:00:00,BLDG-004,warehouse,1.85,1.74,231.7,0.1,0.894,17.2,37.7,1,False
2024-01-12 05:00:00,BLDG-004,warehouse,1.76,1.81,230.2,0.1,0.822,12.5,47.9,1,False
2024-01-12 06:00:00,BLDG-004,warehouse,1.75,1.9,227.5,0.1,0.966,13.4,20.0,1,False
2024-01-12 07:00:00,BLDG-004,warehouse,1.56,1.77,228.0,0.1,0.773,14.8,45.9,1,False
2024-01-12 08:00:00,BLDG-004,warehouse,3.12,3.23,228.9,0.1,0.791,18.1,53.9,1,True
2024-01-12 09:00:00,BLDG-004,warehouse,2.13,1.96,232.4,0.1,0.911,15.0,50.3,5,False
2024-01-12 10:00:00,BLDG-004,warehouse,2.21,2.18,229.9,0.1,0.82,16.2,31.9,10,False
2024-01-12 11:00:00,BLDG-004,warehouse,2.35,2.39,233.5,0.1,0.811,12.4,47.6,15,False
2024-01-12 12:00:00,BLDG-004,warehouse,2.44,2.4,228.3,0.1,0.852,14.2,43.8,18,False
2024-01-12 13:00:00,BLDG-004,warehouse,2.61,2.57,233.4,0.1,0.881,13.2,55.1,20,False
2024-01-12 14:00:00,BLDG-004,warehouse,2.48,2.62,226.8,0.1,0.868,17.3,46.8,21,False
2024-01-12 15:00:00,BLDG-004,warehouse,2.37,2.49,227.3,0.1,0.841,17.9,32.2,20,False
2024-01-12 16:00:00,BLDG-004,warehouse,2.61,2.51,228.6,0.1,0.786,16.8,44.3,18,False
2024-01-12 17:00:00,BLDG-004,warehouse,2.28,2.42,229.4,0.1,0.793,15.3,41.1,15,False
2024-01-12 18:00:00,BLDG-004,warehouse,2.3,2.12,226.1,0.1,0.963,15.4,32.3,10,False
2024-01-12 19:00:00,BLDG-004,warehouse,2.06,1.98,228.0,0.1,0.9,16.0,38.3,5,False
2024-01-12 20:00:00,BLDG-004,warehouse,1.81,1.82,229.3,0.1,0.7,14.1,52.6,1,False
2024-01-12 21:00:00,BLDG-004,warehouse,1.76,1.83,228.7,0.1,0.888,13.5,46.5,1,False
2024-01-12 22:00:00,BLDG-004,warehouse,1.77,1.77,229.3,0.1,0.754,18.6,49.8,1,False
2024-01-12 23:00:00,BLDG-004,warehouse,1.79,1.75,233.7,0.1,0.814,16.6,54.2,1,False
2024-01-12 00:00:00,BLDG-005,common_area,1.69,1.68,231.0,0.1,0.819,19.2,42.1,3,False
2024-01-12 01:00:00,BLDG-005,common_area,1.74,1.66,226.7,0.1,0.712,20.4,60.0,3,False
2024-01-12 02:00:00,BLDG-005,common_area,1.58,1.68,230.2,0.1,0.873,14.0,60.3,3,False
2024-01-12 03:00:00,BLDG-005,common_area,1.63,1.71,229.8,0.1,0.845,17.5,42.4,3,False
2024-01-12 04:00:00,BLDG-005,common_area,1.71,1.69,230.0,0.1,0.789,14.4,33.6,3,False
2024-01-12 05:00:00,BLDG-005,common_area,1.62,1.66,227.3,0.1,0.918,15.6,53.1,3,False
2024-01-12 06:00:00,BLDG-005,common_area,1.61,1.73,229.1,0.1,0.869,16.0,53.0,3,False
2024-01-12 07:00:00,BLDG-005,common_area,0.16,0.16,229.1,0.1,0.866,13.0,43.1,3,True
2024-01-12 08:00:00,BLDG-005,common_area,1.66,1.57,230.2,0.1,0.892,15.6,54.8,3,False
2024-01-12 09:00:00,BLDG-005,common_area,1.93,1.95,230.4,0.1,0.866,14.8,41.0,19,False
2024-01-12 10:00:00,BLDG-005,common_area,2.12,2.15,230.1,0.1,0.895,11.6,65.3,38,False
2024-01-12 11:00:00,BLDG-005,common_area,2.4,2.39,229.7,0.1,0.88,13.9,44.5,54,False
2024-01-12 12:00:00,BLDG-005,common_area,2.63,2.57,233.2,0.1,0.907,14.5,55.3,66,False
2024-01-12 13:00:00,BLDG-005,common_area,2.71,2.58,231.6,0.1,0.955,15.8,56.6,74,False
2024-01-12 14:00:00,BLDG-005,common_area,2.76,2.6,229.0,0.1,0.824,17.0,46.2,77,False
2024-01-12 15:00:00,BLDG-005,common_area,2.59,2.54,229.9,0.1,0.949,13.8,33.8,74,False
2024-01-12 16:00:00,BLDG-005,common_area,2.63,2.46,231.3,0.1,0.84,15.1,41.0,66,False
2024-01-12 17:00:00,BLDG-005,common_area,2.37,2.35,230.1,0.1,0.787,16.2,42.0,54,False
2024-01-12 18:00:00,BLDG-005,common_area,2.06,2.09,228.0,0.1,0.862,13.9,60.6,38,False
2024-01-12 19:00:00,BLDG-005,common_area,1.82,1.84,234.2,0.1,0.816,16.8,65.5,20,False
2024-01-12 20:00:00,BLDG-005,common_area,1.66,1.6,227.7,0.1,0.782,14.9,23.8,3,False
2024-01-12 21:00:00,BLDG-005,common_area,1.65,1.7,227.1,0.1,0.805,17.5,40.6,3,False
2024-01-12 22:00:00,BLDG-005,common_area,1.72,1.65,226.5,0.1,0.851,12.7,34.3,3,False
2024-01-12 23:00:00,BLDG-005,common_area,1.7,1.58,231.7,0.1,0.913,13.9,43.3,3,False
2024-01-13 00:00:00,BLDG-001,office,1.79,1.77,231.4,0.1,0.832,15.3,55.0,20,False
2024-01-13 01:00:00,BLDG-001,office,2.02,1.75,227.9,0.1,0.9,14.0,43.7,20,False
2024-01-13 02:00:00,BLDG-001,office,1.71,1.77,228.6,0.1,0.788,13.6,51.3,20,False
2024-01-13 03:00:00,BLDG-001,office,1.64,1.77,230.3,0.1,0.886,13.4,56.7,20,False
2024-01-13 04:00:00,BLDG-001,office,3.09,3.17,232.0,0.1,0.88,14.6,51.0,20,True
2024-01-13 05:00:00,BLDG-001,office,1.78,1.75,229.3,0.1,0.831,8.4,39.1,20,False
2024-01-13 06:00:00,BLDG-001,office,1.88,1.75,230.0,0.1,0.795,11.6,55.8,20,False
2024-01-13 07:00:00,BLDG-001,office,1.72,1.77,230.0,0.1,0.814,13.9,49.3,20,False
2024-01-13 08:00:00,BLDG-001,office,1.81,1.75,227.6,0.1,0.789,15.8,38.6,20,False
2024-01-13 09:00:00,BLDG-001,office,1.61,1.85,231.2,0.1,0.891,13.5,41.2,20,False
2024-01-13 10:00:00,BLDG-001,office,1.72,1.78,229.9,0.1,0.954,15.9,44.5,20,False
2024-01-13 11:00:00,BLDG-001,office,1.7,1.72,229.7,0.1,0.921,17.3,46.1,20,False
2024-01-13 12:00:00,BLDG-001,office,1.66,1.76,229.8,0.1,0.848,13.8,59.1,20,False
2024-01-13 13:00:00,BLDG-001,office,1.72,1.73,230.4,0.1,0.915,17.5,44.4,20,False
2024-01-13 14:00:00,BLDG-001,office,1.73,1.75,231.8,0.1,0.87,16.0,47.4,20,False
2024-01-13 15:00:00,BLDG-001,office,1.96,1.8,229.3,0.1,0.903,17.0,45.9,20,False
2024-01-13 16:00:00,BLDG-001,office,1.87,1.74,232.0,0.1,0.788,12.1,44.1,20,False
2024-01-13 17:00:00,BLDG-001,office,1.85,1.72,228.2,0.1,0.867,15.6,48.9,20,False
2024-01-13 18:00:00,BLDG-001,office,1.83,1.82,228.8,0.1,0.933,13.5,50.1,20,False
2024-01-13 19:00:00,BLDG-001,office,1.95,1.78,232.7,0.1,0.906,15.6,54.1,20,False
2024-01-13 20:00:00,BLDG-001,office,1.63,1.77,225.7,0.1,0.838,18.8,49.9,20,False
2024-01-13 21:00:00,BLDG-001,office,1.84,1.77,231.0,0.1,0.749,15.2,33.8,20,False
2024-01-13 22:00:00,BLDG-001,office,1.94,1.78,229.9,0.1,0.823,15.9,39.9,20,False
2024-01-13 23:00:00,BLDG-001,office,1.88,1.74,230.0,0.1,0.866,13.9,49.7,20,False
2024-01-13 00:00:00,BLDG-002,lab,3.12,3.17,229.1,0.1,0.878,17.2,38.9,5,False
2024-01-13 01:00:00,BLDG-002,lab,2.99,3.06,229.0,0.1,0.836,16.6,46.5,5,False
2024-01-13 02:00:00,BLDG-002,lab,2.88,3.3,228.8,0.1,0.757,16.0,33.9,5,False
2024-01-13 03:00:00,BLDG-002,lab,3.15,3.21,226.8,0.1,0.813,15.6,43.2,5,False
2024-01-13 04:00:00,BLDG-002,lab,3.24,3.3,231.0,0.1,0.832,15.1,41.5,5,False
2024-01-13 05:00:00,BLDG-002,lab,3.28,3.22,230.8,0.1,0.841,12.1,22.1,5,False
2024-01-13 06:00:00,BLDG-002,lab,3.02,3.1,235.0,0.1,0.925,14.3,69.3,5,False
2024-01-13 07:00:00,BLDG-002,lab,3.2,3.14,229.2,0.1,0.842,13.8,24.0,5,False
2024-01-13 08:00:00,BLDG-002,lab,3.38,2.95,231.0,0.1,0.907,14.9,47.1,5,False
2024-01-13 09:00:00,BLDG-002,lab,3.29,3.18,231.7,0.1,0.854,14.8,52.8,5,False
2024-01-13 10:00:00,BLDG-002,lab,3.37,3.21,231.0,0.1,0.806,13.8,60.5,5,False
2024-01-13 11:00:00,BLDG-002,lab,3.04,3.03,231.0,0.1,0.899,15.7,20.0,5,False
2024-01-13 12:00:00,BLDG-002,lab,2.93,3.27,225.9,0.1,0.851,14.3,34.0,5,False
2024-01-13 13:00:00,BLDG-002,lab,2.99,3.14,227.8,0.1,0.923,14.6,58.8,5,False
2024-01-13 14:00:00,BLDG-002,lab,3.09,3.22,228.9,0.1,0.924,14.1,40.0,5,False
2024-01-13 15:00:00,BLDG-002,lab,2.98,3.06,228.7,0.1,0.868,13.8,57.2,5,False
2024-01-13 16:00:00,BLDG-002,lab,2.88,3.24,231.0,0.1,0.812,16.2,56.3,5,False
2024-01-13 17:00:00,BLDG-002,lab,3.12,3.19,233.4,0.1,0.889,13.0,47.0,5,False
2024-01-13 18:00:00,BLDG-002,lab,3.01,3.25,229.6,0.1,0.832,12.4,59.3,5,False
2024-01-13 19:00:00,BLDG-002,lab,3.03,3.12,230.1,0.1,0.873,15.7,31.6,5,False
2024-01-13 20:00:00,BLDG-002,lab,3.29,3.13,228.5,0.1,0.833,18.9,32.7,5,False
2024-01-13 21:00:00,BLDG-002,lab,7.9,7.74,229.7,0.1,0.823,14.6,45.6,5,True
2024-01-13 22:00:00,BLDG-002,lab,2.87,3.16,228.0,0.1,0.844,15.5,42.7,5,False
2024-01-13 23:00:00,BLDG-002,lab,3.22,3.19,227.7,0.1,0.748,16.8,62.3,5,False
2024-01-13 00:00:00,BLDG-003,datacenter,6.08,5.77,228.5,0.1,0.97,20.1,42.8,1,False
2024-01-13 01:00:00,BLDG-003,datacenter,6.18,6.03,230.5,0.1,0.895,15.5,38.0,1,False
2024-01-13 02:00:00,BLDG-003,datacenter,6.13,5.99,230.0,0.1,0.792,21.7,40.0,1,False
2024-01-13 03:00:00,BLDG-003,datacenter,5.93,5.86,233.6,0.1,0.891,18.5,42.1,1,False
2024-01-13 04:00:00,BLDG-003,datacenter,6.02,5.76,231.3,0.1,0.795,18.7,56.3,1,False
2024-01-13 05:00:00,BLDG-003,datacenter,5.95,5.89,231.3,0.1,0.873,16.3,57.8,1,False
2024-01-13 06:00:00,BLDG-003,datacenter,6.24,6.0,228.1,0.1,0.823,14.0,55.0,1,False
2024-01-13 07:00:00,BLDG-003,datacenter,6.87,5.91,230.7,0.1,0.833,22.1,59.8,1,False
2024-01-13 08:00:00,BLDG-003,datacenter,5.54,5.98,230.1,0.1,0.822,18.2,40.5,1,False
2024-01-13 09:00:00,BLDG-003,datacenter,6.33,5.91,230.7,0.1,0.89,18.6,61.5,1,False
2024-01-13 10:00:00,BLDG-003,datacenter,6.04,5.96,231.1,0.1,0.892,19.1,52.5,1,False
2024-01-13 11:00:00,BLDG-003,datacenter,6.03,5.82,229.1,0.1,0.872,19.7,31.8,1,False
2024-01-13 12:00:00,BLDG-003,datacenter,5.9,6.04,232.3,0.1,0.882,18.6,43.1,1,False
2024-01-13 13:00:00,BLDG-003,datacenter,5.91,6.08,227.8,0.1,0.859,22.1,41.0,1,False
2024-01-13 14:00:00,BLDG-003,datacenter,6.59,5.86,228.7,0.1,0.814,19.1,44.5,1,False
2024-01-13 15:00:00,BLDG-003,datacenter,5.81,5.92,228.4,0.1,0.867,19.3,52.5,1,False
2024-01-13 16:00:00,BLDG-003,datacenter,5.27,5.93,230.1,0.1,0.861,16.9,32.9,1,False
2024-01-13 17:00:00,BLDG-003,datacenter,5.76,6.08,230.4,0.1,0.848,18.5,30.7,1,False
2024-01-13 18:00:00,BLDG-003,datacenter,6.58,5.76,226.7,0.1,0.861,16.8,33.7,1,False
2024-01-13 19:00:00,BLDG-003,datacenter,5.94,6.0,229.1,0.1,0.773,17.9,34.2,1,False
2024-01-13 20:00:00,BLDG-003,datacenter,5.73,5.94,224.1,0.1,0.866,17.6,55.5,1,False
2024-01-13 21:00:00,BLDG-003,datacenter,5.88,5.84,228.9,0.1,0.839,14.0,37.0,1,False
2024-01-13 22:00:00,BLDG-003,datacenter,6.09,5.97,231.3,0.1,0.849,21.4,59.0,1,False
2024-01-13 23:00:00,BLDG-003,datacenter,5.57,5.75,228.3,0.1,0.886,16.6,43.0,1,False
2024-01-13 00:00:00,BLDG-004,warehouse,0.98,0.9,224.5,0.1,0.778,11.1,56.3,3,False
2024-01-13 01:00:00,BLDG-004,warehouse,0.88,0.92,227.9,0.1,0.919,14.4,54.7,3,False
2024-01-13 02:00:00,BLDG-004,warehouse,0.92,0.92,231.1,0.1,0.895,13.5,63.3,3,False
2024-01-13 03:00:00,BLDG-004,warehouse,1.01,0.92,226.4,0.1,0.816,16.5,54.4,3,False
2024-01-13 04:00:00,BLDG-004,warehouse,0.93,0.89,231.9,0.1,0.864,15.4,25.4,3,False
2024-01-13 05:00:00,BLDG-004,warehouse,0.96,0.92,229.5,0.1,0.827,15.4,32.0,3,False
2024-01-13 06:00:00,BLDG-004,warehouse,0.91,0.92,229.3,0.1,0.822,16.2,35.9,3,False
2024-01-13 07:00:00,BLDG-004,warehouse,0.89,0.93,232.1,0.1,0.846,16.0,44.6,3,False
2024-01-13 08:00:00,BLDG-004,warehouse,0.81,0.94,235.3,0.1,0.919,14.2,47.5,3,False
2024-01-13 09:00:00,BLDG-004,warehouse,0.94,0.91,230.9,0.1,0.805,11.5,52.9,3,False
2024-01-13 10:00:00,BLDG-004,warehouse,0.92,0.92,231.1,0.1,0.798,15.4,66.7,3,False
2024-01-13 11:00:00,BLDG-004,warehouse,0.92,0.91,230.9,0.1,0.883,11.6,30.1,3,False
2024-01-13 12:00:00,BLDG-004,warehouse,0.91,0.92,231.1,0.1,0.829,13.0,39.4,3,False
2024-01-13 13:00:00,BLDG-004,warehouse,0.88,0.89,226.8,0.1,0.854,13.8,60.0,3,False
2024-01-13 14:00:00,BLDG-004,warehouse,0.92,0.92,227.6,0.1,0.89,12.9,55.2,3,False
2024-01-13 15:00:00,BLDG-004,warehouse,0.9,0.88,231.3,0.1,0.812,16.0,24.9,3,False
2024-01-13 16:00:00,BLDG-004,warehouse,0.84,0.92,232.0,0.1,0.846,14.3,40.9,3,False
2024-01-13 17:00:00,BLDG-004,warehouse,0.8,0.89,228.9,0.1,0.831,12.5,36.0,3,False
2024-01-13 18:00:00,BLDG-004,warehouse,0.87,0.93,229.9,0.1,0.906,13.5,44.6,3,False
2024-01-13 19:00:00,BLDG-004,warehouse,0.9,0.89,227.5,0.1,0.863,13.4,44.1,3,False
2024-01-13 20:00:00,BLDG-004,warehouse,0.94,0.9,230.1,0.1,0.878,12.5,75.3,3,False
2024-01-13 21:00:00,BLDG-004,warehouse,0.97,0.93,233.7,0.1,0.803,16.3,38.3,3,False
2024-01-13 22:00:00,BLDG-004,warehouse,0.98,0.91,231.6,0.1,0.791,18.3,52.5,3,False
2024-01-13 23:00:00,BLDG-004,warehouse,0.91,0.94,232.1,0.1,0.871,16.7,46.8,3,False
2024-01-13 00:00:00,BLDG-005,common_area,0.7,0.7,230.8,0.1,0.808,14.1,27.4,8,False
2024-01-13 01:00:00,BLDG-005,common_area,0.72,0.72,229.1,0.1,0.847,15.0,34.7,8,False
2024-01-13 02:00:00,BLDG-005,common_area,0.66,0.71,232.2,0.1,0.857,12.4,36.3,8,False
2024-01-13 03:00:00,BLDG-005,common_area,0.69,0.7,230.1,0.1,0.812,14.8,39.9,8,False
2024-01-13 04:00:00,BLDG-005,common_area,0.74,0.69,228.2,0.1,0.861,13.5,51.4,8,False
2024-01-13 05:00:00,BLDG-005,common_area,0.71,0.68,227.4,0.1,0.853,14.9,54.4,8,False
2024-01-13 06:00:00,BLDG-005,common_area,0.76,0.71,230.5,0.1,0.988,14.5,38.3,8,False
2024-01-13 07:00:00,BLDG-005,common_area,0.68,0.71,231.0,0.1,0.916,17.6,29.2,8,False
2024-01-13 08:00:00,BLDG-005,common_area,0.71,0.72,230.4,0.1,0.783,15.2,41.7,8,False
2024-01-13 09:00:00,BLDG-005,common_area,0.73,0.7,234.1,0.1,0.811,15.9,24.9,8,False
2024-01-13 10:00:00,BLDG-005,common_area,0.77,0.71,232.6,0.1,0.813,19.4,38.9,8,False
2024-01-13 11:00:00,BLDG-005,common_area,0.67,0.72,229.6,0.1,0.861,17.8,32.1,8,False
2024-01-13 12:00:00,BLDG-005,common_area,0.75,0.71,232.7,0.1,0.758,15.5,39.1,8,False
2024-01-13 13:00:00,BLDG-005,common_area,0.73,0.71,231.8,0.1,0.885,12.0,38.1,8,False
2024-01-13 14:00:00,BLDG-005,common_area,0.69,0.72,228.8,0.1,0.858,12.6,55.0,8,False
2024-01-13 15:00:00,BLDG-005,common_area,0.66,0.73,229.7,0.1,0.842,17.0,53.2,8,False
2024-01-13 16:00:00,BLDG-005,common_area,0.69,0.69,232.9,0.1,0.757,14.5,53.1,8,False
2024-01-13 17:00:00,BLDG-005,common_area,0.73,0.7,226.1,0.1,0.862,16.8,54.0,8,False
2024-01-13 18:00:00,BLDG-005,common_area,0.7,0.72,230.6,0.1,0.848,13.1,45.0,8,False
2024-01-13 19:00:00,BLDG-005,common_area,0.68,0.7,231.6,0.1,0.868,15.0,48.6,8,False
2024-01-13 20:00:00,BLDG-005,common_area,0.68,0.7,227.5,0.1,0.831,13.6,63.9,8,False
2024-01-13 21:00:00,BLDG-005,common_area,0.73,0.7,230.3,0.1,0.866,15.7,35.9,8,False
2024-01-13 22:00:00,BLDG-005,common_area,0.73,0.73,225.5,0.1,0.731,12.5,27.5,8,False
2024-01-13 23:00:00,BLDG-005,common_area,0.71,0.72,229.9,0.1,0.84,17.3,30.0,8,False
2024-01-14 00:00:00,BLDG-001,office,1.59,1.7,229.2,0.1,0.797,15.8,53.6,20,False
2024-01-14 01:00:00,BLDG-001,office,1.69,1.67,231.2,0.1,0.733,18.7,59.0,20,False
2024-01-14 02:00:00,BLDG-001,office,1.65,1.65,229.2,0.1,0.835,10.5,52.5,20,False
2024-01-14 03:00:00,BLDG-001,office,1.57,1.74,229.7,0.1,0.853,13.6,67.3,20,False
2024-01-14 04:00:00,BLDG-001,office,1.58,1.65,230.8,0.1,0.796,13.1,49.0,20,False
2024-01-14 05:00:00,BLDG-001,office,1.59,1.7,230.6,0.1,0.866,16.6,29.9,20,False
2024-01-14 06:00:00,BLDG-001,office,1.64,1.73,227.4,0.1,0.938,17.9,46.3,20,False
2024-01-14 07:00:00,BLDG-001,office,2.91,3.03,229.3,0.1,0.846,14.3,30.9,20,True
2024-01-14 08:00:00,BLDG-001,office,1.71,1.69,228.4,0.1,0.815,17.6,38.8,20,False
2024-01-14 09:00:00,BLDG-001,office,1.83,1.77,229.7,0.1,0.825,16.5,51.9,20,False
2024-01-14 10:00:00,BLDG-001,office,1.71,1.62,227.3,0.1,0.811,17.4,25.9,20,False
2024-01-14 11:00:00,BLDG-001,office,1.58,1.71,231.2,0.1,0.842,13.9,46.7,20,False
2024-01-14 12:00:00,BLDG-001,office,1.7,1.69,228.9,0.1,0.889,14.6,49.7,20,False
2024-01-14 13:00:00,BLDG-001,office,1.79,1.69,228.8,0.1,0.854,14.5,42.3,20,False
2024-01-14 14:00:00,BLDG-001,office,1.79,1.78,228.6,0.1,0.841,14.5,51.6,20,False
2024-01-14 15:00:00,BLDG-001,office,1.72,1.71,228.7,0.1,0.778,13.3,64.6,20,False
2024-01-14 16:00:00,BLDG-001,office,1.6,1.66,227.2,0.1,0.829,15.7,39.4,20,False
2024-01-14 17:00:00,BLDG-001,office,1.6,1.64,229.9,0.1,0.959,13.1,43.4,20,False
2024-01-14 18:00:00,BLDG-001,office,1.67,1.69,230.3,0.1,0.808,17.9,56.7,20,False
2024-01-14 19:00:00,BLDG-001,office,1.79,1.72,232.8,0.1,0.83,16.1,27.2,20,False
2024-01-14 20:00:00,BLDG-001,office,1.72,1.69,229.1,0.1,0.863,14.4,54.0,20,False
2024-01-14 21:00:00,BLDG-001,office,1.72,1.73,230.2,0.1,0.778,15.2,39.6,20,False
2024-01-14 22:00:00,BLDG-001,office,1.66,1.72,227.4,0.1,0.802,15.9,43.1,20,False
2024-01-14 23:00:00,BLDG-001,office,1.73,1.7,232.3,0.1,0.828,11.9,50.5,20,False
2024-01-14 00:00:00,BLDG-002,lab,3.14,3.25,229.7,0.1,0.874,19.2,53.9,5,False
2024-01-14 01:00:00,BLDG-002,lab,3.19,3.07,230.1,0.1,0.814,16.3,34.9,5,False
2024-01-14 02:00:00,BLDG-002,lab,3.32,3.2,230.0,0.1,0.864,17.2,38.0,5,False
2024-01-14 03:00:00,BLDG-002,lab,2.96,3.19,229.0,0.1,0.806,13.7,39.1,5,False
2024-01-14 04:00:00,BLDG-002,lab,3.1,3.15,229.5,0.1,0.834,17.3,50.1,5,False
2024-01-14 05:00:00,BLDG-002,lab,2.95,3.22,230.5,0.1,0.848,14.2,53.6,5,False
2024-01-14 06:00:00,BLDG-002,lab,3.19,3.19,229.2,0.1,0.795,14.1,50.3,5,False
2024-01-14 07:00:00,BLDG-002,lab,3.14,3.24,226.8,0.1,0.818,11.9,47.8,5,False
2024-01-14 08:00:00,BLDG-002,lab,3.45,3.2,227.5,0.1,0.867,14.2,44.0,5,False
2024-01-14 09:00:00,BLDG-002,lab,3.46,3.21,228.6,0.1,0.919,16.7,32.9,5,False
2024-01-14 10:00:00,BLDG-002,lab,3.07,3.39,232.9,0.1,0.851,16.5,52.8,5,False
2024-01-14 11:00:00,BLDG-002,lab,3.27,3.18,230.8,0.1,0.801,15.8,66.9,5,False
2024-01-14 12:00:00,BLDG-002,lab,3.24,3.31,226.9,0.1,0.854,16.0,61.8,5,False
2024-01-14 13:00:00,BLDG-002,lab,3.29,3.19,227.0,0.1,0.814,14.1,43.8,5,False
2024-01-14 14:00:00,BLDG-002,lab,3.24,3.11,233.9,0.1,0.843,13.1,45.2,5,False
2024-01-14 15:00:00,BLDG-002,lab,3.42,3.15,231.7,0.1,0.903,15.8,41.7,5,False
2024-01-14 16:00:00,BLDG-002,lab,3.25,3.3,232.4,0.1,0.76,17.8,58.6,5,False
2024-01-14 17:00:00,BLDG-002,lab,2.98,3.22,227.7,0.1,0.889,19.6,49.7,5,False
2024-01-14 18:00:00,BLDG-002,lab,3.28,3.24,229.2,0.1,0.805,14.3,41.3,5,False
2024-01-14 19:00:00,BLDG-002,lab,3.1,3.17,230.4,0.1,0.841,16.0,45.8,5,False
2024-01-14 20:00:00,BLDG-002,lab,3.18,3.21,229.4,0.1,0.771,15.7,51.5,5,False
2024-01-14 21:00:00,BLDG-002,lab,3.28,3.22,231.8,0.1,0.857,18.3,53.3,5,False
2024-01-14 22:00:00,BLDG-002,lab,2.81,3.19,232.3,0.1,0.83,15.3,41.5,5,False
2024-01-14 23:00:00,BLDG-002,lab,3.21,3.18,225.9,0.1,0.794,13.6,33.3,5,False
2024-01-14 00:00:00,BLDG-003,datacenter,5.78,6.05,231.3,0.1,0.795,19.5,46.3,1,False
2024-01-14 01:00:00,BLDG-003,datacenter,5.45,6.14,231.7,0.1,0.893,18.3,45.9,1,False
2024-01-14 02:00:00,BLDG-003,datacenter,5.36,6.07,231.0,0.1,0.844,16.0,45.2,1,False
2024-01-14 03:00:00,BLDG-003,datacenter,6.17,6.06,229.9,0.1,0.9,19.6,41.9,1,False
2024-01-14 04:00:00,BLDG-003,datacenter,6.79,6.39,231.4,0.1,0.76,16.9,44.5,1,False
2024-01-14 05:00:00,BLDG-003,datacenter,6.15,6.46,231.9,0.1,0.925,20.4,42.2,1,False
2024-01-14 06:00:00,BLDG-003,datacenter,6.17,6.21,229.1,0.1,0.897,18.8,50.8,1,False
2024-01-14 07:00:00,BLDG-003,datacenter,5.66,6.03,230.4,0.1,0.83,18.8,36.8,1,False
2024-01-14 08:00:00,BLDG-003,datacenter,6.26,6.26,231.6,0.1,0.941,18.6,46.6,1,False
2024-01-14 09:00:00,BLDG-003,datacenter,6.01,6.26,231.4,0.1,0.866,15.8,57.7,1,False
2024-01-14 10:00:00,BLDG-003,datacenter,6.17,6.06,226.3,0.1,0.805,18.7,48.7,1,False
2024-01-14 11:00:00,BLDG-003,datacenter,6.27,6.2,225.9,0.1,0.899,18.9,62.5,1,False
2024-01-14 12:00:00,BLDG-003,datacenter,6.15,6.27,230.0,0.1,0.771,19.7,47.0,1,False
2024-01-14 13:00:00,BLDG-003,datacenter,5.74,6.37,228.0,0.1,0.855,16.1,27.4,1,False
2024-01-14 14:00:00,BLDG-003,datacenter,6.03,6.39,227.5,0.1,0.938,19.5,33.8,1,False
2024-01-14 15:00:00,BLDG-003,datacenter,5.7,6.2,231.3,0.1,0.874,18.3,30.3,1,False
2024-01-14 16:00:00,BLDG-003,datacenter,5.74,6.29,231.2,0.1,0.784,17.7,41.1,1,False
2024-01-14 17:00:00,BLDG-003,datacenter,0.0,0.0,231.6,0.1,0.887,19.6,32.9,1,True
2024-01-14 18:00:00,BLDG-003,datacenter,6.53,6.05,229.3,0.1,0.82,21.7,49.0,1,False
2024-01-14 19:00:00,BLDG-003,datacenter,6.28,6.18,226.0,0.1,0.906,18.0,39.1,1,False
2024-01-14 20:00:00,BLDG-003,datacenter,0.0,0.0,230.7,0.1,0.875,15.7,47.0,1,True
2024-01-14 21:00:00,BLDG-003,datacenter,6.21,6.17,230.4,0.1,0.746,19.8,53.3,1,False
2024-01-14 22:00:00,BLDG-003,datacenter,6.27,5.91,227.9,0.1,0.857,17.6,48.7,1,False
2024-01-14 23:00:00,BLDG-003,datacenter,6.18,5.95,232.0,0.1,0.901,19.3,40.7,1,False
2024-01-14 00:00:00,BLDG-004,warehouse,2.35,2.23,227.6,0.1,0.877,14.7,40.0,3,True
2024-01-14 01:00:00,BLDG-004,warehouse,0.84,0.9,230.3,0.1,0.775,14.8,34.6,3,False
2024-01-14 02:00:00,BLDG-004,warehouse,0.98,0.9,226.8,0.1,0.916,12.2,34.5,3,False
2024-01-14 03:00:00,BLDG-004,warehouse,0.91,0.88,229.8,0.1,0.837,11.5,31.3,3,False
2024-01-14 04:00:00,BLDG-004,warehouse,0.93,0.89,225.6,0.1,0.88,11.9,40.5,3,False
2024-01-14 05:00:00,BLDG-004,warehouse,0.87,0.87,232.7,0.1,0.854,18.0,39.3,3,False
2024-01-14 06:00:00,BLDG-004,warehouse,0.78,0.9,232.4,0.1,0.918,14.1,43.3,3,False
2024-01-14 07:00:00,BLDG-004,warehouse,0.95,0.91,230.1,0.1,0.859,13.6,34.6,3,False
2024-01-14 08:00:00,BLDG-004,warehouse,0.95,0.9,228.4,0.1,0.845,13.5,40.4,3,False
2024-01-14 09:00:00,BLDG-004,warehouse,0.85,0.93,226.9,0.1,0.851,12.3,53.3,3,False
2024-01-14 10:00:00,BLDG-004,warehouse,0.92,0.89,226.5,0.1,0.894,14.2,47.2,3,False
2024-01-14 11:00:00,BLDG-004,warehouse,0.94,0.91,231.5,0.1,0.841,13.8,50.0,3,False
2024-01-14 12:00:00,BLDG-004,warehouse,0.09,0.09,232.6,0.1,0.912,13.9,44.2,3,True
2024-01-14 13:00:00,BLDG-004,warehouse,0.88,0.9,230.2,0.1,0.85,14.3,33.6,3,False
2024-01-14 14:00:00,BLDG-004,warehouse,0.89,0.88,228.4,0.1,0.882,14.3,55.8,3,False
2024-01-14 15:00:00,BLDG-004,warehouse,0.85,0.87,229.2,0.1,0.763,12.6,38.8,3,False
2024-01-14 16:00:00,BLDG-004,warehouse,0.89,0.92,229.6,0.1,0.857,17.1,53.1,3,False
2024-01-14 17:00:00,BLDG-004,warehouse,0.9,0.91,230.9,0.1,0.939,13.1,65.2,3,False
2024-01-14 18:00:00,BLDG-004,warehouse,0.93,0.92,228.2,0.1,0.937,13.0,31.6,3,False
2024-01-14 19:00:00,BLDG-004,warehouse,0.97,0.93,229.4,0.1,0.881,15.5,45.1,3,False
2024-01-14 20:00:00,BLDG-004,warehouse,0.86,0.9,229.3,0.1,0.842,15.8,50.2,3,False
2024-01-14 21:00:00,BLDG-004,warehouse,1.0,0.91,231.7,0.1,0.851,15.1,53.9,3,False
2024-01-14 22:00:00,BLDG-004,warehouse,0.85,0.89,230.6,0.1,0.885,15.9,45.1,3,False
2024-01-14 23:00:00,BLDG-004,warehouse,0.87,0.94,231.0,0.1,0.907,14.5,47.5,3,False
2024-01-14 00:00:00,BLDG-005,common_area,0.62,0.65,231.1,0.1,0.947,13.4,59.6,8,False
2024-01-14 01:00:00,BLDG-005,common_area,0.71,0.69,228.6,0.1,0.852,15.5,30.5,8,False
2024-01-14 02:00:00,BLDG-005,common_area,0.6,0.67,226.9,0.1,0.855,13.8,34.7,8,False
2024-01-14 03:00:00,BLDG-005,common_area,0.65,0.68,230.7,0.1,0.842,20.4,39.0,8,False
2024-01-14 04:00:00,BLDG-005,common_area,0.68,0.69,228.6,0.1,0.837,19.9,42.9,8,False
2024-01-14 05:00:00,BLDG-005,common_area,0.64,0.68,229.0,0.1,0.897,15.0,57.2,8,False
2024-01-14 06:00:00,BLDG-005,common_area,0.64,0.66,229.9,0.1,0.99,16.0,32.6,8,False
2024-01-14 07:00:00,BLDG-005,common_area,0.69,0.68,230.5,0.1,0.915,11.6,52.8,8,False
2024-01-14 08:00:00,BLDG-005,common_area,0.69,0.69,233.8,0.1,0.843,14.9,51.8,8,False
2024-01-14 09:00:00,BLDG-005,common_area,0.66,0.66,228.4,0.1,0.765,13.8,75.4,8,False
2024-01-14 10:00:00,BLDG-005,common_area,0.7,0.66,231.0,0.1,0.913,17.2,65.8,8,False
2024-01-14 11:00:00,BLDG-005,common_area,0.66,0.67,227.8,0.1,0.858,14.1,69.4,8,False
2024-01-14 12:00:00,BLDG-005,common_area,0.67,0.64,229.7,0.1,0.812,13.0,26.5,8,False
2024-01-14 13:00:00,BLDG-005,common_area,0.65,0.69,231.2,0.1,0.879,15.3,59.6,8,False
2024-01-14 14:00:00,BLDG-005,common_area,0.7,0.67,230.0,0.1,0.912,15.3,57.9,8,False
2024-01-14 15:00:00,BLDG-005,common_area,0.76,0.67,227.0,0.1,0.876,15.9,57.2,8,False
2024-01-14 16:00:00,BLDG-005,common_area,0.73,0.66,227.9,0.1,0.852,16.9,37.7,8,False
2024-01-14 17:00:00,BLDG-005,common_area,0.67,0.67,227.4,0.1,0.881,11.8,46.7,8,False
2024-01-14 18:00:00,BLDG-005,common_area,0.71,0.67,230.6,0.1,0.869,18.4,60.6,8,False
2024-01-14 19:00:00,BLDG-005,common_area,0.63,0.64,228.4,0.1,0.749,15.0,37.0,8,False
2024-01-14 20:00:00,BLDG-005,common_area,0.61,0.68,231.9,0.1,0.855,16.1,35.0,8,False
2024-01-14 21:00:00,BLDG-005,common_area,0.71,0.66,229.5,0.1,0.869,16.0,50.4,8,False
2024-01-14 22:00:00,BLDG-005,common_area,0.67,0.67,230.4,0.1,0.88,15.6,57.1,8,False
2024-01-14 23:00:00,BLDG-005,common_area,1.09,1.22,236.5,0.1,0.931,15.3,43.1,8,True
2024-01-15 00:00:00,BLDG-001,office,3.98,4.16,229.1,0.1,0.856,13.1,41.0,9,False
2024-01-15 01:00:00,BLDG-001,office,4.17,4.2,231.5,0.1,0.799,14.6,45.8,9,False
2024-01-15 02:00:00,BLDG-001,office,4.27,4.22,232.9,0.1,0.878,17.1,34.2,9,False
2024-01-15 03:00:00,BLDG-001,office,3.84,4.16,230.1,0.1,0.763,12.8,35.9,9,False
2024-01-15 04:00:00,BLDG-001,office,4.47,4.04,228.8,0.1,0.882,12.8,51.8,9,False
2024-01-15 05:00:00,BLDG-001,office,0.42,0.42,230.2,0.1,0.869,18.2,34.5,9,True
2024-01-15 06:00:00,BLDG-001,office,4.47,4.19,228.1,0.1,0.893,15.7,44.4,9,False
2024-01-15 07:00:00,BLDG-001,office,4.19,4.19,232.0,0.1,0.773,18.6,59.2,9,False
2024-01-15 08:00:00,BLDG-001,office,4.1,4.18,232.3,0.1,0.839,11.6,47.8,9,False
2024-01-15 09:00:00,BLDG-001,office,5.0,4.64,230.0,0.1,0.881,17.5,50.1,49,False
2024-01-15 10:00:00,BLDG-001,office,5.58,5.32,233.9,0.1,0.826,13.0,39.9,96,False
2024-01-15 11:00:00,BLDG-001,office,5.63,5.59,229.2,0.1,0.825,19.2,36.1,136,False
2024-01-15 12:00:00,BLDG-001,office,6.26,6.33,231.2,0.1,0.869,17.4,46.1,167,False
2024-01-15 13:00:00,BLDG-001,office,6.66,6.58,231.3,0.1,0.859,14.9,56.7,186,False
2024-01-15 14:00:00,BLDG-001,office,6.62,6.51,231.4,0.1,0.775,14.4,56.2,193,False
2024-01-15 15:00:00,BLDG-001,office,6.19,6.7,233.5,0.1,0.801,13.9,45.3,186,False
2024-01-15 16:00:00,BLDG-001,office,5.59,6.26,231.6,0.1,0.827,14.2,50.5,167,False
2024-01-15 17:00:00,BLDG-001,office,5.49,5.74,229.0,0.1,0.787,16.0,41.6,136,False
2024-01-15 18:00:00,BLDG-001,office,5.44,5.43,229.8,0.1,0.865,12.2,68.5,96,False
2024-01-15 19:00:00,BLDG-001,office,4.93,4.73,234.2,0.1,0.895,14.4,57.8,50,False
2024-01-15 20:00:00,BLDG-001,office,4.16,4.19,232.9,0.1,0.916,13.5,42.1,9,False
2024-01-15 21:00:00,BLDG-001,office,4.36,4.1,231.2,0.1,0.834,17.5,49.3,9,False
2024-01-15 22:00:00,BLDG-001,office,4.2,4.05,229.0,0.1,0.874,16.1,62.7,9,False
2024-01-15 23:00:00,BLDG-001,office,4.23,4.05,233.0,0.1,0.815,16.3,35.2,9,False
2024-01-15 00:00:00,BLDG-002,lab,2.74,2.8,228.0,0.1,0.855,16.5,20.0,0,False
2024-01-15 01:00:00,BLDG-002,lab,2.8,2.83,230.1,0.1,0.951,15.1,43.1,0,False
2024-01-15 02:00:00,BLDG-002,lab,2.75,2.81,231.0,0.1,0.904,14.0,26.2,0,False
2024-01-15 03:00:00,BLDG-002,lab,2.91,2.94,231.5,0.1,0.911,15.0,41.3,0,False
2024-01-15 04:00:00,BLDG-002,lab,2.62,2.82,232.8,0.1,0.959,14.2,68.1,0,False
2024-01-15 05:00:00,BLDG-002,lab,2.86,2.8,228.3,0.1,0.96,14.5,38.0,0,False
2024-01-15 06:00:00,BLDG-002,lab,0.0,0.0,227.8,0.1,0.838,14.1,27.6,0,True
2024-01-15 07:00:00,BLDG-002,lab,2.91,2.79,230.2,0.1,0.921,12.8,47.3,0,False
2024-01-15 08:00:00,BLDG-002,lab,3.04,2.84,228.6,0.1,0.781,16.3,62.8,0,False
2024-01-15 09:00:00,BLDG-002,lab,2.98,2.95,232.1,0.1,0.875,17.0,48.9,1,False
2024-01-15 10:00:00,BLDG-002,lab,2.81,2.99,228.0,0.1,0.7,15.8,38.6,2,False
2024-01-15 11:00:00,BLDG-002,lab,3.15,3.07,231.8,0.1,0.76,17.4,62.7,3,False
2024-01-15 12:00:00,BLDG-002,lab,2.93,3.06,227.0,0.1,0.761,13.6,51.4,4,False
2024-01-15 13:00:00,BLDG-002,lab,3.11,3.0,234.3,0.1,0.814,14.1,31.4,4,False
2024-01-15 14:00:00,BLDG-002,lab,3.13,2.99,228.8,0.1,0.835,12.8,45.8,5,False
2024-01-15 15:00:00,BLDG-002,lab,2.89,3.05,232.8,0.1,0.931,13.4,42.6,4,False
2024-01-15 16:00:00,BLDG-002,lab,2.57,3.09,231.4,0.1,0.82,15.9,38.0,4,False
2024-01-15 17:00:00,BLDG-002,lab,3.01,2.93,229.4,0.1,0.9,14.5,44.2,3,False
2024-01-15 18:00:00,BLDG-002,lab,2.97,2.99,232.7,0.1,0.805,15.1,63.2,2,False
2024-01-15 19:00:00,BLDG-002,lab,3.09,2.94,231.5,0.1,0.882,17.8,40.2,1,False
2024-01-15 20:00:00,BLDG-002,lab,2.87,2.81,227.9,0.1,0.974,15.3,48.6,0,False
2024-01-15 21:00:00,BLDG-002,lab,2.68,2.9,226.2,0.1,0.889,17.8,38.8,0,False
2024-01-15 22:00:00,BLDG-002,lab,2.92,2.76,228.5,0.1,0.908,15.0,22.7,0,False
2024-01-15 23:00:00,BLDG-002,lab,2.91,2.88,224.9,0.1,0.867,13.9,32.0,0,False
2024-01-15 00:00:00,BLDG-003,datacenter,13.75,14.15,224.0,0.1,0.841,12.3,31.3,0,False
2024-01-15 01:00:00,BLDG-003,datacenter,14.85,14.49,227.2,0.1,0.86,17.2,22.4,0,False
2024-01-15 02:00:00,BLDG-003,datacenter,14.89,14.86,229.6,0.1,0.816,20.5,42.6,0,False
2024-01-15 03:00:00,BLDG-003,datacenter,15.05,14.46,231.0,0.1,0.753,22.6,56.7,0,False
2024-01-15 04:00:00,BLDG-003,datacenter,13.84,14.54,230.6,0.1,0.839,22.2,43.6,0,False
2024-01-15 05:00:00,BLDG-003,datacenter,12.82,14.78,228.2,0.1,0.808,16.6,50.5,0,False
2024-01-15 06:00:00,BLDG-003,datacenter,15.5,14.67,231.4,0.1,0.765,20.5,64.2,0,False
2024-01-15 07:00:00,BLDG-003,datacenter,13.14,14.09,231.0,0.1,0.941,14.2,21.1,0,False
2024-01-15 08:00:00,BLDG-003,datacenter,14.74,14.73,229.8,0.1,0.809,17.2,36.0,0,False
2024-01-15 09:00:00,BLDG-003,datacenter,16.97,16.43,232.1,0.1,0.833,17.5,38.4,2,False
2024-01-15 10:00:00,BLDG-003,datacenter,17.46,18.56,228.5,0.1,0.822,19.1,35.8,4,False
2024-01-15 11:00:00,BLDG-003,datacenter,21.56,20.31,228.9,0.1,0.791,17.6,33.9,6,False
2024-01-15 12:00:00,BLDG-003,datacenter,22.25,21.15,229.9,0.1,0.87,21.8,37.6,8,False
2024-01-15 13:00:00,BLDG-003,datacenter,22.64,22.54,231.9,0.1,0.967,15.1,29.6,9,False
2024-01-15 14:00:00,BLDG-003,datacenter,22.58,22.48,230.6,0.1,0.915,15.3,48.9,9,False
2024-01-15 15:00:00,BLDG-003,datacenter,23.35,22.13,230.0,0.1,0.859,18.6,60.9,9,False
2024-01-15 16:00:00,BLDG-003,datacenter,22.58,21.48,231.7,0.1,0.849,19.2,54.8,8,False
2024-01-15 17:00:00,BLDG-003,datacenter,20.85,19.5,229.6,0.1,0.902,13.6,31.6,6,False
2024-01-15 18:00:00,BLDG-003,datacenter,18.46,18.37,232.7,0.1,0.886,18.1,54.7,4,False
2024-01-15 19:00:00,BLDG-003,datacenter,15.17,15.98,229.3,0.1,0.814,18.8,43.9,2,False
2024-01-15 20:00:00,BLDG-003,datacenter,14.19,14.22,230.1,0.1,0.834,17.2,53.0,0,False
2024-01-15 21:00:00,BLDG-003,datacenter,13.19,14.6,232.8,0.1,0.904,16.1,25.9,0,False
2024-01-15 22:00:00,BLDG-003,datacenter,14.26,14.19,232.4,0.1,0.94,20.3,58.3,0,False
2024-01-15 23:00:00,BLDG-003,datacenter,14.47,14.51,230.8,0.1,0.788,19.7,70.1,0,False
2024-01-15 00:00:00,BLDG-004,warehouse,1.03,1.06,234.0,0.1,0.887,15.1,72.0,0,False
2024-01-15 01:00:00,BLDG-004,warehouse,1.02,1.09,229.4,0.1,0.784,16.0,47.7,0,False
2024-01-15 02:00:00,BLDG-004,warehouse,1.19,1.07,228.6,0.1,0.865,10.5,48.2,0,False
2024-01-15 03:00:00,BLDG-004,warehouse,1.15,1.11,229.3,0.1,0.923,15.3,56.4,0,False
2024-01-15 04:00:00,BLDG-004,warehouse,1.05,1.05,230.7,0.1,0.813,12.4,49.7,0,False
2024-01-15 05:00:00,BLDG-004,warehouse,1.02,1.1,233.1,0.1,0.856,16.3,60.2,0,False
2024-01-15 06:00:00,BLDG-004,warehouse,1.08,1.07,230.1,0.1,0.845,13.1,45.1,0,False
2024-01-15 07:00:00,BLDG-004,warehouse,1.16,1.07,229.0,0.1,0.806,16.5,64.7,0,False
2024-01-15 08:00:00,BLDG-004,warehouse,1.0,1.09,228.7,0.1,0.872,13.9,36.2,0,False
2024-01-15 09:00:00,BLDG-004,warehouse,1.14,1.12,231.1,0.1,0.786,15.0,34.3,2,False
2024-01-15 10:00:00,BLDG-004,warehouse,0.0,0.0,230.1,0.1,0.78,17.8,44.6,3,True
2024-01-15 11:00:00,BLDG-004,warehouse,0.13,0.12,226.2,0.1,0.854,16.1,46.3,5,True
2024-01-15 12:00:00,BLDG-004,warehouse,1.04,1.18,231.5,0.1,0.895,15.6,44.8,6,False
2024-01-15 13:00:00,BLDG-004,warehouse,1.34,1.22,234.2,0.1,0.849,14.9,31.9,7,False
2024-01-15 14:00:00,BLDG-004,warehouse,1.25,1.2,228.5,0.1,0.86,14.2,34.6,7,False
2024-01-15 15:00:00,BLDG-004,warehouse,1.19,1.22,230.9,0.1,0.857,15.0,53.7,7,False
2024-01-15 16:00:00,BLDG-004,warehouse,1.16,1.23,236.6,0.1,0.987,16.1,38.7,6,False
2024-01-15 17:00:00,BLDG-004,warehouse,1.21,1.23,231.4,0.1,0.814,15.1,26.9,5,False
2024-01-15 18:00:00,BLDG-004,warehouse,1.11,1.16,230.8,0.1,0.859,14.7,55.0,3,False
2024-01-15 19:00:00,BLDG-004,warehouse,1.15,1.12,229.5,0.1,0.841,13.1,47.6,2,False
2024-01-15 20:00:00,BLDG-004,warehouse,1.11,1.07,229.4,0.1,0.916,13.9,49.0,0,False
2024-01-15 21:00:00,BLDG-004,warehouse,1.06,1.08,230.8,0.1,0.866,12.3,32.4,0,False
2024-01-15 22:00:00,BLDG-004,warehouse,1.1,1.04,229.4,0.1,0.871,14.2,46.9,0,False
2024-01-15 23:00:00,BLDG-004,warehouse,1.07,1.07,227.7,0.1,0.969,12.6,48.7,0,False
2024-01-15 00:00:00,BLDG-005,common_area,1.68,1.52,226.1,0.1,0.812,11.7,40.8,3,False
2024-01-15 01:00:00,BLDG-005,common_area,1.61,1.53,228.2,0.1,0.901,11.3,61.2,3,False
2024-01-15 02:00:00,BLDG-005,common_area,1.63,1.51,228.2,0.1,0.872,12.9,39.8,3,False
2024-01-15 03:00:00,BLDG-005,common_area,1.62,1.52,228.2,0.1,0.831,16.7,50.4,3,False
2024-01-15 04:00:00,BLDG-005,common_area,1.6,1.55,229.4,0.1,0.757,18.5,39.0,3,False
2024-01-15 05:00:00,BLDG-005,common_area,1.51,1.51,228.1,0.1,0.897,18.0,37.7,3,False
2024-01-15 06:00:00,BLDG-005,common_area,1.53,1.53,226.8,0.1,0.778,14.6,34.7,3,False
2024-01-15 07:00:00,BLDG-005,common_area,1.61,1.53,229.6,0.1,0.863,19.5,40.0,3,False
2024-01-15 08:00:00,BLDG-005,common_area,1.59,1.52,231.5,0.1,0.801,14.6,35.7,3,False
2024-01-15 09:00:00,BLDG-005,common_area,1.78,1.77,227.5,0.1,0.822,15.0,42.3,17,False
2024-01-15 10:00:00,BLDG-005,common_area,2.06,1.91,231.4,0.1,0.84,11.7,31.7,34,False
2024-01-15 11:00:00,BLDG-005,common_area,1.96,2.07,234.6,0.1,0.873,17.3,22.7,48,False
2024-01-15 12:00:00,BLDG-005,common_area,2.18,2.21,230.8,0.1,0.857,11.2,39.7,60,False
2024-01-15 13:00:00,BLDG-005,common_area,2.32,2.35,233.2,0.1,0.806,9.6,42.1,66,False
2024-01-15 14:00:00,BLDG-005,common_area,2.35,2.42,227.8,0.1,0.752,15.7,60.1,69,False
2024-01-15 15:00:00,BLDG-005,common_area,2.35,2.39,228.0,0.1,0.878,15.9,36.3,66,False
2024-01-15 16:00:00,BLDG-005,common_area,2.25,2.29,228.8,0.1,0.89,14.5,44.8,60,False
2024-01-15 17:00:00,BLDG-005,common_area,2.06,2.05,226.1,0.1,0.97,16.4,46.9,48,False
2024-01-15 18:00:00,BLDG-005,common_area,1.87,1.88,228.8,0.1,0.855,16.4,33.0,34,False
2024-01-15 19:00:00,BLDG-005,common_area,1.84,1.76,229.4,0.1,0.932,12.9,47.0,17,False
2024-01-15 20:00:00,BLDG-005,common_area,1.59,1.57,231.1,0.1,0.866,16.7,58.9,3,False
2024-01-15 21:00:00,BLDG-005,common_area,1.42,1.49,228.3,0.1,0.756,11.8,40.1,3,False
2024-01-15 22:00:00,BLDG-005,common_area,1.48,1.54,231.7,0.1,0.811,17.3,44.7,3,False
2024-01-15 23:00:00,BLDG-005,common_area,1.52,1.58,230.4,0.1,0.906,12.7,42.7,3,False
2024-01-16 00:00:00,BLDG-001,office,2.79,2.68,228.5,0.1,0.874,13.2,37.8,5,False
2024-01-16 01:00:00,BLDG-001,office,2.8,2.74,228.8,0.1,0.794,14.4,42.0,5,False
2024-01-16 02:00:00,BLDG-001,office,5.08,4.87,230.1,0.1,0.888,17.9,53.0,5,True
2024-01-16 03:00:00,BLDG-001,office,2.85,2.75,232.1,0.1,0.729,16.3,48.7,5,False
2024-01-16 04:00:00,BLDG-001,office,2.8,2.71,227.5,0.1,0.878,16.5,48.5,5,False
2024-01-16 05:00:00,BLDG-001,office,2.69,2.71,231.5,0.1,0.814,16.9,35.1,5,False
2024-01-16 06:00:00,BLDG-001,office,2.82,2.74,233.0,0.1,0.874,16.6,68.4,5,False
2024-01-16 07:00:00,BLDG-001,office,2.75,2.77,228.8,0.1,0.882,17.1,53.9,5,False
2024-01-16 08:00:00,BLDG-001,office,2.86,2.73,228.6,0.1,0.873,16.8,48.3,5,False
2024-01-16 09:00:00,BLDG-001,office,2.86,2.87,230.8,0.1,0.866,11.3,29.1,25,False
2024-01-16 10:00:00,BLDG-001,office,3.36,3.16,231.2,0.1,0.887,15.6,29.2,49,False
2024-01-16 11:00:00,BLDG-001,office,3.55,3.24,232.4,0.1,0.833,10.7,35.4,70,False
2024-01-16 12:00:00,BLDG-001,office,3.31,3.44,230.1,0.1,0.833,13.2,61.9,86,False
2024-01-16 13:00:00,BLDG-001,office,3.97,3.47,230.5,0.1,0.828,13.3,47.7,96,False
2024-01-16 14:00:00,BLDG-001,office,3.37,3.55,228.3,0.1,0.851,13.8,41.3,99,False
2024-01-16 15:00:00,BLDG-001,office,3.5,3.56,230.8,0.1,0.86,11.8,57.9,96,False
2024-01-16 16:00:00,BLDG-001,office,3.76,3.44,224.4,0.1,0.857,9.8,58.3,86,False
2024-01-16 17:00:00,BLDG-001,office,3.19,3.29,230.8,0.1,0.887,17.2,35.7,70,False
2024-01-16 18:00:00,BLDG-001,office,3.11,3.1,228.1,0.1,0.923,17.4,49.9,49,False
2024-01-16 19:00:00,BLDG-001,office,2.95,2.88,228.2,0.1,0.823,16.4,56.1,25,False
2024-01-16 20:00:00,BLDG-001,office,2.8,2.76,228.8,0.1,0.852,15.6,38.5,5,False
2024-01-16 21:00:00,BLDG-001,office,2.6,2.71,230.9,0.1,0.792,16.6,41.4,5,False
2024-01-16 22:00:00,BLDG-001,office,2.64,2.71,232.9,0.1,0.814,13.5,61.2,5,False
2024-01-16 23:00:00,BLDG-001,office,3.0,2.77,232.3,0.1,0.844,16.5,26.9,5,False
2024-01-16 00:00:00,BLDG-002,lab,3.51,3.69,234.1,0.1,0.819,16.4,35.7,0,False
2024-01-16 01:00:00,BLDG-002,lab,3.66,3.68,229.5,0.1,0.827,12.9,59.3,0,False
2024-01-16 02:00:00,BLDG-002,lab,3.51,3.69,229.6,0.1,0.784,14.5,50.8,0,False
2024-01-16 03:00:00,BLDG-002,lab,3.88,3.78,229.9,0.1,0.877,16.9,33.6,0,False
2024-01-16 04:00:00,BLDG-002,lab,3.24,3.68,230.9,0.1,0.849,15.2,43.9,0,False
2024-01-16 05:00:00,BLDG-002,lab,3.49,3.66,230.3,0.1,0.834,18.1,45.7,0,False
2024-01-16 06:00:00,BLDG-002,lab,3.75,3.68,227.9,0.1,0.852,12.7,43.1,0,False
2024-01-16 07:00:00,BLDG-002,lab,3.59,3.63,230.8,0.1,0.822,14.3,36.3,0,False
2024-01-16 08:00:00,BLDG-002,lab,3.89,3.89,230.3,0.1,0.787,13.6,45.7,0,False
2024-01-16 09:00:00,BLDG-002,lab,3.71,4.0,230.2,0.1,0.759,13.6,41.8,3,False
2024-01-16 10:00:00,BLDG-002,lab,3.91,4.14,232.5,0.1,0.902,13.8,32.8,6,False
2024-01-16 11:00:00,BLDG-002,lab,3.99,4.21,228.4,0.1,0.87,14.5,39.4,9,False
2024-01-16 12:00:00,BLDG-002,lab,4.43,4.08,228.9,0.1,0.865,14.1,54.2,11,False
2024-01-16 13:00:00,BLDG-002,lab,4.45,4.38,232.1,0.1,0.829,14.7,40.3,12,False
2024-01-16 14:00:00,BLDG-002,lab,4.58,4.46,229.5,0.1,0.847,19.1,47.0,12,False
2024-01-16 15:00:00,BLDG-002,lab,4.49,4.35,229.1,0.1,0.874,15.2,38.5,12,False
2024-01-16 16:00:00,BLDG-002,lab,4.24,4.16,230.9,0.1,0.886,13.3,42.0,11,False
2024-01-16 17:00:00,BLDG-002,lab,4.16,4.18,228.6,0.1,0.851,16.3,38.3,9,False
2024-01-16 18:00:00,BLDG-002,lab,3.63,4.02,230.1,0.1,0.824,15.5,56.1,6,False
2024-01-16 19:00:00,BLDG-002,lab,3.65,3.99,227.6,0.1,0.906,12.3,55.4,3,False
2024-01-16 20:00:00,BLDG-002,lab,3.59,3.75,229.5,0.1,0.883,13.5,53.5,0,False
2024-01-16 21:00:00,BLDG-002,lab,4.02,3.76,229.5,0.1,0.893,15.5,40.3,0,False
2024-01-16 22:00:00,BLDG-002,lab,3.64,3.77,231.3,0.1,0.837,13.4,44.3,0,False
2024-01-16 23:00:00,BLDG-002,lab,3.58,3.8,228.4,0.1,0.8,14.5,50.9,0,False
2024-01-16 00:00:00,BLDG-003,datacenter,9.77,9.39,232.6,0.1,0.838,18.3,45.9,0,False
2024-01-16 01:00:00,BLDG-003,datacenter,9.55,9.68,227.9,0.1,0.9,19.1,42.6,0,False
2024-01-16 02:00:00,BLDG-003,datacenter,9.12,9.37,233.3,0.1,0.82,18.9,44.3,0,False
2024-01-16 03:00:00,BLDG-003,datacenter,9.56,9.03,225.6,0.1,0.88,16.6,41.2,0,False
2024-01-16 04:00:00,BLDG-003,datacenter,8.88,9.61,230.3,0.1,0.842,16.7,46.6,0,False
2024-01-16 05:00:00,BLDG-003,datacenter,9.48,9.55,229.0,0.1,0.871,17.1,31.5,0,False
2024-01-16 06:00:00,BLDG-003,datacenter,9.67,9.28,230.0,0.1,0.847,20.9,41.8,0,False
2024-01-16 07:00:00,BLDG-003,datacenter,10.08,9.23,229.6,0.1,0.82,17.7,56.9,0,False
2024-01-16 08:00:00,BLDG-003,datacenter,9.62,9.52,232.1,0.1,0.836,15.9,48.5,0,False
2024-01-16 09:00:00,BLDG-003,datacenter,10.29,9.9,227.7,0.1,0.866,21.6,49.2,1,False
2024-01-16 10:00:00,BLDG-003,datacenter,10.94,10.95,228.8,0.1,0.829,18.5,51.9,2,False
2024-01-16 11:00:00,BLDG-003,datacenter,11.34,11.57,229.6,0.1,0.894,18.1,60.9,3,False
2024-01-16 12:00:00,BLDG-003,datacenter,11.72,12.23,231.8,0.1,0.905,18.1,57.8,4,False
2024-01-16 13:00:00,BLDG-003,datacenter,13.35,12.29,226.4,0.1,0.91,19.9,57.8,4,False
2024-01-16 14:00:00,BLDG-003,datacenter,12.98,12.05,229.9,0.1,0.813,15.1,39.7,4,False
2024-01-16 15:00:00,BLDG-003,datacenter,12.18,12.37,233.3,0.1,0.837,19.3,38.3,4,False
2024-01-16 16:00:00,BLDG-003,datacenter,11.73,11.77,233.3,0.1,0.848,13.1,42.6,4,False
2024-01-16 17:00:00,BLDG-003,datacenter,11.47,11.84,233.8,0.1,0.909,16.1,36.3,3,False
2024-01-16 18:00:00,BLDG-003,datacenter,10.6,10.9,230.1,0.1,0.905,15.8,44.8,2,False
2024-01-16 19:00:00,BLDG-003,datacenter,9.79,10.16,229.4,0.1,0.87,16.4,42.3,1,False
2024-01-16 20:00:00,BLDG-003,datacenter,9.15,9.1,227.6,0.1,0.892,19.7,66.3,0,False
2024-01-16 21:00:00,BLDG-003,datacenter,9.56,9.71,228.7,0.1,0.82,18.8,48.5,0,False
2024-01-16 22:00:00,BLDG-003,datacenter,9.93,9.62,229.5,0.1,0.836,18.1,33.9,0,False
2024-01-16 23:00:00,BLDG-003,datacenter,9.3,9.47,232.4,0.1,0.9,15.6,47.6,0,False
2024-01-16 00:00:00,BLDG-004,warehouse,1.13,1.06,230.1,0.1,0.901,16.3,50.6,0,False
2024-01-16 01:00:00,BLDG-004,warehouse,1.02,1.07,228.9,0.1,0.793,16.5,24.4,0,False
2024-01-16 02:00:00,BLDG-004,warehouse,1.08,1.11,225.3,0.1,0.83,16.7,53.8,0,False
2024-01-16 03:00:00,BLDG-004,warehouse,1.02,1.06,231.8,0.1,0.853,11.9,33.5,0,False
2024-01-16 04:00:00,BLDG-004,warehouse,1.07,1.08,231.1,0.1,0.861,14.2,41.5,0,False
2024-01-16 05:00:00,BLDG-004,warehouse,1.07,1.06,229.6,0.1,0.851,15.6,55.0,0,False
2024-01-16 06:00:00,BLDG-004,warehouse,1.12,1.07,226.5,0.1,0.84,16.5,24.3,0,False
2024-01-16 07:00:00,BLDG-004,warehouse,1.07,1.04,229.1,0.1,0.873,15.7,40.1,0,False
2024-01-16 08:00:00,BLDG-004,warehouse,1.03,1.05,233.5,0.1,0.757,13.5,47.4,0,False
2024-01-16 09:00:00,BLDG-004,warehouse,1.12,1.13,228.0,0.1,0.906,16.4,53.0,2,False
2024-01-16 10:00:00,BLDG-004,warehouse,1.21,1.13,231.3,0.1,0.875,16.0,31.2,3,False
2024-01-16 11:00:00,BLDG-004,warehouse,1.18,1.2,230.6,0.1,0.87,19.0,31.1,5,False
2024-01-16 12:00:00,BLDG-004,warehouse,1.23,1.19,231.3,0.1,0.914,15.1,26.8,6,False
2024-01-16 13:00:00,BLDG-004,warehouse,1.13,1.25,232.3,0.1,0.811,14.6,41.3,7,False
2024-01-16 14:00:00,BLDG-004,warehouse,1.22,1.24,231.8,0.1,0.901,18.1,53.5,7,False
2024-01-16 15:00:00,BLDG-004,warehouse,1.27,1.26,230.6,0.1,0.864,15.2,55.3,7,False
2024-01-16 16:00:00,BLDG-004,warehouse,1.21,1.21,230.3,0.1,0.894,15.7,51.0,6,False
2024-01-16 17:00:00,BLDG-004,warehouse,1.26,1.14,228.2,0.1,0.873,11.7,39.8,5,False
2024-01-16 18:00:00,BLDG-004,warehouse,1.11,1.16,231.4,0.1,0.843,13.3,39.5,3,False
2024-01-16 19:00:00,BLDG-004,warehouse,1.12,1.14,227.5,0.1,0.826,13.2,58.2,2,False
2024-01-16 20:00:00,BLDG-004,warehouse,1.05,1.03,236.3,0.1,0.902,12.5,55.0,0,False
2024-01-16 21:00:00,BLDG-004,warehouse,1.17,1.02,229.3,0.1,0.849,14.3,44.9,0,False
2024-01-16 22:00:00,BLDG-004,warehouse,1.1,1.08,226.7,0.1,0.972,12.3,44.1,0,False
2024-01-16 23:00:00,BLDG-004,warehouse,1.17,1.07,232.7,0.1,0.858,15.4,40.3,0,False
2024-01-16 00:00:00,BLDG-005,common_area,1.77,1.64,229.0,0.1,0.783,18.5,45.0,3,False
2024-01-16 01:00:00,BLDG-005,common_area,1.73,1.69,228.5,0.1,0.864,14.9,40.0,3,False
2024-01-16 02:00:00,BLDG-005,common_area,1.65,1.63,229.8,0.1,0.881,18.3,49.9,3,False
2024-01-16 03:00:00,BLDG-005,common_area,1.66,1.67,231.3,0.1,0.837,17.6,42.1,3,False
2024-01-16 04:00:00,BLDG-005,common_area,1.69,1.7,230.8,0.1,0.832,12.4,46.8,3,False
2024-01-16 05:00:00,BLDG-005,common_area,1.54,1.61,230.0,0.1,0.902,16.7,41.8,3,False
2024-01-16 06:00:00,BLDG-005,common_area,1.58,1.69,229.7,0.1,0.925,12.7,54.1,3,False
2024-01-16 07:00:00,BLDG-005,common_area,1.69,1.63,229.7,0.1,0.848,15.1,54.5,3,False
2024-01-16 08:00:00,BLDG-005,common_area,1.61,1.61,229.1,0.1,0.856,14.6,62.0,3,False
2024-01-16 09:00:00,BLDG-005,common_area,1.84,1.91,231.9,0.1,0.84,13.0,42.9,19,False
2024-01-16 10:00:00,BLDG-005,common_area,2.15,2.17,229.6,0.1,0.798,16.3,35.4,38,False
2024-01-16 11:00:00,BLDG-005,common_area,5.95,5.85,231.3,0.1,0.914,13.7,44.6,54,True
2024-01-16 12:00:00,BLDG-005,common_area,2.35,2.48,230.7,0.1,0.897,12.9,61.3,66,False
2024-01-16 13:00:00,BLDG-005,common_area,2.67,2.63,228.6,0.1,0.85,15.1,46.9,74,False
2024-01-16 14:00:00,BLDG-005,common_area,2.76,2.58,232.8,0.1,0.819,15.6,44.7,77,False
2024-01-16 15:00:00,BLDG-005,common_area,2.73,2.61,231.1,0.1,0.914,10.4,37.0,74,False
2024-01-16 16:00:00,BLDG-005,common_area,2.74,2.52,229.1,0.1,0.846,15.2,33.9,66,False
2024-01-16 17:00:00,BLDG-005,common_area,2.23,2.36,230.2,0.1,0.764,14.3,59.8,54,False
2024-01-16 18:00:00,BLDG-005,common_area,1.9,2.13,229.9,0.1,0.818,13.9,57.0,38,False
2024-01-16 19:00:00,BLDG-005,common_area,1.85,1.92,228.3,0.1,0.934,16.1,50.0,20,False
2024-01-16 20:00:00,BLDG-005,common_area,1.7,1.69,228.5,0.1,0.903,13.1,43.3,3,False
2024-01-16 21:00:00,BLDG-005,common_area,1.73,1.75,234.1,0.1,0.883,16.9,23.8,3,False
2024-01-16 22:00:00,BLDG-005,common_area,1.55,1.7,231.4,0.1,0.959,17.0,35.1,3,False
2024-01-16 23:00:00,BLDG-005,common_area,1.76,1.73,230.6,0.1,0.871,13.9,46.4,3,False
2024-01-17 00:00:00,BLDG-001,office,2.02,1.97,228.6,0.1,0.831,13.9,49.7,2,False
2024-01-17 01:00:00,BLDG-001,office,2.11,1.96,231.8,0.1,0.899,18.8,40.9,2,False
2024-01-17 02:00:00,BLDG-001,office,1.96,1.92,229.5,0.1,0.933,12.0,53.3,2,False
2024-01-17 03:00:00,BLDG-001,office,3.76,3.65,228.0,0.1,0.866,13.9,35.2,2,True
2024-01-17 04:00:00,BLDG-001,office,2.09,1.99,229.8,0.1,0.848,15.5,52.5,2,False
2024-01-17 05:00:00,BLDG-001,office,2.13,1.96,230.0,0.1,0.895,12.9,48.9,2,False
2024-01-17 06:00:00,BLDG-001,office,2.0,1.95,227.4,0.1,0.81,17.7,39.5,2,False
2024-01-17 07:00:00,BLDG-001,office,1.9,2.0,233.5,0.1,0.854,19.4,51.3,2,False
2024-01-17 08:00:00,BLDG-001,office,2.13,2.02,226.6,0.1,0.792,14.8,54.5,2,False
2024-01-17 09:00:00,BLDG-001,office,2.03,2.06,229.5,0.1,0.885,15.5,45.0,13,False
2024-01-17 10:00:00,BLDG-001,office,2.1,2.1,231.6,0.1,0.821,15.2,29.2,25,False
2024-01-17 11:00:00,BLDG-001,office,2.03,2.3,232.5,0.1,0.888,12.4,51.6,36,False
2024-01-17 12:00:00,BLDG-001,office,2.39,2.32,230.0,0.1,0.761,16.7,49.8,44,False
2024-01-17 13:00:00,BLDG-001,office,2.39,2.33,233.3,0.1,0.826,15.4,53.8,49,False
2024-01-17 14:00:00,BLDG-001,office,2.15,2.34,227.8,0.1,0.85,15.3,44.0,51,False
2024-01-17 15:00:00,BLDG-001,office,2.37,2.32,229.4,0.1,0.83,16.7,46.9,49,False
2024-01-17 16:00:00,BLDG-001,office,2.28,2.3,232.1,0.1,0.911,14.9,56.4,44,False
2024-01-17 17:00:00,BLDG-001,office,2.29,2.25,227.8,0.1,0.784,14.7,37.7,36,False
2024-01-17 18:00:00,BLDG-001,office,2.21,2.19,229.4,0.1,0.873,16.4,34.7,25,False
2024-01-17 19:00:00,BLDG-001,office,2.21,2.04,232.1,0.1,0.804,15.6,63.3,13,False
2024-01-17 20:00:00,BLDG-001,office,1.84,2.03,231.2,0.1,0.904,15.3,43.6,2,False
2024-01-17 21:00:00,BLDG-001,office,2.1,1.95,225.6,0.1,0.862,15.6,35.4,2,False
2024-01-17 22:00:00,BLDG-001,office,2.14,2.02,228.6,0.1,0.921,13.4,73.0,2,False
2024-01-17 23:00:00,BLDG-001,office,2.0,1.97,231.8,0.1,0.812,10.7,46.0,2,False
2024-01-17 00:00:00,BLDG-002,lab,5.91,5.0,231.0,0.1,0.877,15.9,42.3,1,False
2024-01-17 01:00:00,BLDG-002,lab,4.64,4.98,230.6,0.1,0.783,14.8,46.0,1,False
2024-01-17 02:00:00,BLDG-002,lab,5.24,5.07,234.4,0.1,0.79,14.1,51.6,1,False
2024-01-17 03:00:00,BLDG-002,lab,4.94,4.86,229.8,0.1,0.901,14.8,41.4,1,False
2024-01-17 04:00:00,BLDG-002,lab,5.18,5.09,228.2,0.1,0.9,18.1,56.8,1,False
2024-01-17 05:00:00,BLDG-002,lab,5.09,5.05,231.2,0.1,0.774,14.8,48.5,1,False
2024-01-17 06:00:00,BLDG-002,lab,5.54,4.87,231.3,0.1,0.898,12.2,42.1,1,False
2024-01-17 07:00:00,BLDG-002,lab,5.0,4.98,230.5,0.1,0.878,18.5,25.6,1,False
2024-01-17 08:00:00,BLDG-002,lab,4.73,5.12,230.8,0.1,0.868,12.8,30.2,1,False
2024-01-17 09:00:00,BLDG-002,lab,5.13,5.43,232.2,0.1,0.803,13.5,41.4,6,False
2024-01-17 10:00:00,BLDG-002,lab,5.37,5.79,232.7,0.1,0.832,14.9,52.0,12,False
2024-01-17 11:00:00,BLDG-002,lab,5.87,6.2,228.9,0.1,0.856,13.9,47.8,17,False
2024-01-17 12:00:00,BLDG-002,lab,6.37,6.3,229.7,0.1,0.836,13.3,41.1,21,False
2024-01-17 13:00:00,BLDG-002,lab,6.13,6.67,228.8,0.1,0.897,14.9,39.3,24,False
2024-01-17 14:00:00,BLDG-002,lab,7.21,6.48,226.6,0.1,0.848,12.7,41.7,24,False
2024-01-17 15:00:00,BLDG-002,lab,6.75,6.75,227.7,0.1,0.895,14.3,42.6,24,False
2024-01-17 16:00:00,BLDG-002,lab,6.39,6.41,229.3,0.1,0.881,13.3,33.6,21,False
2024-01-17 17:00:00,BLDG-002,lab,5.8,6.24,229.5,0.1,0.968,16.5,39.9,17,False
2024-01-17 18:00:00,BLDG-002,lab,5.72,5.78,233.0,0.1,0.859,16.0,28.3,12,False
2024-01-17 19:00:00,BLDG-002,lab,5.45,5.43,230.7,0.1,0.768,14.8,47.6,6,False
2024-01-17 20:00:00,BLDG-002,lab,5.3,5.08,227.2,0.1,0.842,12.5,38.6,1,False
2024-01-17 21:00:00,BLDG-002,lab,5.32,4.98,234.4,0.1,0.874,10.4,31.7,1,False
2024-01-17 22:00:00,BLDG-002,lab,4.74,5.0,227.7,0.1,0.904,11.2,43.0,1,False
2024-01-17 23:00:00,BLDG-002,lab,5.31,5.27,228.8,0.1,0.787,12.3,37.6,1,False
2024-01-17 00:00:00,BLDG-003,datacenter,9.41,9.66,233.3,0.1,0.797,17.9,47.8,0,False
2024-01-17 01:00:00,BLDG-003,datacenter,9.33,9.67,232.5,0.1,0.871,21.5,38.6,0,False
2024-01-17 02:00:00,BLDG-003,datacenter,9.22,9.58,231.4,0.1,0.85,16.2,22.2,0,False
2024-01-17 03:00:00,BLDG-003,datacenter,8.92,9.33,229.7,0.1,0.817,19.1,33.5,0,False
2024-01-17 04:00:00,BLDG-003,datacenter,9.74,9.17,229.3,0.1,0.906,14.9,44.4,0,False
2024-01-17 05:00:00,BLDG-003,datacenter,9.62,9.3,229.9,0.1,0.88,17.8,34.6,0,False
2024-01-17 06:00:00,BLDG-003,datacenter,0.0,0.0,229.9,0.1,0.828,22.1,33.8,0,True
2024-01-17 07:00:00,BLDG-003,datacenter,10.03,9.37,231.7,0.1,0.77,19.3,53.4,0,False
2024-01-17 08:00:00,BLDG-003,datacenter,9.65,9.17,228.7,0.1,0.978,17.3,38.2,0,False
2024-01-17 09:00:00,BLDG-003,datacenter,9.84,10.11,228.3,0.1,0.837,21.4,61.8,1,False
2024-01-17 10:00:00,BLDG-003,datacenter,10.3,10.53,228.5,0.1,0.914,15.7,35.3,2,False
2024-01-17 11:00:00,BLDG-003,datacenter,10.72,11.49,229.6,0.1,0.88,20.5,42.2,3,False
2024-01-17 12:00:00,BLDG-003,datacenter,11.71,12.12,233.4,0.1,0.861,19.6,67.3,4,False
2024-01-17 13:00:00,BLDG-003,datacenter,11.4,12.05,231.2,0.1,0.889,17.8,54.3,4,False
2024-01-17 14:00:00,BLDG-003,datacenter,12.21,12.32,234.9,0.1,0.917,19.4,53.8,4,False
2024-01-17 15:00:00,BLDG-003,datacenter,11.38,12.3,233.4,0.1,0.773,20.0,40.6,4,False
2024-01-17 16:00:00,BLDG-003,datacenter,12.11,11.87,226.8,0.1,0.811,18.7,40.8,4,False
2024-01-17 17:00:00,BLDG-003,datacenter,11.83,11.71,229.9,0.1,0.929,19.0,46.9,3,False
2024-01-17 18:00:00,BLDG-003,datacenter,9.99,10.89,230.9,0.1,0.812,14.8,57.2,2,False
2024-01-17 19:00:00,BLDG-003,datacenter,10.36,10.4,229.7,0.1,0.816,15.1,65.0,1,False
2024-01-17 20:00:00,BLDG-003,datacenter,10.05,9.32,228.8,0.1,0.829,16.3,63.4,0,False
2024-01-17 21:00:00,BLDG-003,datacenter,10.12,9.5,228.1,0.1,0.84,18.3,47.2,0,False
2024-01-17 22:00:00,BLDG-003,datacenter,9.33,9.67,232.4,0.1,0.793,18.9,43.7,0,False
2024-01-17 23:00:00,BLDG-003,datacenter,10.33,9.34,230.6,0.1,0.788,17.8,46.8,0,False
2024-01-17 00:00:00,BLDG-004,warehouse,0.84,0.81,230.3,0.1,0.839,14.6,27.3,0,False
2024-01-17 01:00:00,BLDG-004,warehouse,0.82,0.8,230.1,0.1,0.881,14.8,49.4,0,False
2024-01-17 02:00:00,BLDG-004,warehouse,0.8,0.81,229.5,0.1,0.838,14.2,45.2,0,False
2024-01-17 03:00:00,BLDG-004,warehouse,0.78,0.81,229.2,0.1,0.928,18.2,28.3,0,False
2024-01-17 04:00:00,BLDG-004,warehouse,0.87,0.81,231.7,0.1,0.865,16.3,45.6,0,False
2024-01-17 05:00:00,BLDG-004,warehouse,0.78,0.8,228.7,0.1,0.807,12.9,52.5,0,False
2024-01-17 06:00:00,BLDG-004,warehouse,0.81,0.8,228.5,0.1,0.915,15.8,48.1,0,False
2024-01-17 07:00:00,BLDG-004,warehouse,0.92,0.81,230.5,0.1,0.873,13.7,41.0,0,False
2024-01-17 08:00:00,BLDG-004,warehouse,0.76,0.8,230.6,0.1,0.836,12.6,43.5,0,False
2024-01-17 09:00:00,BLDG-004,warehouse,0.82,0.86,230.4,0.1,0.81,17.4,53.9,0,False
2024-01-17 10:00:00,BLDG-004,warehouse,0.76,0.83,232.0,0.1,0.87,14.3,38.8,1,False
2024-01-17 11:00:00,BLDG-004,warehouse,0.85,0.86,231.0,0.1,0.841,18.1,45.9,2,False
2024-01-17 12:00:00,BLDG-004,warehouse,0.92,0.87,231.4,0.1,0.816,14.7,50.9,2,False
2024-01-17 13:00:00,BLDG-004,warehouse,0.84,0.85,228.8,0.1,0.855,14.2,53.8,2,False
2024-01-17 14:00:00,BLDG-004,warehouse,0.85,0.87,229.1,0.1,0.856,19.2,50.8,3,False
2024-01-17 15:00:00,BLDG-004,warehouse,0.79,0.88,232.0,0.1,0.784,13.6,45.1,2,False
2024-01-17 16:00:00,BLDG-004,warehouse,0.91,0.86,227.9,0.1,0.834,16.3,57.7,2,False
2024-01-17 17:00:00,BLDG-004,warehouse,0.89,0.87,230.6,0.1,0.88,14.2,47.1,2,False
2024-01-17 18:00:00,BLDG-004,warehouse,0.89,0.83,228.1,0.1,0.946,16.5,55.4,1,False
2024-01-17 19:00:00,BLDG-004,warehouse,0.78,0.82,228.7,0.1,0.898,15.9,45.9,0,False
2024-01-17 20:00:00,BLDG-004,warehouse,0.8,0.78,228.2,0.1,0.883,15.2,40.3,0,False
2024-01-17 21:00:00,BLDG-004,warehouse,0.82,0.83,232.5,0.1,0.844,16.5,48.4,0,False
2024-01-17 22:00:00,BLDG-004,warehouse,0.87,0.82,230.7,0.1,0.816,14.8,20.0,0,False
2024-01-17 23:00:00,BLDG-004,warehouse,0.82,0.84,225.9,0.1,0.878,14.1,49.6,0,False
2024-01-17 00:00:00,BLDG-005,common_area,1.48,1.52,228.6,0.1,0.825,15.9,64.8,3,False
2024-01-17 01:00:00,BLDG-005,common_area,1.53,1.56,230.3,0.1,0.772,12.3,52.5,3,False
2024-01-17 02:00:00,BLDG-005,common_area,1.71,1.51,228.3,0.1,0.878,15.3,55.9,3,False
2024-01-17 03:00:00,BLDG-005,common_area,1.59,1.53,226.6,0.1,0.918,14.3,34.5,3,False
2024-01-17 04:00:00,BLDG-005,common_area,1.46,1.52,230.4,0.1,0.77,15.0,39.1,3,False
2024-01-17 05:00:00,BLDG-005,common_area,1.49,1.59,232.5,0.1,0.924,15.3,58.8,3,False
2024-01-17 06:00:00,BLDG-005,common_area,1.53,1.52,227.6,0.1,0.83,16.4,51.7,3,False
2024-01-17 07:00:00,BLDG-005,common_area,1.62,1.52,228.7,0.1,0.827,17.6,38.1,3,False
2024-01-17 08:00:00,BLDG-005,common_area,1.58,1.53,232.3,0.1,0.803,18.7,47.6,3,False
2024-01-17 09:00:00,BLDG-005,common_area,1.72,1.75,229.0,0.1,0.897,12.9,35.0,17,False
2024-01-17 10:00:00,BLDG-005,common_area,1.79,1.95,226.9,0.1,0.828,17.4,41.1,34,False
2024-01-17 11:00:00,BLDG-005,common_area,2.22,2.08,226.2,0.1,0.859,15.2,51.1,48,False
2024-01-17 12:00:00,BLDG-005,common_area,2.25,2.25,231.6,0.1,0.765,17.3,25.0,59,False
2024-01-17 13:00:00,BLDG-005,common_area,2.28,2.35,232.4,0.1,0.805,16.9,40.5,66,False
2024-01-17 14:00:00,BLDG-005,common_area,2.39,2.35,227.5,0.1,0.873,14.3,42.1,69,False
2024-01-17 15:00:00,BLDG-005,common_area,2.38,2.35,231.2,0.1,0.918,14.5,51.2,66,False
2024-01-17 16:00:00,BLDG-005,common_area,2.28,2.32,229.0,0.1,0.834,15.2,60.2,60,False
2024-01-17 17:00:00,BLDG-005,common_area,2.19,2.11,227.0,0.1,0.897,13.3,35.5,48,False
2024-01-17 18:00:00,BLDG-005,common_area,1.99,1.97,230.0,0.1,0.891,14.5,36.8,34,False
2024-01-17 19:00:00,BLDG-005,common_area,1.63,1.74,232.9,0.1,0.876,17.4,51.9,17,False
2024-01-17 20:00:00,BLDG-005,common_area,1.5,1.57,230.9,0.1,0.815,14.8,46.9,3,False
2024-01-17 21:00:00,BLDG-005,common_area,1.62,1.48,230.5,0.1,0.808,16.4,46.6,3,False
2024-01-17 22:00:00,BLDG-005,common_area,1.64,1.53,226.9,0.1,0.869,13.9,45.2,3,False
2024-01-17 23:00:00,BLDG-005,common_area,0.16,0.16,227.7,0.1,0.75,18.6,51.6,3,True
2024-01-18 00:00:00,BLDG-001,office,4.21,4.26,227.9,0.1,0.916,12.0,45.7,9,False
2024-01-18 01:00:00,BLDG-001,office,4.15,4.21,229.2,0.1,0.824,14.6,35.3,9,False
2024-01-18 02:00:00,BLDG-001,office,4.45,4.22,231.0,0.1,0.819,18.4,52.9,9,False
2024-01-18 03:00:00,BLDG-001,office,4.13,4.1,233.3,0.1,0.805,15.1,69.8,9,False
2024-01-18 04:00:00,BLDG-001,office,4.28,4.11,228.2,0.1,0.869,17.5,52.8,9,False
2024-01-18 05:00:00,BLDG-001,office,4.17,4.11,230.0,0.1,0.89,17.4,43.9,9,False
2024-01-18 06:00:00,BLDG-001,office,3.83,4.23,229.3,0.1,0.804,13.0,34.0,9,False
2024-01-18 07:00:00,BLDG-001,office,4.29,4.22,230.0,0.1,0.907,17.9,59.6,9,False
2024-01-18 08:00:00,BLDG-001,office,3.7,4.23,232.2,0.1,0.833,13.2,41.6,9,False
2024-01-18 09:00:00,BLDG-001,office,4.57,4.59,229.9,0.1,0.836,17.7,42.3,49,False
2024-01-18 10:00:00,BLDG-001,office,4.99,5.37,231.9,0.1,0.913,14.9,33.7,96,False
2024-01-18 11:00:00,BLDG-001,office,5.49,5.78,231.4,0.1,0.816,14.3,44.3,136,False
2024-01-18 12:00:00,BLDG-001,office,6.1,6.06,228.5,0.1,0.715,14.0,54.2,167,False
2024-01-18 13:00:00,BLDG-001,office,6.97,6.44,228.4,0.1,0.798,12.1,62.3,186,False
2024-01-18 14:00:00,BLDG-001,office,6.0,6.62,229.0,0.1,0.883,16.1,28.5,193,False
2024-01-18 15:00:00,BLDG-001,office,6.52,6.35,229.3,0.1,0.807,14.6,39.6,186,False
2024-01-18 16:00:00,BLDG-001,office,0.0,0.0,225.5,0.1,0.807,18.3,48.7,167,True
2024-01-18 17:00:00,BLDG-001,office,5.9,5.78,228.8,0.1,0.916,13.0,41.2,136,False
2024-01-18 18:00:00,BLDG-001,office,5.47,5.29,226.5,0.1,0.798,15.5,38.4,96,False
2024-01-18 19:00:00,BLDG-001,office,4.72,4.87,235.3,0.1,0.855,10.4,28.6,50,False
2024-01-18 20:00:00,BLDG-001,office,3.98,4.29,233.2,0.1,0.873,13.8,44.7,9,False
2024-01-18 21:00:00,BLDG-001,office,3.99,4.21,228.7,0.1,0.825,18.9,41.7,9,False
2024-01-18 22:00:00,BLDG-001,office,3.86,4.12,229.9,0.1,0.883,15.4,34.7,9,False
2024-01-18 23:00:00,BLDG-001,office,4.28,4.1,227.1,0.1,0.826,16.1,43.2,9,False
2024-01-18 00:00:00,BLDG-002,lab,4.85,5.06,227.7,0.1,0.901,15.0,61.0,1,False
2024-01-18 01:00:00,BLDG-002,lab,5.31,5.18,230.9,0.1,0.864,15.7,44.2,1,False
2024-01-18 02:00:00,BLDG-002,lab,4.78,4.95,230.9,0.1,0.842,14.3,60.2,1,False
2024-01-18 03:00:00,BLDG-002,lab,5.41,5.16,228.2,0.1,0.864,11.7,44.1,1,False
2024-01-18 04:00:00,BLDG-002,lab,5.16,5.26,228.6,0.1,0.845,17.1,30.5,1,False
2024-01-18 05:00:00,BLDG-002,lab,5.46,5.25,226.7,0.1,0.826,14.2,34.9,1,False
2024-01-18 06:00:00,BLDG-002,lab,4.96,5.08,228.7,0.1,0.986,12.3,46.8,1,False
2024-01-18 07:00:00,BLDG-002,lab,4.64,5.18,229.0,0.1,0.877,12.1,36.9,1,False
2024-01-18 08:00:00,BLDG-002,lab,5.1,5.1,229.3,0.1,0.892,14.6,42.2,1,False
2024-01-18 09:00:00,BLDG-002,lab,5.84,5.45,231.8,0.1,0.77,13.2,45.4,6,False
2024-01-18 10:00:00,BLDG-002,lab,5.77,5.73,229.7,0.1,0.828,16.9,36.9,12,False
2024-01-18 11:00:00,BLDG-002,lab,6.42,6.26,230.0,0.1,0.88,11.1,38.9,17,False
2024-01-18 12:00:00,BLDG-002,lab,6.28,6.44,228.3,0.1,0.864,17.0,35.4,21,False
2024-01-18 13:00:00,BLDG-002,lab,6.43,6.74,229.9,0.1,0.875,15.1,62.0,24,False
2024-01-18 14:00:00,BLDG-002,lab,6.95,6.69,230.6,0.1,0.813,14.6,61.3,24,False
2024-01-18 15:00:00,BLDG-002,lab,6.55,6.68,232.2,0.1,0.808,18.6,41.1,24,False
2024-01-18 16:00:00,BLDG-002,lab,6.62,6.36,228.4,0.1,0.926,15.0,49.2,21,False
2024-01-18 17:00:00,BLDG-002,lab,6.09,6.25,232.6,0.1,0.802,17.9,34.7,17,False
2024-01-18 18:00:00,BLDG-002,lab,6.13,5.85,227.4,0.1,0.863,16.4,58.5,12,False
2024-01-18 19:00:00,BLDG-002,lab,5.41,5.33,229.3,0.1,0.948,14.4,26.1,6,False
2024-01-18 20:00:00,BLDG-002,lab,5.1,5.2,227.0,0.1,0.855,17.1,40.7,1,False
2024-01-18 21:00:00,BLDG-002,lab,4.75,5.21,228.5,0.1,0.855,14.3,51.9,1,False
2024-01-18 22:00:00,BLDG-002,lab,4.94,5.15,227.0,0.1,0.883,12.1,43.0,1,False
2024-01-18 23:00:00,BLDG-002,lab,5.27,5.19,229.8,0.1,0.898,10.8,29.2,1,False
2024-01-18 00:00:00,BLDG-003,datacenter,13.29,13.08,229.4,0.1,0.883,20.1,37.7,0,False
2024-01-18 01:00:00,BLDG-003,datacenter,12.71,13.13,232.7,0.1,0.794,15.1,40.9,0,False
2024-01-18 02:00:00,BLDG-003,datacenter,13.59,13.3,227.7,0.1,0.833,17.8,54.3,0,False
2024-01-18 03:00:00,BLDG-003,datacenter,13.71,13.51,230.1,0.1,0.816,18.5,53.9,0,False
2024-01-18 04:00:00,BLDG-003,datacenter,12.65,13.47,231.1,0.1,0.861,21.3,37.9,0,False
2024-01-18 05:00:00,BLDG-003,datacenter,12.07,13.11,229.5,0.1,0.824,16.4,21.9,0,False
2024-01-18 06:00:00,BLDG-003,datacenter,13.62,13.38,230.5,0.1,0.915,18.1,48.4,0,False
2024-01-18 07:00:00,BLDG-003,datacenter,13.57,13.35,231.1,0.1,0.869,18.9,70.5,0,False
2024-01-18 08:00:00,BLDG-003,datacenter,14.17,13.32,230.5,0.1,0.891,15.5,41.9,0,False
2024-01-18 09:00:00,BLDG-003,datacenter,14.11,14.76,229.5,0.1,0.869,17.8,53.7,2,False
2024-01-18 10:00:00,BLDG-003,datacenter,15.8,16.62,231.0,0.1,0.818,21.3,43.1,4,False
2024-01-18 11:00:00,BLDG-003,datacenter,17.84,18.69,228.2,0.1,0.882,21.3,56.6,6,False
2024-01-18 12:00:00,BLDG-003,datacenter,17.22,19.58,229.4,0.1,0.902,14.5,41.5,7,False
2024-01-18 13:00:00,BLDG-003,datacenter,21.2,19.96,231.2,0.1,0.768,17.5,49.0,8,False
2024-01-18 14:00:00,BLDG-003,datacenter,19.62,20.64,225.4,0.1,0.901,16.6,46.9,8,False
2024-01-18 15:00:00,BLDG-003,datacenter,20.57,20.07,228.4,0.1,0.793,16.7,56.7,8,False
2024-01-18 16:00:00,BLDG-003,datacenter,21.61,19.32,229.9,0.1,0.804,17.2,59.6,7,False
2024-01-18 17:00:00,BLDG-003,datacenter,19.6,17.62,233.8,0.1,0.84,18.8,44.1,6,False
2024-01-18 18:00:00,BLDG-003,datacenter,17.43,17.18,230.8,0.1,0.88,20.5,51.4,4,False
2024-01-18 19:00:00,BLDG-003,datacenter,13.91,14.94,231.2,0.1,0.825,18.3,53.5,2,False
2024-01-18 20:00:00,BLDG-003,datacenter,12.6,13.4,231.5,0.1,0.785,18.9,39.1,0,False
2024-01-18 21:00:00,BLDG-003,datacenter,14.35,13.31,231.9,0.1,0.856,22.3,28.0,0,False
2024-01-18 22:00:00,BLDG-003,datacenter,13.87,13.1,228.2,0.1,0.787,18.6,53.0,0,False
2024-01-18 23:00:00,BLDG-003,datacenter,12.35,13.07,232.2,0.1,0.815,16.6,29.7,0,False
2024-01-18 00:00:00,BLDG-004,warehouse,1.45,1.45,232.7,0.1,0.795,15.8,63.9,0,False
2024-01-18 01:00:00,BLDG-004,warehouse,1.55,1.49,228.9,0.1,0.86,17.3,56.6,0,False
2024-01-18 02:00:00,BLDG-004,warehouse,1.63,1.49,230.3,0.1,0.866,13.0,40.2,0,False
2024-01-18 03:00:00,BLDG-004,warehouse,1.31,1.46,232.1,0.1,0.882,14.9,44.7,0,False
2024-01-18 04:00:00,BLDG-004,warehouse,1.4,1.5,228.3,0.1,0.799,12.8,45.3,0,False
2024-01-18 05:00:00,BLDG-004,warehouse,3.41,3.66,231.0,0.1,0.923,15.4,34.0,0,True
2024-01-18 06:00:00,BLDG-004,warehouse,1.37,1.48,229.5,0.1,0.786,14.7,44.0,0,False
2024-01-18 07:00:00,BLDG-004,warehouse,1.42,1.4,230.4,0.1,0.841,12.4,30.8,0,False
2024-01-18 08:00:00,BLDG-004,warehouse,1.45,1.47,227.0,0.1,0.888,13.8,34.3,0,False
2024-01-18 09:00:00,BLDG-004,warehouse,1.58,1.51,232.2,0.1,0.848,15.9,48.0,3,False
2024-01-18 10:00:00,BLDG-004,warehouse,1.85,1.6,228.7,0.1,0.874,16.1,43.0,7,False
2024-01-18 11:00:00,BLDG-004,warehouse,1.9,1.76,231.1,0.1,0.774,16.7,26.7,10,False
2024-01-18 12:00:00,BLDG-004,warehouse,1.73,1.84,231.5,0.1,0.966,14.6,45.8,12,False
2024-01-18 13:00:00,BLDG-004,warehouse,2.1,1.91,233.0,0.1,0.816,15.9,63.2,14,False
2024-01-18 14:00:00,BLDG-004,warehouse,1.86,1.9,231.8,0.1,0.883,16.4,38.9,14,False
2024-01-18 15:00:00,BLDG-004,warehouse,2.01,1.85,229.0,0.1,0.762,11.0,47.2,14,False
2024-01-18 16:00:00,BLDG-004,warehouse,1.75,1.88,227.6,0.1,0.868,13.9,46.2,12,False
2024-01-18 17:00:00,BLDG-004,warehouse,1.74,1.82,229.9,0.1,0.883,13.6,51.4,10,False
2024-01-18 18:00:00,BLDG-004,warehouse,1.66,1.68,230.1,0.1,0.953,14.0,41.0,7,False
2024-01-18 19:00:00,BLDG-004,warehouse,1.65,1.52,230.9,0.1,0.84,15.1,42.0,3,False
2024-01-18 20:00:00,BLDG-004,warehouse,1.38,1.42,231.3,0.1,0.79,12.4,54.1,0,False
2024-01-18 21:00:00,BLDG-004,warehouse,1.45,1.48,230.3,0.1,0.81,16.2,59.6,0,False
2024-01-18 22:00:00,BLDG-004,warehouse,1.43,1.44,228.2,0.1,0.866,19.6,52.3,0,False
2024-01-18 23:00:00,BLDG-004,warehouse,1.43,1.44,226.8,0.1,0.885,14.8,53.5,0,False
2024-01-18 00:00:00,BLDG-005,common_area,0.63,0.62,231.0,0.1,0.856,13.4,23.5,0,False
2024-01-18 01:00:00,BLDG-005,common_area,0.64,0.61,229.6,0.1,0.809,15.6,48.3,0,False
2024-01-18 02:00:00,BLDG-005,common_area,0.63,0.62,233.5,0.1,0.853,13.2,49.4,0,False
2024-01-18 03:00:00,BLDG-005,common_area,0.63,0.62,229.4,0.1,0.806,17.9,47.1,0,False
2024-01-18 04:00:00,BLDG-005,common_area,0.69,0.61,230.9,0.1,0.801,13.6,24.2,0,False
2024-01-18 05:00:00,BLDG-005,common_area,0.65,0.61,232.1,0.1,0.794,15.7,28.0,0,False
2024-01-18 06:00:00,BLDG-005,common_area,0.58,0.61,228.5,0.1,0.859,18.8,25.8,0,False
2024-01-18 07:00:00,BLDG-005,common_area,0.61,0.62,229.4,0.1,0.865,16.0,54.3,0,False
2024-01-18 08:00:00,BLDG-005,common_area,0.62,0.6,232.4,0.1,0.896,17.5,49.2,0,False
2024-01-18 09:00:00,BLDG-005,common_area,0.67,0.64,228.4,0.1,0.847,15.4,39.4,2,False
2024-01-18 10:00:00,BLDG-005,common_area,0.64,0.67,227.7,0.1,0.781,14.5,47.5,3,False
2024-01-18 11:00:00,BLDG-005,common_area,0.62,0.64,231.2,0.1,0.813,16.4,53.9,5,False
2024-01-18 12:00:00,BLDG-005,common_area,0.67,0.66,230.6,0.1,0.811,14.2,39.8,6,False
2024-01-18 13:00:00,BLDG-005,common_area,0.67,0.66,232.5,0.1,0.842,14.3,48.8,7,False
2024-01-18 14:00:00,BLDG-005,common_area,0.64,0.68,229.2,0.1,0.84,14.7,37.2,8,False
2024-01-18 15:00:00,BLDG-005,common_area,0.65,0.64,232.5,0.1,0.832,15.3,55.9,7,False
2024-01-18 16:00:00,BLDG-005,common_area,0.69,0.64,229.8,0.1,0.894,16.1,64.6,6,False
2024-01-18 17:00:00,BLDG-005,common_area,0.65,0.65,226.1,0.1,0.769,13.7,41.3,5,False
2024-01-18 18:00:00,BLDG-005,common_area,0.62,0.64,228.6,0.1,0.802,14.6,48.2,3,False
2024-01-18 19:00:00,BLDG-005,common_area,0.59,0.62,227.0,0.1,0.862,13.7,68.5,2,False
2024-01-18 20:00:00,BLDG-005,common_area,0.59,0.61,230.4,0.1,0.863,12.4,59.5,0,False
2024-01-18 21:00:00,BLDG-005,common_area,0.65,0.62,227.6,0.1,0.821,19.0,51.9,0,False
2024-01-18 22:00:00,BLDG-005,common_area,0.6,0.61,232.7,0.1,0.806,11.8,50.1,0,False
2024-01-18 23:00:00,BLDG-005,common_area,0.62,0.62,230.8,0.1,0.782,13.2,44.5,0,False
2024-01-19 00:00:00,BLDG-001,office,3.61,3.92,232.3,0.1,0.773,18.7,63.2,8,False
2024-01-19 01:00:00,BLDG-001,office,4.09,3.76,230.9,0.1,0.796,14.9,46.6,8,False
2024-01-19 02:00:00,BLDG-001,office,3.91,3.76,227.5,0.1,0.965,14.1,26.8,8,False
2024-01-19 03:00:00,BLDG-001,office,4.08,3.76,231.2,0.1,0.817,15.6,40.7,8,False
2024-01-19 04:00:00,BLDG-001,office,3.51,3.88,230.3,0.1,0.802,16.4,49.8,8,False
2024-01-19 05:00:00,BLDG-001,office,3.89,3.82,229.5,0.1,0.764,14.0,52.9,8,False
2024-01-19 06:00:00,BLDG-001,office,3.49,3.83,227.4,0.1,0.808,15.6,37.2,8,False
2024-01-19 07:00:00,BLDG-001,office,3.95,3.81,232.1,0.1,0.826,13.8,58.4,8,False
2024-01-19 08:00:00,BLDG-001,office,3.69,3.82,228.9,0.1,0.87,16.1,44.1,8,False
2024-01-19 09:00:00,BLDG-001,office,3.97,4.24,233.1,0.1,0.848,14.8,46.2,44,False
2024-01-19 10:00:00,BLDG-001,office,4.74,4.99,231.9,0.1,0.816,16.5,49.0,86,False
2024-01-19 11:00:00,BLDG-001,office,5.25,5.37,227.0,0.1,0.934,18.9,41.9,122,False
2024-01-19 12:00:00,BLDG-001,office,5.59,5.56,229.3,0.1,0.917,16.5,42.9,150,False
2024-01-19 13:00:00,BLDG-001,office,5.28,5.61,231.9,0.1,0.873,13.4,34.3,167,False
2024-01-19 14:00:00,BLDG-001,office,5.95,5.93,230.2,0.1,0.7,16.1,35.3,173,False
2024-01-19 15:00:00,BLDG-001,office,6.0,5.67,232.8,0.1,0.874,14.5,45.8,167,False
2024-01-19 16:00:00,BLDG-001,office,5.82,5.68,230.5,0.1,0.724,16.8,52.5,150,False
2024-01-19 17:00:00,BLDG-001,office,5.0,5.27,231.8,0.1,0.885,14.6,46.4,122,False
2024-01-19 18:00:00,BLDG-001,office,4.67,4.59,231.8,0.1,0.781,16.4,51.5,86,False
2024-01-19 19:00:00,BLDG-001,office,4.19,4.4,227.2,0.1,0.805,17.7,28.8,44,False
2024-01-19 20:00:00,BLDG-001,office,3.91,3.65,229.6,0.1,0.897,15.9,38.2,8,False
2024-01-19 21:00:00,BLDG-001,office,4.04,3.8,226.9,0.1,0.868,14.8,42.5,8,False
2024-01-19 22:00:00,BLDG-001,office,3.72,3.86,230.7,0.1,0.825,16.2,50.7,8,False
2024-01-19 23:00:00,BLDG-001,office,3.73,3.89,231.3,0.1,0.823,15.3,44.2,8,False
2024-01-19 00:00:00,BLDG-002,lab,6.29,6.22,232.1,0.1,0.856,18.6,48.1,1,False
2024-01-19 01:00:00,BLDG-002,lab,6.02,6.37,230.1,0.1,0.851,12.9,45.2,1,False
2024-01-19 02:00:00,BLDG-002,lab,6.38,6.11,229.4,0.1,0.846,13.2,47.4,1,False
2024-01-19 03:00:00,BLDG-002,lab,6.09,6.58,232.4,0.1,0.884,14.6,33.7,1,False
2024-01-19 04:00:00,BLDG-002,lab,6.5,6.32,230.8,0.1,0.836,15.3,46.0,1,False
2024-01-19 05:00:00,BLDG-002,lab,6.0,6.24,232.2,0.1,0.916,12.8,37.2,1,False
2024-01-19 06:00:00,BLDG-002,lab,6.39,6.43,231.5,0.1,0.856,14.4,61.6,1,False
2024-01-19 07:00:00,BLDG-002,lab,6.13,6.22,233.2,0.1,0.83,13.4,44.3,1,False
2024-01-19 08:00:00,BLDG-002,lab,6.22,6.26,229.9,0.1,0.899,13.0,55.7,1,False
2024-01-19 09:00:00,BLDG-002,lab,7.13,6.75,230.0,0.1,0.873,13.6,57.0,9,False
2024-01-19 10:00:00,BLDG-002,lab,8.37,7.7,231.4,0.1,0.866,17.1,46.7,17,False
2024-01-19 11:00:00,BLDG-002,lab,8.5,8.2,231.2,0.1,0.812,16.3,31.9,25,False
2024-01-19 12:00:00,BLDG-002,lab,8.6,8.71,227.8,0.1,0.869,15.2,43.2,30,False
2024-01-19 13:00:00,BLDG-002,lab,9.01,8.85,227.4,0.1,0.924,15.9,42.8,34,False
2024-01-19 14:00:00,BLDG-002,lab,8.46,8.65,232.0,0.1,0.785,11.4,32.8,35,False
2024-01-19 15:00:00,BLDG-002,lab,8.6,9.11,231.7,0.1,0.914,17.9,43.9,34,False
2024-01-19 16:00:00,BLDG-002,lab,9.56,8.55,230.3,0.1,0.881,18.4,43.9,30,False
2024-01-19 17:00:00,BLDG-002,lab,8.0,8.11,232.8,0.1,0.927,17.8,44.3,25,False
2024-01-19 18:00:00,BLDG-002,lab,7.58,7.42,232.9,0.1,0.935,16.7,46.9,17,False
2024-01-19 19:00:00,BLDG-002,lab,7.5,7.05,226.4,0.1,0.919,13.9,61.9,9,False
2024-01-19 20:00:00,BLDG-002,lab,6.21,6.24,229.6,0.1,0.858,16.6,38.2,1,False
2024-01-19 21:00:00,BLDG-002,lab,5.98,6.5,226.9,0.1,0.813,16.4,34.4,1,False
2024-01-19 22:00:00,BLDG-002,lab,6.54,6.18,229.0,0.1,0.834,15.8,36.4,1,False
2024-01-19 23:00:00,BLDG-002,lab,5.72,6.21,231.9,0.1,0.893,11.0,48.2,1,False
2024-01-19 00:00:00,BLDG-003,datacenter,14.0,13.19,229.8,0.1,0.822,14.9,47.8,0,False
2024-01-19 01:00:00,BLDG-003,datacenter,13.58,13.17,231.4,0.1,0.903,15.6,43.6,0,False
2024-01-19 02:00:00,BLDG-003,datacenter,13.31,13.99,231.6,0.1,0.891,17.8,44.9,0,False
2024-01-19 03:00:00,BLDG-003,datacenter,13.91,13.42,232.5,0.1,0.926,15.6,47.1,0,False
2024-01-19 04:00:00,BLDG-003,datacenter,12.14,12.81,228.7,0.1,0.783,16.0,42.5,0,False
2024-01-19 05:00:00,BLDG-003,datacenter,14.02,13.16,233.3,0.1,0.804,21.3,52.3,0,False
2024-01-19 06:00:00,BLDG-003,datacenter,12.2,13.45,233.1,0.1,0.841,19.6,27.8,0,False
2024-01-19 07:00:00,BLDG-003,datacenter,13.52,13.03,230.9,0.1,0.806,15.8,35.4,0,False
2024-01-19 08:00:00,BLDG-003,datacenter,13.42,13.56,232.8,0.1,0.944,17.9,32.4,0,False
2024-01-19 09:00:00,BLDG-003,datacenter,14.85,15.22,228.7,0.1,0.889,19.0,52.9,2,False
2024-01-19 10:00:00,BLDG-003,datacenter,16.79,16.68,227.5,0.1,0.841,16.6,31.4,4,False
2024-01-19 11:00:00,BLDG-003,datacenter,17.74,17.69,226.6,0.1,0.842,17.5,45.6,6,False
2024-01-19 12:00:00,BLDG-003,datacenter,18.09,18.58,229.9,0.1,0.808,20.1,38.1,7,False
2024-01-19 13:00:00,BLDG-003,datacenter,21.28,20.51,229.9,0.1,0.935,16.3,35.0,8,False
2024-01-19 14:00:00,BLDG-003,datacenter,21.78,20.36,227.1,0.1,0.957,18.2,38.6,8,False
2024-01-19 15:00:00,BLDG-003,datacenter,20.69,20.43,228.8,0.1,0.817,21.1,47.4,8,False
2024-01-19 16:00:00,BLDG-003,datacenter,20.07,19.34,229.7,0.1,0.915,21.1,34.9,7,False
2024-01-19 17:00:00,BLDG-003,datacenter,16.54,18.26,228.2,0.1,0.843,21.1,20.8,6,False
2024-01-19 18:00:00,BLDG-003,datacenter,17.81,16.75,231.6,0.1,0.867,19.6,50.6,4,False
2024-01-19 19:00:00,BLDG-003,datacenter,14.73,14.63,232.8,0.1,0.902,18.2,28.3,2,False
2024-01-19 20:00:00,BLDG-003,datacenter,13.75,13.55,226.2,0.1,0.861,20.2,44.5,0,False
2024-01-19 21:00:00,BLDG-003,datacenter,14.24,13.26,232.0,0.1,0.878,16.3,56.7,0,False
2024-01-19 22:00:00,BLDG-003,datacenter,12.62,13.46,229.8,0.1,0.794,15.1,47.3,0,False
2024-01-19 23:00:00,BLDG-003,datacenter,12.83,13.22,232.5,0.1,0.82,16.5,52.5,0,False
2024-01-19 00:00:00,BLDG-004,warehouse,2.19,2.04,227.9,0.1,0.841,14.3,53.6,1,False
2024-01-19 01:00:00,BLDG-004,warehouse,2.19,2.04,228.2,0.1,0.876,16.7,43.5,1,False
2024-01-19 02:00:00,BLDG-004,warehouse,1.98,1.99,233.8,0.1,0.844,14.1,31.7,1,False
2024-01-19 03:00:00,BLDG-004,warehouse,2.14,2.1,228.6,0.1,0.834,16.5,30.5,1,False
2024-01-19 04:00:00,BLDG-004,warehouse,1.96,1.96,231.2,0.1,0.878,14.9,41.0,1,False
2024-01-19 05:00:00,BLDG-004,warehouse,2.01,2.05,228.4,0.1,0.842,14.7,48.4,1,False
2024-01-19 06:00:00,BLDG-004,warehouse,1.99,2.03,232.8,0.1,0.888,16.2,42.9,1,False
2024-01-19 07:00:00,BLDG-004,warehouse,2.13,2.11,231.3,0.1,0.832,14.9,30.3,1,False
2024-01-19 08:00:00,BLDG-004,warehouse,1.99,2.02,229.3,0.1,0.893,13.8,43.2,1,False
2024-01-19 09:00:00,BLDG-004,warehouse,2.38,2.33,228.3,0.1,0.851,16.9,45.1,6,False
2024-01-19 10:00:00,BLDG-004,warehouse,2.82,2.54,229.0,0.1,0.842,13.1,41.5,12,False
2024-01-19 11:00:00,BLDG-004,warehouse,2.61,2.91,231.3,0.1,0.877,15.3,49.5,18,False
2024-01-19 12:00:00,BLDG-004,warehouse,2.83,2.91,227.5,0.1,0.888,18.4,62.2,22,False
2024-01-19 13:00:00,BLDG-004,warehouse,2.81,3.01,231.9,0.1,0.858,11.7,50.0,25,False
2024-01-19 14:00:00,BLDG-004,warehouse,3.25,3.1,230.7,0.1,0.832,16.9,60.3,25,False
2024-01-19 15:00:00,BLDG-004,warehouse,2.97,3.03,230.4,0.1,0.784,15.4,50.4,25,False
2024-01-19 16:00:00,BLDG-004,warehouse,3.01,2.96,229.9,0.1,0.901,16.1,38.3,22,False
2024-01-19 17:00:00,BLDG-004,warehouse,2.82,2.83,228.6,0.1,0.876,13.3,32.5,18,False
2024-01-19 18:00:00,BLDG-004,warehouse,2.67,2.63,231.7,0.1,0.836,15.8,37.0,12,False
2024-01-19 19:00:00,BLDG-004,warehouse,2.47,2.26,231.0,0.1,0.815,13.3,53.5,6,False
2024-01-19 20:00:00,BLDG-004,warehouse,1.98,2.11,229.2,0.1,0.874,12.6,31.3,1,False
2024-01-19 21:00:00,BLDG-004,warehouse,1.95,2.07,227.1,0.1,0.806,17.4,50.1,1,False
2024-01-19 22:00:00,BLDG-004,warehouse,2.0,2.03,234.1,0.1,0.836,17.3,47.5,1,False
2024-01-19 23:00:00,BLDG-004,warehouse,2.05,2.05,230.0,0.1,0.963,15.5,46.2,1,False
2024-01-19 00:00:00,BLDG-005,common_area,0.57,0.62,229.3,0.1,0.915,10.4,45.7,0,False
2024-01-19 01:00:00,BLDG-005,common_area,0.65,0.61,226.4,0.1,0.836,16.9,38.3,0,False
2024-01-19 02:00:00,BLDG-005,common_area,0.58,0.63,227.2,0.1,0.792,16.4,37.4,0,False
2024-01-19 03:00:00,BLDG-005,common_area,0.65,0.61,226.7,0.1,0.866,15.6,38.3,0,False
2024-01-19 04:00:00,BLDG-005,common_area,0.57,0.62,233.1,0.1,0.816,15.7,42.9,0,False
2024-01-19 05:00:00,BLDG-005,common_area,0.57,0.6,227.0,0.1,0.85,14.6,41.8,0,False
2024-01-19 06:00:00,BLDG-005,common_area,0.64,0.63,226.0,0.1,0.844,17.2,54.3,0,False
2024-01-19 07:00:00,BLDG-005,common_area,0.57,0.61,229.8,0.1,0.819,13.9,38.5,0,False
2024-01-19 08:00:00,BLDG-005,common_area,0.61,0.64,231.5,0.1,0.86,11.3,22.5,0,False
2024-01-19 09:00:00,BLDG-005,common_area,0.63,0.62,235.1,0.1,0.787,14.2,34.9,2,False
2024-01-19 10:00:00,BLDG-005,common_area,0.61,0.62,228.7,0.1,0.913,15.6,39.3,3,False
2024-01-19 11:00:00,BLDG-005,common_area,0.65,0.65,231.8,0.1,0.85,17.9,49.4,5,False
2024-01-19 12:00:00,BLDG-005,common_area,0.61,0.66,226.2,0.1,0.89,14.1,37.5,6,False
2024-01-19 13:00:00,BLDG-005,common_area,0.69,0.66,231.2,0.1,0.946,15.3,35.1,7,False
2024-01-19 14:00:00,BLDG-005,common_area,0.6,0.64,229.3,0.1,0.794,17.8,63.0,8,False
2024-01-19 15:00:00,BLDG-005,common_area,0.7,0.64,230.2,0.1,0.82,18.8,45.2,7,False
2024-01-19 16:00:00,BLDG-005,common_area,0.65,0.63,228.7,0.1,0.825,15.2,47.5,6,False
2024-01-19 17:00:00,BLDG-005,common_area,0.7,0.66,231.9,0.1,0.854,11.4,36.0,5,False
2024-01-19 18:00:00,BLDG-005,common_area,0.59,0.63,230.9,0.1,0.851,12.7,39.4,3,False
2024-01-19 19:00:00,BLDG-005,common_area,0.69,0.63,225.9,0.1,0.814,17.3,56.8,2,False
2024-01-19 20:00:00,BLDG-005,common_area,0.64,0.6,233.1,0.1,0.907,12.9,44.3,0,False
2024-01-19 21:00:00,BLDG-005,common_area,0.64,0.61,231.7,0.1,0.795,18.6,37.0,0,False
2024-01-19 22:00:00,BLDG-005,common_area,0.65,0.6,228.8,0.1,0.888,15.8,37.9,0,False
2024-01-19 23:00:00,BLDG-005,common_area,0.59,0.6,234.2,0.1,0.925,15.5,56.0,0,False
2024-01-20 00:00:00,BLDG-001,office,1.74,1.68,229.7,0.1,0.834,14.3,46.6,20,False
2024-01-20 01:00:00,BLDG-001,office,1.78,1.8,227.6,0.1,0.825,14.4,45.4,20,False
2024-01-20 02:00:00,BLDG-001,office,1.69,1.66,230.5,0.1,0.856,13.2,37.4,20,False
2024-01-20 03:00:00,BLDG-001,office,1.73,1.7,229.4,0.1,0.829,14.8,35.4,20,False
2024-01-20 04:00:00,BLDG-001,office,1.69,1.71,226.8,0.1,0.79,15.3,37.4,20,False
2024-01-20 05:00:00,BLDG-001,office,1.72,1.7,229.4,0.1,0.797,14.0,49.6,20,False
2024-01-20 06:00:00,BLDG-001,office,1.96,1.75,229.5,0.1,0.811,13.8,43.9,20,False
2024-01-20 07:00:00,BLDG-001,office,1.72,1.77,227.7,0.1,0.862,18.0,58.6,20,False
2024-01-20 08:00:00,BLDG-001,office,1.57,1.69,235.0,0.1,0.849,16.4,44.6,20,False
2024-01-20 09:00:00,BLDG-001,office,1.64,1.74,231.3,0.1,0.835,15.9,46.4,20,False
2024-01-20 10:00:00,BLDG-001,office,1.77,1.73,230.0,0.1,0.832,14.3,50.0,20,False
2024-01-20 11:00:00,BLDG-001,office,1.85,1.78,229.5,0.1,0.889,16.4,33.9,20,False
2024-01-20 12:00:00,BLDG-001,office,1.61,1.69,228.5,0.1,0.864,13.0,52.8,20,False
2024-01-20 13:00:00,BLDG-001,office,1.6,1.73,228.0,0.1,0.854,14.1,49.6,20,False
2024-01-20 14:00:00,BLDG-001,office,1.82,1.73,226.4,0.1,0.762,16.5,35.0,20,False
2024-01-20 15:00:00,BLDG-001,office,1.8,1.75,229.3,0.1,0.821,16.1,40.8,20,False
2024-01-20 16:00:00,BLDG-001,office,1.63,1.7,229.5,0.1,0.83,16.2,37.5,20,False
2024-01-20 17:00:00,BLDG-001,office,1.81,1.75,228.6,0.1,0.882,13.9,47.5,20,False
2024-01-20 18:00:00,BLDG-001,office,1.75,1.72,228.5,0.1,0.839,17.4,47.8,20,False
2024-01-20 19:00:00,BLDG-001,office,1.59,1.69,229.6,0.1,0.844,14.7,37.9,20,False
2024-01-20 20:00:00,BLDG-001,office,1.7,1.7,231.3,0.1,0.805,13.6,46.4,20,False
2024-01-20 21:00:00,BLDG-001,office,1.74,1.74,227.5,0.1,0.715,14.8,50.8,20,False
2024-01-20 22:00:00,BLDG-001,office,1.65,1.74,230.3,0.1,0.813,13.1,66.0,20,False
2024-01-20 23:00:00,BLDG-001,office,1.83,1.71,230.9,0.1,0.833,12.5,49.0,20,False
2024-01-20 00:00:00,BLDG-002,lab,3.22,3.13,233.4,0.1,0.888,16.7,42.6,5,False
2024-01-20 01:00:00,BLDG-002,lab,3.06,3.05,227.6,0.1,0.89,13.2,47.9,5,False
2024-01-20 02:00:00,BLDG-002,lab,3.12,3.22,230.5,0.1,0.821,13.2,44.6,5,False
2024-01-20 03:00:00,BLDG-002,lab,2.97,3.28,228.7,0.1,0.78,17.1,45.9,5,False
2024-01-20 04:00:00,BLDG-002,lab,3.1,3.2,231.4,0.1,0.88,15.4,32.7,5,False
2024-01-20 05:00:00,BLDG-002,lab,3.31,3.13,229.0,0.1,0.879,16.3,47.2,5,False
2024-01-20 06:00:00,BLDG-002,lab,8.22,7.85,233.5,0.1,0.754,10.6,33.2,5,True
2024-01-20 07:00:00,BLDG-002,lab,3.27,3.12,227.8,0.1,0.874,16.4,53.9,5,False
2024-01-20 08:00:00,BLDG-002,lab,3.1,3.12,234.2,0.1,0.896,17.7,38.5,5,False
2024-01-20 09:00:00,BLDG-002,lab,3.34,3.1,229.5,0.1,0.776,13.8,41.1,5,False
2024-01-20 10:00:00,BLDG-002,lab,3.15,3.17,230.8,0.1,0.892,14.6,38.5,5,False
2024-01-20 11:00:00,BLDG-002,lab,2.91,3.05,230.8,0.1,0.847,17.7,50.1,5,False
2024-01-20 12:00:00,BLDG-002,lab,2.75,3.21,231.6,0.1,0.7,17.6,34.7,5,False
2024-01-20 13:00:00,BLDG-002,lab,3.06,3.21,228.8,0.1,0.884,15.3,51.0,5,False
2024-01-20 14:00:00,BLDG-002,lab,3.21,3.08,228.5,0.1,0.892,16.4,39.9,5,False
2024-01-20 15:00:00,BLDG-002,lab,3.29,3.21,228.2,0.1,0.806,12.7,42.1,5,False
2024-01-20 16:00:00,BLDG-002,lab,3.17,3.1,229.9,0.1,0.815,16.0,36.0,5,False
2024-01-20 17:00:00,BLDG-002,lab,3.02,3.1,227.6,0.1,0.924,15.4,38.3,5,False
2024-01-20 18:00:00,BLDG-002,lab,3.12,3.17,231.9,0.1,0.862,14.7,65.2,5,False
2024-01-20 19:00:00,BLDG-002,lab,3.13,3.18,226.9,0.1,0.749,17.9,31.8,5,False
2024-01-20 20:00:00,BLDG-002,lab,2.86,3.09,229.7,0.1,0.823,14.8,32.4,5,False
2024-01-20 21:00:00,BLDG-002,lab,3.2,3.22,229.0,0.1,0.753,14.0,61.8,5,False
2024-01-20 22:00:00,BLDG-002,lab,2.99,3.25,231.0,0.1,0.884,15.5,44.3,5,False
2024-01-20 23:00:00,BLDG-002,lab,2.94,3.1,229.8,0.1,0.876,14.8,35.1,5,False
2024-01-20 00:00:00,BLDG-003,datacenter,5.65,5.69,230.5,0.1,0.852,20.2,46.0,1,False
2024-01-20 01:00:00,BLDG-003,datacenter,5.55,5.81,228.5,0.1,0.966,16.4,33.2,1,False
2024-01-20 02:00:00,BLDG-003,datacenter,5.84,5.71,228.0,0.1,0.882,17.9,55.6,1,False
2024-01-20 03:00:00,BLDG-003,datacenter,5.67,5.87,230.5,0.1,0.891,16.3,35.5,1,False
2024-01-20 04:00:00,BLDG-003,datacenter,5.47,5.61,230.1,0.1,0.861,17.9,44.2,1,False
2024-01-20 05:00:00,BLDG-003,datacenter,5.39,5.75,229.6,0.1,0.915,14.4,49.8,1,False
2024-01-20 06:00:00,BLDG-003,datacenter,5.43,5.71,228.5,0.1,0.875,17.0,56.9,1,False
2024-01-20 07:00:00,BLDG-003,datacenter,6.16,5.92,228.2,0.1,0.936,20.5,41.6,1,False
2024-01-20 08:00:00,BLDG-003,datacenter,5.54,5.74,231.8,0.1,0.884,19.3,40.8,1,False
2024-01-20 09:00:00,BLDG-003,datacenter,5.45,5.83,226.5,0.1,0.749,14.5,40.0,1,False
2024-01-20 10:00:00,BLDG-003,datacenter,5.31,5.78,229.5,0.1,0.811,19.0,36.8,1,False
2024-01-20 11:00:00,BLDG-003,datacenter,5.76,5.65,230.3,0.1,0.909,14.8,44.2,1,False
2024-01-20 12:00:00,BLDG-003,datacenter,6.0,5.63,230.9,0.1,0.816,14.9,42.4,1,False
2024-01-20 13:00:00,BLDG-003,datacenter,4.99,5.82,224.0,0.1,0.857,14.9,46.0,1,False
2024-01-20 14:00:00,BLDG-003,datacenter,5.56,5.86,228.1,0.1,0.884,17.5,46.5,1,False
2024-01-20 15:00:00,BLDG-003,datacenter,5.98,6.07,229.1,0.1,0.843,20.8,41.3,1,False
2024-01-20 16:00:00,BLDG-003,datacenter,5.46,5.75,230.1,0.1,0.931,18.0,43.7,1,False
2024-01-20 17:00:00,BLDG-003,datacenter,5.54,5.7,228.3,0.1,0.823,18.5,56.0,1,False
2024-01-20 18:00:00,BLDG-003,datacenter,6.09,5.7,232.4,0.1,0.822,19.4,51.8,1,False
2024-01-20 19:00:00,BLDG-003,datacenter,5.91,5.65,232.9,0.1,0.875,22.2,37.9,1,False
2024-01-20 20:00:00,BLDG-003,datacenter,5.08,5.79,229.2,0.1,0.845,16.4,62.3,1,False
2024-01-20 21:00:00,BLDG-003,datacenter,6.19,5.62,228.1,0.1,0.808,19.6,58.2,1,False
2024-01-20 22:00:00,BLDG-003,datacenter,5.82,5.74,231.4,0.1,0.917,18.3,60.0,1,False
2024-01-20 23:00:00,BLDG-003,datacenter,5.71,5.84,231.5,0.1,0.896,17.7,40.6,1,False
2024-01-20 00:00:00,BLDG-004,warehouse,0.91,0.89,227.1,0.1,0.894,15.4,56.5,3,False
2024-01-20 01:00:00,BLDG-004,warehouse,0.91,0.96,228.6,0.1,0.811,13.5,37.4,3,False
2024-01-20 02:00:00,BLDG-004,warehouse,0.93,0.92,230.8,0.1,0.842,16.9,49.6,3,False
2024-01-20 03:00:00,BLDG-004,warehouse,0.91,0.93,229.7,0.1,0.777,14.1,39.8,3,False
2024-01-20 04:00:00,BLDG-004,warehouse,0.84,0.91,226.6,0.1,0.888,14.6,57.9,3,False
2024-01-20 05:00:00,BLDG-004,warehouse,0.85,0.94,228.1,0.1,0.805,15.7,45.5,3,False
2024-01-20 06:00:00,BLDG-004,warehouse,0.88,0.88,230.6,0.1,0.831,18.1,37.5,3,False
2024-01-20 07:00:00,BLDG-004,warehouse,0.92,0.92,225.9,0.1,0.914,15.0,37.5,3,False
2024-01-20 08:00:00,BLDG-004,warehouse,0.88,0.89,226.3,0.1,0.883,14.2,44.9,3,False
2024-01-20 09:00:00,BLDG-004,warehouse,0.86,0.94,231.7,0.1,0.848,17.6,59.3,3,False
2024-01-20 10:00:00,BLDG-004,warehouse,0.95,0.91,229.6,0.1,0.918,14.7,50.4,3,False
2024-01-20 11:00:00,BLDG-004,warehouse,0.94,0.91,228.8,0.1,0.902,14.9,50.2,3,False
2024-01-20 12:00:00,BLDG-004,warehouse,0.86,0.91,234.4,0.1,0.843,16.0,45.3,3,False
2024-01-20 13:00:00,BLDG-004,warehouse,0.93,0.9,229.4,0.1,0.848,15.5,44.7,3,False
2024-01-20 14:00:00,BLDG-004,warehouse,0.89,0.92,226.4,0.1,0.966,12.8,57.9,3,False
2024-01-20 15:00:00,BLDG-004,warehouse,0.91,0.93,229.0,0.1,0.885,15.2,48.1,3,False
2024-01-20 16:00:00,BLDG-004,warehouse,0.84,0.91,233.0,0.1,0.713,15.8,43.0,3,False
2024-01-20 17:00:00,BLDG-004,warehouse,0.83,0.89,228.6,0.1,0.848,13.3,59.2,3,False
2024-01-20 18:00:00,BLDG-004,warehouse,0.93,0.91,229.8,0.1,0.887,16.7,43.3,3,False
2024-01-20 19:00:00,BLDG-004,warehouse,0.92,0.92,229.7,0.1,0.841,14.4,30.4,3,False
2024-01-20 20:00:00,BLDG-004,warehouse,1.04,0.9,228.6,0.1,0.82,14.4,34.1,3,False
2024-01-20 21:00:00,BLDG-004,warehouse,0.93,0.9,231.5,0.1,0.915,14.6,38.7,3,False
2024-01-20 22:00:00,BLDG-004,warehouse,0.9,0.92,232.6,0.1,0.887,16.3,57.2,3,False
2024-01-20 23:00:00,BLDG-004,warehouse,0.89,0.89,227.8,0.1,0.83,17.3,47.9,3,False
2024-01-20 00:00:00,BLDG-005,common_area,0.64,0.66,229.1,0.1,0.846,14.6,37.3,8,False
2024-01-20 01:00:00,BLDG-005,common_area,0.64,0.66,232.0,0.1,0.891,13.8,34.5,8,False
2024-01-20 02:00:00,BLDG-005,common_area,0.71,0.65,231.6,0.1,0.82,10.9,63.5,8,False
2024-01-20 03:00:00,BLDG-005,common_area,0.68,0.67,231.6,0.1,0.949,15.2,32.8,8,False
2024-01-20 04:00:00,BLDG-005,common_area,0.6,0.64,228.3,0.1,0.823,17.0,60.0,8,False
2024-01-20 05:00:00,BLDG-005,common_area,0.65,0.65,226.9,0.1,0.768,17.4,36.0,8,False
2024-01-20 06:00:00,BLDG-005,common_area,0.65,0.65,229.0,0.1,0.921,21.8,37.8,8,False
2024-01-20 07:00:00,BLDG-005,common_area,0.68,0.65,228.0,0.1,0.88,17.8,38.2,8,False
2024-01-20 08:00:00,BLDG-005,common_area,0.68,0.67,232.3,0.1,0.847,15.7,44.3,8,False
2024-01-20 09:00:00,BLDG-005,common_area,0.64,0.67,226.7,0.1,0.793,14.4,57.4,8,False
2024-01-20 10:00:00,BLDG-005,common_area,0.65,0.68,227.9,0.1,0.872,15.8,54.3,8,False
2024-01-20 11:00:00,BLDG-005,common_area,0.61,0.66,230.0,0.1,0.821,12.8,49.8,8,False
2024-01-20 12:00:00,BLDG-005,common_area,0.64,0.66,228.3,0.1,0.812,12.2,48.8,8,False
2024-01-20 13:00:00,BLDG-005,common_area,0.68,0.67,233.3,0.1,0.806,17.0,60.3,8,False
2024-01-20 14:00:00,BLDG-005,common_area,0.63,0.68,229.3,0.1,0.863,13.1,56.6,8,False
2024-01-20 15:00:00,BLDG-005,common_area,0.65,0.65,232.2,0.1,0.786,18.3,56.1,8,False
2024-01-20 16:00:00,BLDG-005,common_area,0.66,0.66,230.2,0.1,0.982,16.3,32.8,8,False
2024-01-20 17:00:00,BLDG-005,common_area,0.64,0.69,233.6,0.1,0.802,16.8,42.6,8,False
2024-01-20 18:00:00,BLDG-005,common_area,0.62,0.65,229.2,0.1,0.847,15.0,51.7,8,False
2024-01-20 19:00:00,BLDG-005,common_area,0.6,0.65,228.1,0.1,0.845,17.9,47.7,8,False
2024-01-20 20:00:00,BLDG-005,common_area,0.66,0.68,230.1,0.1,0.973,15.1,50.3,8,False
2024-01-20 21:00:00,BLDG-005,common_area,0.63,0.64,231.2,0.1,0.834,14.9,55.7,8,False
2024-01-20 22:00:00,BLDG-005,common_area,0.67,0.66,226.4,0.1,0.787,16.8,39.4,8,False
2024-01-20 23:00:00,BLDG-005,common_area,0.69,0.68,230.7,0.1,0.82,16.6,57.6,8,False
2024-01-21 00:00:00,BLDG-001,office,1.72,1.61,227.4,0.1,0.829,12.3,25.6,20,False
2024-01-21 01:00:00,BLDG-001,office,1.56,1.71,232.1,0.1,0.848,18.9,33.1,20,False
2024-01-21 02:00:00,BLDG-001,office,1.61,1.65,232.6,0.1,0.852,14.4,42.3,20,False
2024-01-21 03:00:00,BLDG-001,office,1.69,1.63,231.7,0.1,0.79,16.9,42.2,20,False
2024-01-21 04:00:00,BLDG-001,office,1.73,1.58,229.5,0.1,0.857,14.2,50.9,20,False
2024-01-21 05:00:00,BLDG-001,office,1.66,1.58,231.2,0.1,0.827,9.3,50.7,20,False
2024-01-21 06:00:00,BLDG-001,office,1.62,1.63,228.6,0.1,0.814,15.1,41.2,20,False
2024-01-21 07:00:00,BLDG-001,office,1.67,1.68,232.5,0.1,0.862,13.7,49.2,20,False
2024-01-21 08:00:00,BLDG-001,office,1.66,1.68,228.5,0.1,0.816,15.4,39.5,20,False
2024-01-21 09:00:00,BLDG-001,office,1.6,1.67,229.5,0.1,0.847,13.4,55.9,20,False
2024-01-21 10:00:00,BLDG-001,office,1.64,1.61,229.3,0.1,0.887,16.5,52.8,20,False
2024-01-21 11:00:00,BLDG-001,office,1.66,1.68,227.2,0.1,0.856,11.8,58.7,20,False
2024-01-21 12:00:00,BLDG-001,office,1.68,1.7,228.3,0.1,0.876,14.9,35.1,20,False
2024-01-21 13:00:00,BLDG-001,office,1.6,1.68,230.2,0.1,0.893,17.7,59.8,20,False
2024-01-21 14:00:00,BLDG-001,office,1.69,1.62,229.3,0.1,0.864,15.0,47.8,20,False
2024-01-21 15:00:00,BLDG-001,office,1.65,1.64,230.7,0.1,0.768,17.8,49.7,20,False
2024-01-21 16:00:00,BLDG-001,office,1.72,1.66,227.0,0.1,0.833,12.7,30.1,20,False
2024-01-21 17:00:00,BLDG-001,office,1.7,1.71,231.0,0.1,0.76,15.1,41.2,20,False
2024-01-21 18:00:00,BLDG-001,office,1.67,1.67,230.2,0.1,0.96,20.1,38.6,20,False
2024-01-21 19:00:00,BLDG-001,office,1.47,1.66,231.4,0.1,0.863,13.4,65.5,20,False
2024-01-21 20:00:00,BLDG-001,office,1.67,1.65,230.9,0.1,0.936,16.2,36.5,20,False
2024-01-21 21:00:00,BLDG-001,office,1.65,1.72,228.5,0.1,0.852,14.6,62.1,20,False
2024-01-21 22:00:00,BLDG-001,office,1.67,1.63,230.2,0.1,0.902,15.3,35.6,20,False
2024-01-21 23:00:00,BLDG-001,office,1.73,1.72,232.6,0.1,0.839,14.7,48.4,20,False
2024-01-21 00:00:00,BLDG-002,lab,3.37,3.22,227.7,0.1,0.792,14.3,40.6,5,False
2024-01-21 01:00:00,BLDG-002,lab,3.08,3.24,232.2,0.1,0.872,11.6,20.8,5,False
2024-01-21 02:00:00,BLDG-002,lab,3.19,3.2,234.5,0.1,0.816,17.5,51.0,5,False
2024-01-21 03:00:00,BLDG-002,lab,3.56,3.34,229.5,0.1,0.905,13.7,47.4,5,False
2024-01-21 04:00:00,BLDG-002,lab,3.31,3.22,228.5,0.1,0.889,15.4,47.9,5,False
2024-01-21 05:00:00,BLDG-002,lab,3.28,3.26,229.1,0.1,0.852,12.6,44.3,5,False
2024-01-21 06:00:00,BLDG-002,lab,3.24,3.39,229.0,0.1,0.819,14.6,62.9,5,False
2024-01-21 07:00:00,BLDG-002,lab,3.52,3.19,226.5,0.1,0.753,13.0,27.0,5,False
2024-01-21 08:00:00,BLDG-002,lab,3.35,3.21,226.1,0.1,0.869,18.4,65.6,5,False
2024-01-21 09:00:00,BLDG-002,lab,3.24,3.29,230.5,0.1,0.858,15.1,36.0,5,False
2024-01-21 10:00:00,BLDG-002,lab,3.57,3.23,224.3,0.1,0.808,12.0,58.0,5,False
2024-01-21 11:00:00,BLDG-002,lab,3.07,3.3,228.6,0.1,0.924,14.4,33.8,5,False
2024-01-21 12:00:00,BLDG-002,lab,3.34,3.33,230.3,0.1,0.811,12.8,51.0,5,False
2024-01-21 13:00:00,BLDG-002,lab,3.18,3.39,232.1,0.1,0.773,17.8,58.7,5,False
2024-01-21 14:00:00,BLDG-002,lab,3.44,3.24,233.8,0.1,0.882,14.9,50.4,5,False
2024-01-21 15:00:00,BLDG-002,lab,3.12,3.26,230.8,0.1,0.892,16.8,69.0,5,False
2024-01-21 16:00:00,BLDG-002,lab,3.41,3.32,231.2,0.1,0.908,15.5,40.3,5,False
2024-01-21 17:00:00,BLDG-002,lab,3.27,3.3,230.7,0.1,0.871,16.1,41.0,5,False
2024-01-21 18:00:00,BLDG-002,lab,3.55,3.3,231.2,0.1,0.9,17.5,42.0,5,False
2024-01-21 19:00:00,BLDG-002,lab,5.76,5.9,235.3,0.1,0.757,17.8,49.5,5,True
2024-01-21 20:00:00,BLDG-002,lab,3.36,3.37,228.2,0.1,0.847,15.1,40.4,5,False
2024-01-21 21:00:00,BLDG-002,lab,3.31,3.37,228.6,0.1,0.796,14.0,39.9,5,False
2024-01-21 22:00:00,BLDG-002,lab,3.16,3.28,229.8,0.1,0.883,15.6,46.7,5,False
2024-01-21 23:00:00,BLDG-002,lab,3.26,3.43,229.2,0.1,0.813,16.3,54.6,5,False
2024-01-21 00:00:00,BLDG-003,datacenter,5.81,5.74,233.1,0.1,0.893,18.2,27.7,1,False
2024-01-21 01:00:00,BLDG-003,datacenter,6.09,5.7,230.3,0.1,0.797,19.2,54.2,1,False
2024-01-21 02:00:00,BLDG-003,datacenter,5.8,5.47,233.3,0.1,0.9,17.3,39.7,1,False
2024-01-21 03:00:00,BLDG-003,datacenter,0.0,0.0,230.3,0.1,0.858,16.5,31.8,1,True
2024-01-21 04:00:00,BLDG-003,datacenter,5.54,5.73,230.2,0.1,0.834,17.3,37.7,1,False
2024-01-21 05:00:00,BLDG-003,datacenter,5.86,5.82,232.0,0.1,0.839,19.7,48.9,1,False
2024-01-21 06:00:00,BLDG-003,datacenter,5.76,5.69,226.4,0.1,0.784,20.1,44.3,1,False
2024-01-21 07:00:00,BLDG-003,datacenter,5.2,5.73,230.0,0.1,0.906,18.3,48.4,1,False
2024-01-21 08:00:00,BLDG-003,datacenter,5.65,5.72,229.8,0.1,0.83,14.8,34.1,1,False
2024-01-21 09:00:00,BLDG-003,datacenter,5.78,5.78,229.0,0.1,0.817,19.9,38.4,1,False
2024-01-21 10:00:00,BLDG-003,datacenter,5.8,5.68,231.3,0.1,0.847,14.2,57.0,1,False
2024-01-21 11:00:00,BLDG-003,datacenter,5.58,5.77,230.5,0.1,0.797,17.3,49.0,1,False
2024-01-21 12:00:00,BLDG-003,datacenter,5.47,5.49,234.1,0.1,0.835,19.4,45.1,1,False
2024-01-21 13:00:00,BLDG-003,datacenter,5.49,5.75,229.5,0.1,0.8,17.7,44.3,1,False
2024-01-21 14:00:00,BLDG-003,datacenter,5.57,5.79,231.6,0.1,0.82,19.1,45.1,1,False
2024-01-21 15:00:00,BLDG-003,datacenter,6.15,5.53,230.0,0.1,0.989,20.1,45.5,1,False
2024-01-21 16:00:00,BLDG-003,datacenter,5.1,5.42,235.5,0.1,0.857,18.9,47.5,1,False
2024-01-21 17:00:00,BLDG-003,datacenter,5.16,5.78,233.6,0.1,0.757,19.3,42.5,1,False
2024-01-21 18:00:00,BLDG-003,datacenter,5.65,5.58,229.9,0.1,0.841,19.4,42.2,1,False
2024-01-21 19:00:00,BLDG-003,datacenter,5.5,5.64,227.3,0.1,0.772,20.0,40.9,1,False
2024-01-21 20:00:00,BLDG-003,datacenter,5.73,5.57,229.4,0.1,0.829,17.2,56.0,1,False
2024-01-21 21:00:00,BLDG-003,datacenter,6.23,5.65,230.3,0.1,0.853,19.2,46.0,1,False
2024-01-21 22:00:00,BLDG-003,datacenter,5.66,5.33,228.1,0.1,0.876,12.3,29.9,1,False
2024-01-21 23:00:00,BLDG-003,datacenter,5.86,5.88,229.7,0.1,0.893,17.1,51.7,1,False
2024-01-21 00:00:00,BLDG-004,warehouse,0.94,0.88,231.0,0.1,0.882,11.9,39.1,3,False
2024-01-21 01:00:00,BLDG-004,warehouse,0.87,0.89,228.2,0.1,0.876,15.7,40.4,3,False
2024-01-21 02:00:00,BLDG-004,warehouse,0.9,0.9,228.2,0.1,0.896,16.9,57.0,3,False
2024-01-21 03:00:00,BLDG-004,warehouse,0.91,0.89,228.0,0.1,0.778,14.9,43.4,3,False
2024-01-21 04:00:00,BLDG-004,warehouse,0.87,0.88,226.3,0.1,0.726,13.8,53.6,3,False
2024-01-21 05:00:00,BLDG-004,warehouse,0.9,0.89,227.4,0.1,0.82,15.1,34.9,3,False
2024-01-21 06:00:00,BLDG-004,warehouse,0.89,0.89,228.0,0.1,0.868,14.0,54.0,3,False
2024-01-21 07:00:00,BLDG-004,warehouse,0.95,0.9,232.5,0.1,0.874,13.2,29.9,3,False
2024-01-21 08:00:00,BLDG-004,warehouse,0.93,0.9,229.1,0.1,0.815,12.6,38.7,3,False
2024-01-21 09:00:00,BLDG-004,warehouse,0.81,0.88,230.5,0.1,0.918,15.0,42.6,3,False
2024-01-21 10:00:00,BLDG-004,warehouse,0.89,0.88,229.4,0.1,0.871,18.9,57.7,3,False
2024-01-21 11:00:00,BLDG-004,warehouse,0.96,0.87,228.3,0.1,0.749,13.8,57.7,3,False
2024-01-21 12:00:00,BLDG-004,warehouse,0.85,0.87,229.6,0.1,0.817,18.3,53.5,3,False
2024-01-21 13:00:00,BLDG-004,warehouse,0.9,0.89,233.0,0.1,0.785,11.5,57.5,3,False
2024-01-21 14:00:00,BLDG-004,warehouse,0.82,0.9,225.0,0.1,0.812,14.4,26.4,3,False
2024-01-21 15:00:00,BLDG-004,warehouse,0.9,0.87,226.4,0.1,0.85,17.2,46.2,3,False
2024-01-21 16:00:00,BLDG-004,warehouse,0.85,0.89,232.4,0.1,0.897,15.3,35.6,3,False
2024-01-21 17:00:00,BLDG-004,warehouse,0.85,0.9,229.2,0.1,0.838,15.1,54.3,3,False
2024-01-21 18:00:00,BLDG-004,warehouse,0.83,0.87,234.6,0.1,0.852,13.1,60.7,3,False
2024-01-21 19:00:00,BLDG-004,warehouse,0.91,0.89,226.5,0.1,0.843,15.2,44.7,3,False
2024-01-21 20:00:00,BLDG-004,warehouse,0.88,0.88,228.2,0.1,0.831,13.3,41.5,3,False
2024-01-21 21:00:00,BLDG-004,warehouse,0.9,0.91,231.3,0.1,0.87,13.0,47.6,3,False
2024-01-21 22:00:00,BLDG-004,warehouse,0.96,0.92,231.3,0.1,0.863,15.7,29.0,3,False
2024-01-21 23:00:00,BLDG-004,warehouse,0.88,0.89,229.1,0.1,0.844,15.7,50.5,3,False
2024-01-21 00:00:00,BLDG-005,common_area,0.65,0.68,226.3,0.1,0.996,15.4,48.4,8,False
2024-01-21 01:00:00,BLDG-005,common_area,0.63,0.67,227.1,0.1,0.822,16.3,48.9,8,False
2024-01-21 02:00:00,BLDG-005,common_area,0.68,0.66,229.9,0.1,0.846,11.1,60.4,8,False
2024-01-21 03:00:00,BLDG-005,common_area,0.64,0.7,231.5,0.1,0.813,17.0,43.8,8,False
2024-01-21 04:00:00,BLDG-005,common_area,0.64,0.69,228.6,0.1,0.797,13.3,46.1,8,False
2024-01-21 05:00:00,BLDG-005,common_area,0.78,0.66,231.2,0.1,0.956,17.0,40.0,8,False
2024-01-21 06:00:00,BLDG-005,common_area,0.72,0.68,230.1,0.1,0.91,13.2,47.1,8,False
2024-01-21 07:00:00,BLDG-005,common_area,0.7,0.69,230.2,0.1,0.85,13.6,37.2,8,False
2024-01-21 08:00:00,BLDG-005,common_area,0.75,0.68,231.9,0.1,0.903,15.2,50.9,8,False
2024-01-21 09:00:00,BLDG-005,common_area,0.64,0.67,226.7,0.1,0.844,14.4,39.5,8,False
2024-01-21 10:00:00,BLDG-005,common_area,0.71,0.7,227.1,0.1,0.943,14.1,51.1,8,False
2024-01-21 11:00:00,BLDG-005,common_area,0.0,0.0,229.4,0.1,0.858,13.4,54.5,8,True
2024-01-21 12:00:00,BLDG-005,common_area,0.68,0.68,224.6,0.1,0.888,14.0,51.4,8,False
2024-01-21 13:00:00,BLDG-005,common_area,0.65,0.68,228.2,0.1,0.834,16.9,40.9,8,False
2024-01-21 14:00:00,BLDG-005,common_area,0.68,0.68,228.6,0.1,0.794,13.8,55.2,8,False
2024-01-21 15:00:00,BLDG-005,common_area,0.69,0.67,230.2,0.1,0.891,15.0,62.5,8,False
2024-01-21 16:00:00,BLDG-005,common_area,0.67,0.67,230.1,0.1,0.906,16.8,35.0,8,False
2024-01-21 17:00:00,BLDG-005,common_area,0.68,0.71,231.8,0.1,0.838,13.9,40.0,8,False
2024-01-21 18:00:00,BLDG-005,common_area,0.67,0.69,227.5,0.1,0.904,15.0,40.8,8,False
2024-01-21 19:00:00,BLDG-005,common_area,0.7,0.69,228.3,0.1,0.828,12.5,52.2,8,False
2024-01-21 20:00:00,BLDG-005,common_area,0.73,0.67,228.0,0.1,0.866,11.0,48.4,8,False
2024-01-21 21:00:00,BLDG-005,common_area,0.75,0.68,229.4,0.1,0.883,14.2,47.1,8,False
2024-01-21 22:00:00,BLDG-005,common_area,0.64,0.69,230.6,0.1,0.882,15.4,34.6,8,False
2024-01-21 23:00:00,BLDG-005,common_area,0.69,0.67,228.5,0.1,0.825,16.2,36.6,8,False
2024-01-22 00:00:00,BLDG-001,office,3.45,3.2,232.4,0.1,0.898,11.2,38.4,7,False
2024-01-22 01:00:00,BLDG-001,office,3.26,3.33,229.9,0.1,0.823,14.9,59.4,7,False
2024-01-22 02:00:00,BLDG-001,office,3.12,3.38,229.4,0.1,0.746,14.4,56.2,7,False
2024-01-22 03:00:00,BLDG-001,office,3.59,3.31,230.4,0.1,0.811,13.4,56.3,7,False
2024-01-22 04:00:00,BLDG-001,office,3.52,3.32,230.7,0.1,0.927,14.7,44.8,7,False
2024-01-22 05:00:00,BLDG-001,office,3.62,3.32,229.3,0.1,0.845,19.6,45.1,7,False
2024-01-22 06:00:00,BLDG-001,office,3.31,3.29,229.4,0.1,0.839,14.3,52.3,7,False
2024-01-22 07:00:00,BLDG-001,office,2.99,3.4,228.6,0.1,0.859,12.8,53.6,7,False
2024-01-22 08:00:00,BLDG-001,office,3.53,3.4,230.2,0.1,0.757,15.5,50.3,7,False
2024-01-22 09:00:00,BLDG-001,office,3.39,3.68,229.0,0.1,0.839,12.0,54.7,36,False
2024-01-22 10:00:00,BLDG-001,office,4.33,3.95,231.1,0.1,0.914,13.4,45.6,70,False
2024-01-22 11:00:00,BLDG-001,office,4.0,4.34,225.9,0.1,0.801,13.5,54.3,100,False
2024-01-22 12:00:00,BLDG-001,office,4.74,4.74,228.7,0.1,0.824,16.1,57.3,122,False
2024-01-22 13:00:00,BLDG-001,office,4.48,4.86,229.8,0.1,0.808,15.7,34.1,136,False
2024-01-22 14:00:00,BLDG-001,office,5.25,4.79,229.5,0.1,0.873,15.5,32.2,141,False
2024-01-22 15:00:00,BLDG-001,office,4.85,4.73,229.4,0.1,0.851,14.4,30.3,136,False
2024-01-22 16:00:00,BLDG-001,office,5.02,4.67,229.8,0.1,0.706,13.5,52.2,122,False
2024-01-22 17:00:00,BLDG-001,office,4.58,4.36,231.4,0.1,0.91,14.0,52.0,100,False
2024-01-22 18:00:00,BLDG-001,office,3.84,4.11,228.5,0.1,0.886,15.7,54.6,70,False
2024-01-22 19:00:00,BLDG-001,office,3.77,3.54,231.2,0.1,0.775,12.8,60.7,36,False
2024-01-22 20:00:00,BLDG-001,office,3.51,3.42,231.9,0.1,0.919,15.8,62.1,7,False
2024-01-22 21:00:00,BLDG-001,office,3.08,3.38,231.5,0.1,0.901,15.9,28.6,7,False
2024-01-22 22:00:00,BLDG-001,office,3.32,3.5,231.6,0.1,0.821,12.9,50.2,7,False
2024-01-22 23:00:00,BLDG-001,office,3.34,3.46,227.6,0.1,0.845,15.1,54.7,7,False
2024-01-22 00:00:00,BLDG-002,lab,8.18,7.92,227.6,0.1,0.843,16.6,42.5,2,False
2024-01-22 01:00:00,BLDG-002,lab,7.79,7.69,232.4,0.1,0.873,16.5,43.6,2,False
2024-01-22 02:00:00,BLDG-002,lab,7.7,7.68,227.3,0.1,0.849,14.1,60.6,2,False
2024-01-22 03:00:00,BLDG-002,lab,7.62,7.65,228.4,0.1,0.769,10.9,41.4,2,False
2024-01-22 04:00:00,BLDG-002,lab,7.87,7.75,231.3,0.1,0.807,18.3,28.9,2,False
2024-01-22 05:00:00,BLDG-002,lab,7.9,7.83,228.9,0.1,0.878,11.5,27.5,2,False
2024-01-22 06:00:00,BLDG-002,lab,8.35,7.82,229.0,0.1,0.908,15.2,37.6,2,False
2024-01-22 07:00:00,BLDG-002,lab,7.06,7.72,229.7,0.1,0.821,9.2,56.9,2,False
2024-01-22 08:00:00,BLDG-002,lab,7.58,8.05,228.5,0.1,0.958,15.9,53.6,2,False
2024-01-22 09:00:00,BLDG-002,lab,8.49,8.6,233.7,0.1,0.885,11.2,37.1,12,False
2024-01-22 10:00:00,BLDG-002,lab,9.47,10.06,226.5,0.1,0.856,17.8,37.6,24,False
2024-01-22 11:00:00,BLDG-002,lab,10.58,11.0,229.6,0.1,0.805,16.0,31.8,34,False
2024-01-22 12:00:00,BLDG-002,lab,11.82,11.5,232.3,0.1,0.85,19.6,67.5,41,False
2024-01-22 13:00:00,BLDG-002,lab,12.39,12.43,233.5,0.1,0.825,15.6,43.2,46,False
2024-01-22 14:00:00,BLDG-002,lab,11.36,12.44,229.5,0.1,0.908,13.3,58.1,48,False
2024-01-22 15:00:00,BLDG-002,lab,12.52,11.91,227.7,0.1,0.746,14.1,27.6,46,False
2024-01-22 16:00:00,BLDG-002,lab,12.09,12.06,227.7,0.1,0.835,14.0,46.5,41,False
2024-01-22 17:00:00,BLDG-002,lab,10.58,11.01,228.4,0.1,0.863,14.3,37.9,34,False
2024-01-22 18:00:00,BLDG-002,lab,10.34,9.9,231.4,0.1,0.901,15.2,33.4,24,False
2024-01-22 19:00:00,BLDG-002,lab,8.7,8.75,229.9,0.1,0.802,12.1,51.5,12,False
2024-01-22 20:00:00,BLDG-002,lab,8.3,7.82,228.4,0.1,0.839,11.1,35.2,2,False
2024-01-22 21:00:00,BLDG-002,lab,7.73,8.03,229.5,0.1,0.912,10.3,39.9,2,False
2024-01-22 22:00:00,BLDG-002,lab,7.9,7.69,232.9,0.1,0.804,16.2,20.0,2,False
2024-01-22 23:00:00,BLDG-002,lab,7.97,7.81,230.1,0.1,0.832,19.0,36.8,2,False
2024-01-22 00:00:00,BLDG-003,datacenter,9.43,9.37,226.0,0.1,0.89,20.3,45.1,0,False
2024-01-22 01:00:00,BLDG-003,datacenter,9.68,9.33,227.2,0.1,0.755,19.4,31.1,0,False
2024-01-22 02:00:00,BLDG-003,datacenter,9.78,9.44,227.9,0.1,0.7,18.8,50.1,0,False
2024-01-22 03:00:00,BLDG-003,datacenter,9.66,9.37,230.9,0.1,0.891,19.6,40.5,0,False
2024-01-22 04:00:00,BLDG-003,datacenter,10.26,9.4,228.7,0.1,0.872,18.1,33.9,0,False
2024-01-22 05:00:00,BLDG-003,datacenter,10.13,9.45,230.2,0.1,0.921,19.4,63.0,0,False
2024-01-22 06:00:00,BLDG-003,datacenter,9.17,9.81,228.6,0.1,0.868,19.0,51.7,0,False
2024-01-22 07:00:00,BLDG-003,datacenter,9.83,9.47,228.0,0.1,0.79,13.2,26.9,0,False
2024-01-22 08:00:00,BLDG-003,datacenter,8.47,9.34,231.8,0.1,0.88,19.1,45.2,0,False
2024-01-22 09:00:00,BLDG-003,datacenter,10.08,10.03,229.5,0.1,0.892,15.5,36.1,1,False
2024-01-22 10:00:00,BLDG-003,datacenter,10.74,10.51,227.8,0.1,0.888,18.3,42.2,2,False
2024-01-22 11:00:00,BLDG-003,datacenter,12.12,11.26,231.3,0.1,0.769,19.7,50.6,3,False
2024-01-22 12:00:00,BLDG-003,datacenter,13.63,11.95,232.9,0.1,0.891,21.6,44.5,4,False
2024-01-22 13:00:00,BLDG-003,datacenter,11.11,12.24,228.9,0.1,0.889,18.0,57.1,4,False
2024-01-22 14:00:00,BLDG-003,datacenter,12.88,12.15,227.6,0.1,0.785,19.4,39.0,4,False
2024-01-22 15:00:00,BLDG-003,datacenter,11.51,12.46,228.7,0.1,0.909,21.3,43.3,4,False
2024-01-22 16:00:00,BLDG-003,datacenter,1.18,1.22,228.5,0.1,0.865,21.2,44.6,4,True
2024-01-22 17:00:00,BLDG-003,datacenter,10.48,11.14,230.4,0.1,0.903,17.5,27.3,3,False
2024-01-22 18:00:00,BLDG-003,datacenter,10.48,10.81,229.4,0.1,0.799,20.4,46.2,2,False
2024-01-22 19:00:00,BLDG-003,datacenter,10.71,10.1,228.3,0.1,0.92,15.9,36.7,1,False
2024-01-22 20:00:00,BLDG-003,datacenter,10.18,9.5,227.7,0.1,0.734,19.5,38.8,0,False
2024-01-22 21:00:00,BLDG-003,datacenter,9.23,9.52,232.6,0.1,0.849,19.1,52.8,0,False
2024-01-22 22:00:00,BLDG-003,datacenter,9.13,9.68,234.7,0.1,0.925,19.4,39.7,0,False
2024-01-22 23:00:00,BLDG-003,datacenter,9.54,9.21,232.0,0.1,0.831,18.4,44.6,0,False
2024-01-22 00:00:00,BLDG-004,warehouse,2.2,2.19,228.1,0.1,0.769,16.4,29.2,1,False
2024-01-22 01:00:00,BLDG-004,warehouse,2.22,2.25,231.6,0.1,0.912,16.0,39.7,1,False
2024-01-22 02:00:00,BLDG-004,warehouse,2.37,2.3,230.0,0.1,0.839,11.6,45.0,1,False
2024-01-22 03:00:00,BLDG-004,warehouse,2.18,2.3,231.3,0.1,0.782,15.8,41.2,1,False
2024-01-22 04:00:00,BLDG-004,warehouse,2.28,2.27,231.7,0.1,0.894,15.8,57.4,1,False
2024-01-22 05:00:00,BLDG-004,warehouse,2.23,2.22,229.8,0.1,0.781,18.6,62.5,1,False
2024-01-22 06:00:00,BLDG-004,warehouse,2.36,2.28,233.1,0.1,0.822,15.2,54.2,1,False
2024-01-22 07:00:00,BLDG-004,warehouse,2.41,2.31,229.7,0.1,0.837,11.4,57.9,1,False
2024-01-22 08:00:00,BLDG-004,warehouse,2.33,2.23,228.9,0.1,0.876,12.1,51.7,1,False
2024-01-22 09:00:00,BLDG-004,warehouse,2.64,2.67,229.3,0.1,0.838,13.8,71.5,7,False
2024-01-22 10:00:00,BLDG-004,warehouse,2.54,2.87,229.9,0.1,0.855,14.7,60.4,14,False
2024-01-22 11:00:00,BLDG-004,warehouse,3.11,3.22,230.3,0.1,0.831,12.9,52.2,21,False
2024-01-22 12:00:00,BLDG-004,warehouse,3.52,3.49,234.0,0.1,0.774,16.9,35.9,25,False
2024-01-22 13:00:00,BLDG-004,warehouse,3.39,3.59,230.9,0.1,0.83,16.1,57.8,28,False
2024-01-22 14:00:00,BLDG-004,warehouse,3.62,3.63,230.8,0.1,0.777,16.9,55.5,30,False
2024-01-22 15:00:00,BLDG-004,warehouse,3.51,3.58,233.6,0.1,0.849,15.1,38.2,28,False
2024-01-22 16:00:00,BLDG-004,warehouse,3.55,3.42,229.7,0.1,0.748,17.6,47.6,25,False
2024-01-22 17:00:00,BLDG-004,warehouse,3.21,3.12,227.2,0.1,0.828,13.3,46.4,21,False
2024-01-22 18:00:00,BLDG-004,warehouse,2.58,2.99,228.6,0.1,0.852,12.8,32.6,14,False
2024-01-22 19:00:00,BLDG-004,warehouse,2.61,2.51,231.8,0.1,0.832,18.3,27.9,7,False
2024-01-22 20:00:00,BLDG-004,warehouse,2.11,2.35,227.6,0.1,0.949,17.4,55.7,1,False
2024-01-22 21:00:00,BLDG-004,warehouse,2.36,2.32,230.3,0.1,0.845,15.2,45.6,1,False
2024-01-22 22:00:00,BLDG-004,warehouse,2.4,2.3,229.5,0.1,0.832,13.9,52.9,1,False
2024-01-22 23:00:00,BLDG-004,warehouse,2.29,2.28,230.2,0.1,0.853,14.1,43.3,1,False
2024-01-22 00:00:00,BLDG-005,common_area,1.71,1.54,233.1,0.1,0.845,13.7,52.8,3,False
2024-01-22 01:00:00,BLDG-005,common_area,1.48,1.52,229.5,0.1,0.836,15.8,25.3,3,False
2024-01-22 02:00:00,BLDG-005,common_area,1.43,1.52,229.3,0.1,0.88,13.6,72.0,3,False
2024-01-22 03:00:00,BLDG-005,common_area,1.65,1.53,233.9,0.1,0.807,14.6,49.1,3,False
2024-01-22 04:00:00,BLDG-005,common_area,1.49,1.53,229.0,0.1,0.81,18.3,52.1,3,False
2024-01-22 05:00:00,BLDG-005,common_area,1.61,1.59,230.8,0.1,0.934,13.2,54.4,3,False
2024-01-22 06:00:00,BLDG-005,common_area,1.59,1.52,234.4,0.1,0.86,15.3,38.1,3,False
2024-01-22 07:00:00,BLDG-005,common_area,1.57,1.58,233.1,0.1,0.862,15.2,28.9,3,False
2024-01-22 08:00:00,BLDG-005,common_area,1.7,1.51,234.4,0.1,0.828,15.9,55.0,3,False
2024-01-22 09:00:00,BLDG-005,common_area,1.78,1.7,232.1,0.1,0.79,18.8,44.9,17,False
2024-01-22 10:00:00,BLDG-005,common_area,2.08,1.89,228.1,0.1,0.906,17.7,56.5,34,False
2024-01-22 11:00:00,BLDG-005,common_area,2.13,2.14,227.0,0.1,0.804,16.1,54.2,48,False
2024-01-22 12:00:00,BLDG-005,common_area,0.0,0.0,234.5,0.1,0.807,18.1,59.6,59,True
2024-01-22 13:00:00,BLDG-005,common_area,2.2,2.35,235.3,0.1,0.855,14.1,48.7,66,False
2024-01-22 14:00:00,BLDG-005,common_area,2.5,2.42,228.5,0.1,0.788,14.9,42.3,69,False
2024-01-22 15:00:00,BLDG-005,common_area,2.47,2.38,231.5,0.1,0.928,13.0,40.3,66,False
2024-01-22 16:00:00,BLDG-005,common_area,2.08,2.22,228.2,0.1,0.905,13.1,41.0,60,False
2024-01-22 17:00:00,BLDG-005,common_area,2.1,2.06,232.1,0.1,0.872,15.3,26.5,48,False
2024-01-22 18:00:00,BLDG-005,common_area,1.87,1.9,231.6,0.1,0.797,11.6,48.8,34,False
2024-01-22 19:00:00,BLDG-005,common_area,1.61,1.77,229.2,0.1,0.798,16.7,37.9,17,False
2024-01-22 20:00:00,BLDG-005,common_area,1.49,1.56,230.7,0.1,0.819,17.6,36.0,3,False
2024-01-22 21:00:00,BLDG-005,common_area,1.52,1.53,229.4,0.1,0.843,17.3,48.8,3,False
2024-01-22 22:00:00,BLDG-005,common_area,1.56,1.51,232.1,0.1,0.882,16.7,57.8,3,False
2024-01-22 23:00:00,BLDG-005,common_area,1.52,1.54,227.9,0.1,0.935,16.6,50.5,3,False
2024-01-23 00:00:00,BLDG-001,office,2.86,2.7,229.1,0.1,0.897,13.9,42.7,5,False
2024-01-23 01:00:00,BLDG-001,office,2.65,2.7,229.1,0.1,0.827,15.5,61.0,5,False
2024-01-23 02:00:00,BLDG-001,office,2.64,2.68,227.5,0.1,0.929,14.0,34.1,5,False
2024-01-23 03:00:00,BLDG-001,office,2.81,2.85,230.4,0.1,0.978,14.8,20.0,5,False
2024-01-23 04:00:00,BLDG-001,office,2.86,2.73,232.8,0.1,0.935,17.3,41.0,5,False
2024-01-23 05:00:00,BLDG-001,office,2.74,2.72,229.2,0.1,0.919,13.7,53.5,5,False
2024-01-23 06:00:00,BLDG-001,office,2.82,2.65,229.6,0.1,0.865,14.9,44.6,5,False
2024-01-23 07:00:00,BLDG-001,office,2.59,2.71,229.1,0.1,0.871,19.9,50.3,5,False
2024-01-23 08:00:00,BLDG-001,office,2.89,2.67,227.7,0.1,0.783,14.4,52.7,5,False
2024-01-23 09:00:00,BLDG-001,office,3.12,2.86,229.1,0.1,0.971,12.5,37.1,25,False
2024-01-23 10:00:00,BLDG-001,office,3.01,3.03,230.7,0.1,0.89,14.5,36.9,49,False
2024-01-23 11:00:00,BLDG-001,office,3.44,3.31,231.6,0.1,0.865,16.1,30.4,70,False
2024-01-23 12:00:00,BLDG-001,office,3.44,3.49,233.7,0.1,0.733,16.0,46.7,86,False
2024-01-23 13:00:00,BLDG-001,office,3.41,3.48,233.1,0.1,0.838,14.7,50.9,96,False
2024-01-23 14:00:00,BLDG-001,office,3.59,3.39,227.0,0.1,0.911,12.3,45.7,99,False
2024-01-23 15:00:00,BLDG-001,office,3.48,3.48,230.8,0.1,0.915,17.2,61.6,96,False
2024-01-23 16:00:00,BLDG-001,office,3.49,3.39,229.3,0.1,0.848,13.8,52.7,86,False
2024-01-23 17:00:00,BLDG-001,office,3.42,3.3,228.4,0.1,0.809,15.8,47.3,70,False
2024-01-23 18:00:00,BLDG-001,office,2.66,3.21,229.7,0.1,0.834,17.8,34.4,49,False
2024-01-23 19:00:00,BLDG-001,office,3.13,2.86,231.2,0.1,0.792,14.7,55.6,25,False
2024-01-23 20:00:00,BLDG-001,office,2.67,2.8,233.8,0.1,0.812,16.6,42.5,5,False
2024-01-23 21:00:00,BLDG-001,office,2.81,2.82,229.4,0.1,0.814,17.1,34.0,5,False
2024-01-23 22:00:00,BLDG-001,office,2.71,2.73,231.8,0.1,0.715,14.5,42.8,5,False
2024-01-23 23:00:00,BLDG-001,office,2.82,2.75,229.9,0.1,0.877,15.4,36.0,5,False
2024-01-23 00:00:00,BLDG-002,lab,6.12,6.29,231.5,0.1,0.799,18.1,55.7,1,False
2024-01-23 01:00:00,BLDG-002,lab,6.37,6.3,228.9,0.1,0.785,17.9,44.4,1,False
2024-01-23 02:00:00,BLDG-002,lab,6.2,6.33,230.9,0.1,0.884,16.6,44.7,1,False
2024-01-23 03:00:00,BLDG-002,lab,6.27,6.54,230.1,0.1,0.872,16.3,44.7,1,False
2024-01-23 04:00:00,BLDG-002,lab,6.36,6.2,229.6,0.1,0.766,13.5,46.3,1,False
2024-01-23 05:00:00,BLDG-002,lab,6.59,6.11,232.1,0.1,0.828,14.8,39.5,1,False
2024-01-23 06:00:00,BLDG-002,lab,6.31,6.25,229.9,0.1,0.94,13.3,46.6,1,False
2024-01-23 07:00:00,BLDG-002,lab,6.13,6.04,226.4,0.1,0.786,15.4,37.6,1,False
2024-01-23 08:00:00,BLDG-002,lab,6.49,6.45,231.7,0.1,0.884,14.6,61.2,1,False
2024-01-23 09:00:00,BLDG-002,lab,7.06,6.88,231.8,0.1,0.857,16.2,54.4,9,False
2024-01-23 10:00:00,BLDG-002,lab,6.98,7.76,230.7,0.1,0.814,13.5,48.4,17,False
2024-01-23 11:00:00,BLDG-002,lab,8.56,8.23,227.6,0.1,0.783,16.4,63.5,25,False
2024-01-23 12:00:00,BLDG-002,lab,8.78,8.52,231.3,0.1,0.94,14.0,54.8,30,False
2024-01-23 13:00:00,BLDG-002,lab,9.79,9.06,232.6,0.1,0.982,15.8,54.9,34,False
2024-01-23 14:00:00,BLDG-002,lab,9.69,9.01,234.3,0.1,0.889,13.9,43.7,35,False
2024-01-23 15:00:00,BLDG-002,lab,9.14,8.86,229.7,0.1,0.874,13.4,44.9,34,False
2024-01-23 16:00:00,BLDG-002,lab,8.77,8.56,231.5,0.1,0.945,12.1,42.3,30,False
2024-01-23 17:00:00,BLDG-002,lab,8.26,8.32,229.9,0.1,0.831,12.2,55.7,25,False
2024-01-23 18:00:00,BLDG-002,lab,7.05,7.56,233.1,0.1,0.832,17.1,49.2,17,False
2024-01-23 19:00:00,BLDG-002,lab,6.88,7.07,231.0,0.1,0.941,14.8,33.1,9,False
2024-01-23 20:00:00,BLDG-002,lab,6.1,6.49,229.3,0.1,0.923,10.8,47.3,1,False
2024-01-23 21:00:00,BLDG-002,lab,5.95,6.2,229.2,0.1,0.84,17.5,24.5,1,False
2024-01-23 22:00:00,BLDG-002,lab,6.36,6.35,232.7,0.1,0.917,13.2,50.3,1,False
2024-01-23 23:00:00,BLDG-002,lab,6.58,6.18,229.2,0.1,0.847,18.5,48.8,1,False
2024-01-23 00:00:00,BLDG-003,datacenter,11.96,11.85,230.3,0.1,0.83,20.4,48.8,0,False
2024-01-23 01:00:00,BLDG-003,datacenter,10.88,11.66,228.9,0.1,0.933,20.5,59.4,0,False
2024-01-23 02:00:00,BLDG-003,datacenter,11.99,11.32,227.7,0.1,0.891,22.7,42.4,0,False
2024-01-23 03:00:00,BLDG-003,datacenter,10.66,12.08,227.8,0.1,0.817,16.6,50.3,0,False
2024-01-23 04:00:00,BLDG-003,datacenter,10.55,11.46,226.5,0.1,0.901,17.4,47.0,0,False
2024-01-23 05:00:00,BLDG-003,datacenter,12.26,11.97,230.6,0.1,0.856,19.2,52.0,0,False
2024-01-23 06:00:00,BLDG-003,datacenter,11.28,11.44,230.1,0.1,0.835,16.0,39.2,0,False
2024-01-23 07:00:00,BLDG-003,datacenter,11.18,11.52,230.1,0.1,0.825,19.6,50.9,0,False
2024-01-23 08:00:00,BLDG-003,datacenter,11.53,11.68,228.9,0.1,0.819,19.4,48.8,0,False
2024-01-23 09:00:00,BLDG-003,datacenter,12.08,12.39,230.6,0.1,0.821,21.8,45.2,1,False
2024-01-23 10:00:00,BLDG-003,datacenter,13.31,14.1,226.6,0.1,0.839,18.5,57.4,3,False
2024-01-23 11:00:00,BLDG-003,datacenter,14.63,15.66,231.5,0.1,0.899,19.7,41.6,5,False
2024-01-23 12:00:00,BLDG-003,datacenter,15.93,15.99,228.5,0.1,0.871,20.0,48.9,6,False
2024-01-23 13:00:00,BLDG-003,datacenter,17.27,16.69,231.3,0.1,0.796,20.2,44.4,6,False
2024-01-23 14:00:00,BLDG-003,datacenter,16.8,16.08,230.4,0.1,0.801,19.1,43.7,7,False
2024-01-23 15:00:00,BLDG-003,datacenter,14.93,16.48,231.4,0.1,0.823,16.0,32.6,6,False
2024-01-23 16:00:00,BLDG-003,datacenter,16.86,16.11,229.7,0.1,0.814,18.6,20.0,6,False
2024-01-23 17:00:00,BLDG-003,datacenter,14.74,14.87,228.6,0.1,0.871,19.9,53.2,5,False
2024-01-23 18:00:00,BLDG-003,datacenter,15.0,13.9,230.4,0.1,0.843,16.9,46.2,3,False
2024-01-23 19:00:00,BLDG-003,datacenter,12.62,12.67,227.5,0.1,0.803,21.6,41.9,1,False
2024-01-23 20:00:00,BLDG-003,datacenter,10.56,11.74,232.4,0.1,0.94,17.8,58.6,0,False
2024-01-23 21:00:00,BLDG-003,datacenter,11.79,12.12,229.8,0.1,0.784,17.4,45.8,0,False
2024-01-23 22:00:00,BLDG-003,datacenter,11.88,11.66,229.3,0.1,0.815,18.0,52.7,0,False
2024-01-23 23:00:00,BLDG-003,datacenter,11.21,11.76,231.2,0.1,0.879,18.1,34.5,0,False
2024-01-23 00:00:00,BLDG-004,warehouse,1.12,1.07,229.2,0.1,0.919,15.0,57.5,0,False
2024-01-23 01:00:00,BLDG-004,warehouse,2.06,1.94,230.4,0.1,0.836,14.3,56.8,0,True
2024-01-23 02:00:00,BLDG-004,warehouse,1.13,1.05,229.7,0.1,0.95,17.5,46.9,0,False
2024-01-23 03:00:00,BLDG-004,warehouse,1.09,1.09,230.6,0.1,0.816,15.4,49.7,0,False
2024-01-23 04:00:00,BLDG-004,warehouse,0.95,1.05,228.0,0.1,0.749,10.9,66.7,0,False
2024-01-23 05:00:00,BLDG-004,warehouse,1.1,1.09,230.6,0.1,0.896,11.3,59.0,0,False
2024-01-23 06:00:00,BLDG-004,warehouse,1.12,1.07,233.3,0.1,0.796,13.2,46.3,0,False
2024-01-23 07:00:00,BLDG-004,warehouse,1.15,1.02,234.3,0.1,0.851,15.5,48.6,0,False
2024-01-23 08:00:00,BLDG-004,warehouse,1.07,1.07,230.1,0.1,0.872,14.5,54.3,0,False
2024-01-23 09:00:00,BLDG-004,warehouse,1.1,1.12,229.7,0.1,0.783,17.7,39.5,2,False
2024-01-23 10:00:00,BLDG-004,warehouse,1.25,1.14,228.7,0.1,0.851,18.8,60.7,3,False
2024-01-23 11:00:00,BLDG-004,warehouse,1.22,1.19,229.2,0.1,0.872,15.9,54.9,5,False
2024-01-23 12:00:00,BLDG-004,warehouse,1.25,1.22,230.0,0.1,0.801,15.7,39.7,6,False
2024-01-23 13:00:00,BLDG-004,warehouse,1.22,1.22,229.9,0.1,0.809,16.2,43.5,7,False
2024-01-23 14:00:00,BLDG-004,warehouse,1.14,1.24,230.6,0.1,0.921,14.2,44.0,7,False
2024-01-23 15:00:00,BLDG-004,warehouse,1.23,1.24,229.0,0.1,0.764,15.7,39.8,7,False
2024-01-23 16:00:00,BLDG-004,warehouse,1.15,1.21,232.8,0.1,0.884,12.9,41.2,6,False
2024-01-23 17:00:00,BLDG-004,warehouse,1.18,1.21,229.7,0.1,0.829,13.9,45.2,5,False
2024-01-23 18:00:00,BLDG-004,warehouse,1.16,1.13,232.6,0.1,0.898,12.9,55.4,3,False
2024-01-23 19:00:00,BLDG-004,warehouse,1.16,1.12,230.3,0.1,0.848,16.1,54.2,2,False
2024-01-23 20:00:00,BLDG-004,warehouse,1.08,1.08,232.0,0.1,0.792,14.9,41.7,0,False
2024-01-23 21:00:00,BLDG-004,warehouse,1.11,1.07,226.3,0.1,0.868,16.7,45.7,0,False
2024-01-23 22:00:00,BLDG-004,warehouse,1.04,1.06,232.9,0.1,0.784,15.5,53.3,0,False
2024-01-23 23:00:00,BLDG-004,warehouse,1.07,1.05,232.5,0.1,0.812,11.4,47.7,0,False
2024-01-23 00:00:00,BLDG-005,common_area,1.05,1.1,231.6,0.1,0.788,18.1,47.1,1,False
2024-01-23 01:00:00,BLDG-005,common_area,1.19,1.12,231.5,0.1,0.77,14.4,34.4,1,False
2024-01-23 02:00:00,BLDG-005,common_area,1.15,1.08,232.2,0.1,0.857,19.3,46.2,1,False
2024-01-23 03:00:00,BLDG-005,common_area,1.09,1.11,233.0,0.1,0.832,17.1,43.1,1,False
2024-01-23 04:00:00,BLDG-005,common_area,1.08,1.1,229.6,0.1,0.842,15.9,53.2,1,False
2024-01-23 05:00:00,BLDG-005,common_area,1.08,1.06,230.5,0.1,0.85,11.8,48.9,1,False
2024-01-23 06:00:00,BLDG-005,common_area,1.14,1.05,230.2,0.1,0.925,15.2,22.2,1,False
2024-01-23 07:00:00,BLDG-005,common_area,1.11,1.09,227.6,0.1,0.75,13.3,46.1,1,False
2024-01-23 08:00:00,BLDG-005,common_area,1.16,1.1,229.5,0.1,0.805,15.7,40.8,1,False
2024-01-23 09:00:00,BLDG-005,common_area,1.17,1.18,231.1,0.1,0.867,15.3,63.5,10,False
2024-01-23 10:00:00,BLDG-005,common_area,1.3,1.29,231.7,0.1,0.842,14.7,54.5,19,False
2024-01-23 11:00:00,BLDG-005,common_area,1.29,1.34,228.9,0.1,0.91,16.9,41.5,28,False
2024-01-23 12:00:00,BLDG-005,common_area,1.36,1.37,231.9,0.1,0.845,14.8,57.7,34,False
2024-01-23 13:00:00,BLDG-005,common_area,1.5,1.43,227.3,0.1,0.832,16.5,51.0,38,False
2024-01-23 14:00:00,BLDG-005,common_area,1.42,1.42,232.5,0.1,0.963,17.6,46.4,39,False
2024-01-23 15:00:00,BLDG-005,common_area,1.52,1.45,230.1,0.1,0.806,15.4,42.9,38,False
2024-01-23 16:00:00,BLDG-005,common_area,1.4,1.31,230.2,0.1,0.828,17.3,31.6,34,False
2024-01-23 17:00:00,BLDG-005,common_area,1.24,1.32,228.8,0.1,0.835,14.6,36.5,28,False
2024-01-23 18:00:00,BLDG-005,common_area,1.24,1.26,228.2,0.1,0.856,16.1,34.6,19,False
2024-01-23 19:00:00,BLDG-005,common_area,1.28,1.18,227.4,0.1,0.871,14.6,50.4,10,False
2024-01-23 20:00:00,BLDG-005,common_area,1.19,1.08,229.7,0.1,0.825,15.0,34.7,1,False
2024-01-23 21:00:00,BLDG-005,common_area,1.02,1.13,231.0,0.1,0.889,13.9,48.0,1,False
2024-01-23 22:00:00,BLDG-005,common_area,0.95,1.11,231.1,0.1,0.832,17.1,46.3,1,False
2024-01-23 23:00:00,BLDG-005,common_area,1.0,1.11,229.6,0.1,0.851,14.5,30.1,1,False
2024-01-24 00:00:00,BLDG-001,office,4.16,4.24,231.8,0.1,0.859,10.2,49.3,9,False
2024-01-24 01:00:00,BLDG-001,office,4.63,4.21,230.6,0.1,0.912,16.1,50.6,9,False
2024-01-24 02:00:00,BLDG-001,office,4.36,3.93,229.6,0.1,0.844,18.4,38.8,9,False
2024-01-24 03:00:00,BLDG-001,office,4.1,4.18,230.8,0.1,0.947,15.3,46.9,9,False
2024-01-24 04:00:00,BLDG-001,office,4.01,4.01,228.2,0.1,0.961,14.8,59.0,9,False
2024-01-24 05:00:00,BLDG-001,office,4.09,4.1,230.9,0.1,0.871,15.2,59.4,9,False
2024-01-24 06:00:00,BLDG-001,office,4.33,4.17,229.1,0.1,0.766,14.1,43.5,9,False
2024-01-24 07:00:00,BLDG-001,office,4.27,4.1,228.6,0.1,0.787,14.4,45.2,9,False
2024-01-24 08:00:00,BLDG-001,office,3.9,4.16,230.0,0.1,0.825,16.9,33.4,9,False
2024-01-24 09:00:00,BLDG-001,office,4.95,4.89,227.9,0.1,0.853,14.6,37.2,49,False
2024-01-24 10:00:00,BLDG-001,office,5.78,5.39,232.2,0.1,0.911,12.2,31.1,96,False
2024-01-24 11:00:00,BLDG-001,office,6.1,5.68,227.8,0.1,0.785,13.6,52.7,136,False
2024-01-24 12:00:00,BLDG-001,office,6.19,6.37,228.3,0.1,0.832,15.2,35.0,167,False
2024-01-24 13:00:00,BLDG-001,office,6.28,6.59,227.6,0.1,0.871,13.3,53.4,186,False
2024-01-24 14:00:00,BLDG-001,office,6.52,6.66,231.2,0.1,0.878,16.9,41.3,193,False
2024-01-24 15:00:00,BLDG-001,office,6.89,6.7,230.7,0.1,0.824,17.8,27.6,186,False
2024-01-24 16:00:00,BLDG-001,office,6.17,6.17,226.0,0.1,0.794,13.1,50.5,167,False
2024-01-24 17:00:00,BLDG-001,office,5.73,5.88,233.0,0.1,0.927,15.2,42.9,136,False
2024-01-24 18:00:00,BLDG-001,office,5.42,5.39,232.7,0.1,0.779,15.0,30.8,96,False
2024-01-24 19:00:00,BLDG-001,office,11.5,12.27,229.7,0.1,0.799,16.4,37.8,50,True
2024-01-24 20:00:00,BLDG-001,office,3.86,4.07,230.6,0.1,0.912,14.5,20.8,9,False
2024-01-24 21:00:00,BLDG-001,office,4.17,4.18,232.5,0.1,0.815,17.6,41.9,9,False
2024-01-24 22:00:00,BLDG-001,office,4.47,4.21,230.2,0.1,0.849,18.3,53.7,9,False
2024-01-24 23:00:00,BLDG-001,office,4.2,4.18,228.8,0.1,0.865,17.1,49.4,9,False
2024-01-24 00:00:00,BLDG-002,lab,6.14,6.19,229.8,0.1,0.884,15.0,60.1,1,False
2024-01-24 01:00:00,BLDG-002,lab,6.3,6.31,229.2,0.1,0.832,15.6,42.4,1,False
2024-01-24 02:00:00,BLDG-002,lab,6.6,6.31,228.1,0.1,0.826,13.5,55.4,1,False
2024-01-24 03:00:00,BLDG-002,lab,6.22,6.33,230.6,0.1,0.928,18.3,58.1,1,False
2024-01-24 04:00:00,BLDG-002,lab,6.3,6.09,225.2,0.1,0.836,12.7,39.6,1,False
2024-01-24 05:00:00,BLDG-002,lab,6.18,6.38,227.8,0.1,0.9,16.0,58.3,1,False
2024-01-24 06:00:00,BLDG-002,lab,5.76,6.21,224.9,0.1,0.823,16.4,35.3,1,False
2024-01-24 07:00:00,BLDG-002,lab,6.32,6.25,229.7,0.1,0.795,15.5,41.8,1,False
2024-01-24 08:00:00,BLDG-002,lab,6.22,6.15,230.3,0.1,0.926,13.8,41.1,1,False
2024-01-24 09:00:00,BLDG-002,lab,6.42,7.06,227.4,0.1,0.896,16.8,37.8,9,False
2024-01-24 10:00:00,BLDG-002,lab,7.33,7.54,233.1,0.1,0.778,11.3,45.9,17,False
2024-01-24 11:00:00,BLDG-002,lab,0.0,0.0,228.0,0.1,0.905,11.4,32.5,25,True
2024-01-24 12:00:00,BLDG-002,lab,8.51,8.31,230.2,0.1,0.828,16.6,45.6,30,False
2024-01-24 13:00:00,BLDG-002,lab,8.86,8.97,227.6,0.1,0.928,13.2,54.3,34,False
2024-01-24 14:00:00,BLDG-002,lab,8.99,8.99,234.1,0.1,0.882,13.6,51.8,35,False
2024-01-24 15:00:00,BLDG-002,lab,8.15,8.66,229.3,0.1,0.945,12.3,43.8,34,False
2024-01-24 16:00:00,BLDG-002,lab,9.37,8.44,230.1,0.1,0.884,16.6,29.1,30,False
2024-01-24 17:00:00,BLDG-002,lab,7.79,7.93,233.0,0.1,0.899,15.4,32.1,25,False
2024-01-24 18:00:00,BLDG-002,lab,7.5,7.76,228.9,0.1,0.781,15.7,55.2,17,False
2024-01-24 19:00:00,BLDG-002,lab,6.76,6.79,231.7,0.1,0.894,17.6,55.1,9,False
2024-01-24 20:00:00,BLDG-002,lab,5.5,6.19,229.7,0.1,0.826,12.7,57.3,1,False
2024-01-24 21:00:00,BLDG-002,lab,6.6,6.22,231.3,0.1,0.835,14.5,51.2,1,False
2024-01-24 22:00:00,BLDG-002,lab,6.18,6.36,231.8,0.1,0.819,16.5,33.6,1,False
2024-01-24 23:00:00,BLDG-002,lab,5.84,6.23,230.0,0.1,0.928,17.6,61.2,1,False
2024-01-24 00:00:00,BLDG-003,datacenter,11.75,11.64,233.0,0.1,0.874,17.4,58.2,0,False
2024-01-24 01:00:00,BLDG-003,datacenter,11.5,11.62,233.0,0.1,0.813,15.5,44.2,0,False
2024-01-24 02:00:00,BLDG-003,datacenter,11.4,11.64,233.6,0.1,0.975,18.9,35.0,0,False
2024-01-24 03:00:00,BLDG-003,datacenter,11.32,11.64,231.8,0.1,0.753,18.7,52.2,0,False
2024-01-24 04:00:00,BLDG-003,datacenter,12.34,11.41,231.8,0.1,0.978,20.8,46.7,0,False
2024-01-24 05:00:00,BLDG-003,datacenter,11.07,11.58,227.9,0.1,0.895,16.4,49.2,0,False
2024-01-24 06:00:00,BLDG-003,datacenter,11.74,11.86,223.4,0.1,0.948,20.1,55.5,0,False
2024-01-24 07:00:00,BLDG-003,datacenter,11.09,11.47,230.9,0.1,0.876,16.9,36.6,0,False
2024-01-24 08:00:00,BLDG-003,datacenter,11.68,11.13,231.1,0.1,0.842,17.0,50.7,0,False
2024-01-24 09:00:00,BLDG-003,datacenter,12.25,12.3,231.6,0.1,0.774,17.6,69.3,1,False
2024-01-24 10:00:00,BLDG-003,datacenter,13.45,14.29,228.9,0.1,0.912,19.4,49.3,3,False
2024-01-24 11:00:00,BLDG-003,datacenter,15.65,15.77,230.5,0.1,0.868,16.0,37.3,5,False
2024-01-24 12:00:00,BLDG-003,datacenter,0.0,0.0,229.1,0.1,0.894,17.6,40.9,6,True
2024-01-24 13:00:00,BLDG-003,datacenter,15.45,16.64,234.8,0.1,0.86,18.5,44.9,6,False
2024-01-24 14:00:00,BLDG-003,datacenter,15.16,16.79,234.7,0.1,0.906,18.5,48.6,7,False
2024-01-24 15:00:00,BLDG-003,datacenter,1.45,1.66,232.0,0.1,0.822,21.2,42.2,6,True
2024-01-24 16:00:00,BLDG-003,datacenter,16.69,16.11,229.7,0.1,0.844,16.7,60.4,6,False
2024-01-24 17:00:00,BLDG-003,datacenter,16.12,15.03,231.7,0.1,0.892,16.2,51.1,5,False
2024-01-24 18:00:00,BLDG-003,datacenter,13.95,14.42,226.7,0.1,0.843,17.1,42.0,3,False
2024-01-24 19:00:00,BLDG-003,datacenter,12.76,12.7,230.6,0.1,0.867,15.8,42.5,1,False
2024-01-24 20:00:00,BLDG-003,datacenter,11.97,11.25,229.8,0.1,0.751,18.5,53.3,0,False
2024-01-24 21:00:00,BLDG-003,datacenter,11.62,11.52,231.9,0.1,0.87,17.0,50.4,0,False
2024-01-24 22:00:00,BLDG-003,datacenter,10.77,11.87,227.7,0.1,0.811,17.4,73.3,0,False
2024-01-24 23:00:00,BLDG-003,datacenter,11.36,11.6,227.8,0.1,0.826,22.5,50.0,0,False
2024-01-24 00:00:00,BLDG-004,warehouse,1.14,1.1,231.9,0.1,0.91,16.8,41.1,0,False
2024-01-24 01:00:00,BLDG-004,warehouse,1.13,1.05,226.8,0.1,0.908,12.9,37.8,0,False
2024-01-24 02:00:00,BLDG-004,warehouse,1.12,1.1,231.8,0.1,0.814,16.5,66.5,0,False
2024-01-24 03:00:00,BLDG-004,warehouse,1.04,1.07,227.7,0.1,0.898,17.1,60.6,0,False
2024-01-24 04:00:00,BLDG-004,warehouse,0.99,1.07,232.8,0.1,0.815,17.5,46.7,0,False
2024-01-24 05:00:00,BLDG-004,warehouse,1.06,1.07,228.7,0.1,0.88,16.6,29.6,0,False
2024-01-24 06:00:00,BLDG-004,warehouse,1.04,1.04,232.8,0.1,0.759,15.2,55.3,0,False
2024-01-24 07:00:00,BLDG-004,warehouse,1.11,1.1,230.8,0.1,0.751,12.2,34.4,0,False
2024-01-24 08:00:00,BLDG-004,warehouse,1.06,1.04,230.9,0.1,0.83,13.7,51.8,0,False
2024-01-24 09:00:00,BLDG-004,warehouse,1.1,1.11,230.8,0.1,0.896,13.9,42.8,2,False
2024-01-24 10:00:00,BLDG-004,warehouse,1.13,1.21,228.8,0.1,0.861,16.1,46.0,3,False
2024-01-24 11:00:00,BLDG-004,warehouse,1.29,1.18,230.9,0.1,0.891,15.7,53.8,5,False
2024-01-24 12:00:00,BLDG-004,warehouse,1.21,1.2,226.3,0.1,0.743,14.8,39.4,6,False
2024-01-24 13:00:00,BLDG-004,warehouse,1.27,1.19,229.8,0.1,0.916,10.8,51.0,7,False
2024-01-24 14:00:00,BLDG-004,warehouse,1.18,1.26,227.6,0.1,0.886,13.0,34.4,7,False
2024-01-24 15:00:00,BLDG-004,warehouse,1.15,1.27,233.6,0.1,0.885,19.0,31.0,7,False
2024-01-24 16:00:00,BLDG-004,warehouse,1.27,1.19,230.2,0.1,0.847,13.3,26.0,6,False
2024-01-24 17:00:00,BLDG-004,warehouse,1.14,1.18,230.0,0.1,0.816,12.9,40.2,5,False
2024-01-24 18:00:00,BLDG-004,warehouse,1.17,1.14,229.5,0.1,0.834,15.9,34.2,3,False
2024-01-24 19:00:00,BLDG-004,warehouse,1.12,1.12,229.4,0.1,0.809,17.0,38.9,2,False
2024-01-24 20:00:00,BLDG-004,warehouse,0.99,1.1,228.6,0.1,0.9,14.3,42.6,0,False
2024-01-24 21:00:00,BLDG-004,warehouse,1.14,1.05,231.8,0.1,0.818,14.1,37.9,0,False
2024-01-24 22:00:00,BLDG-004,warehouse,1.08,1.09,227.0,0.1,0.907,19.9,34.3,0,False
2024-01-24 23:00:00,BLDG-004,warehouse,1.03,1.06,229.9,0.1,0.875,17.6,41.3,0,False
2024-01-24 00:00:00,BLDG-005,common_area,0.8,0.79,233.6,0.1,0.7,14.0,31.2,1,False
2024-01-24 01:00:00,BLDG-005,common_area,0.77,0.79,229.6,0.1,0.839,17.8,49.4,1,False
2024-01-24 02:00:00,BLDG-005,common_area,0.81,0.82,229.4,0.1,0.755,17.1,44.2,1,False
2024-01-24 03:00:00,BLDG-005,common_area,0.92,0.79,231.2,0.1,0.952,18.6,31.7,1,False
2024-01-24 04:00:00,BLDG-005,common_area,0.86,0.79,229.4,0.1,0.874,14.0,53.0,1,False
2024-01-24 05:00:00,BLDG-005,common_area,0.78,0.79,229.8,0.1,0.836,15.6,57.7,1,False
2024-01-24 06:00:00,BLDG-005,common_area,0.78,0.83,227.3,0.1,0.875,16.7,54.7,1,False
2024-01-24 07:00:00,BLDG-005,common_area,0.78,0.81,230.8,0.1,0.904,16.9,41.0,1,False
2024-01-24 08:00:00,BLDG-005,common_area,0.83,0.79,229.1,0.1,0.919,15.4,50.3,1,False
2024-01-24 09:00:00,BLDG-005,common_area,0.82,0.82,232.3,0.1,0.921,17.8,44.1,5,False
2024-01-24 10:00:00,BLDG-005,common_area,0.92,0.88,229.6,0.1,0.786,19.0,36.5,10,False
2024-01-24 11:00:00,BLDG-005,common_area,0.88,0.9,231.3,0.1,0.83,15.4,38.0,14,False
2024-01-24 12:00:00,BLDG-005,common_area,0.89,0.93,229.1,0.1,0.856,17.5,43.9,17,False
2024-01-24 13:00:00,BLDG-005,common_area,0.93,0.97,232.0,0.1,0.862,13.7,51.7,20,False
2024-01-24 14:00:00,BLDG-005,common_area,0.94,0.91,230.8,0.1,0.752,15.1,49.1,20,False
2024-01-24 15:00:00,BLDG-005,common_area,0.92,0.91,230.3,0.1,0.813,22.4,46.8,20,False
2024-01-24 16:00:00,BLDG-005,common_area,0.81,0.93,233.6,0.1,0.803,15.9,59.7,17,False
2024-01-24 17:00:00,BLDG-005,common_area,0.89,0.88,228.2,0.1,0.835,16.5,22.9,14,False
2024-01-24 18:00:00,BLDG-005,common_area,0.87,0.84,230.8,0.1,0.886,16.6,39.6,10,False
2024-01-24 19:00:00,BLDG-005,common_area,0.85,0.85,227.6,0.1,0.816,11.6,39.3,5,False
2024-01-24 20:00:00,BLDG-005,common_area,0.73,0.75,228.2,0.1,0.913,13.6,41.3,1,False
2024-01-24 21:00:00,BLDG-005,common_area,0.78,0.82,227.5,0.1,0.874,11.0,54.5,1,False
2024-01-24 22:00:00,BLDG-005,common_area,0.83,0.8,227.3,0.1,0.76,16.1,50.6,1,False
2024-01-24 23:00:00,BLDG-005,common_area,0.75,0.75,227.7,0.1,0.839,15.4,43.7,1,False
2024-01-25 00:00:00,BLDG-001,office,2.68,2.76,226.7,0.1,0.956,13.1,59.3,5,False
2024-01-25 01:00:00,BLDG-001,office,2.82,2.69,231.4,0.1,0.774,14.8,50.3,5,False
2024-01-25 02:00:00,BLDG-001,office,2.58,2.83,231.7,0.1,0.875,12.7,26.8,5,False
2024-01-25 03:00:00,BLDG-001,office,2.63,2.66,227.4,0.1,0.821,11.5,58.7,5,False
2024-01-25 04:00:00,BLDG-001,office,2.66,2.69,227.1,0.1,0.935,11.4,22.1,5,False
2024-01-25 05:00:00,BLDG-001,office,2.61,2.65,228.1,0.1,0.817,13.2,51.9,5,False
2024-01-25 06:00:00,BLDG-001,office,2.7,2.75,228.3,0.1,0.832,14.1,60.1,5,False
2024-01-25 07:00:00,BLDG-001,office,2.77,2.7,233.3,0.1,0.89,14.5,46.3,5,False
2024-01-25 08:00:00,BLDG-001,office,2.75,2.69,226.8,0.1,0.971,17.2,53.7,5,False
2024-01-25 09:00:00,BLDG-001,office,2.95,2.9,230.8,0.1,0.82,17.0,20.0,25,False
2024-01-25 10:00:00,BLDG-001,office,3.08,3.2,231.5,0.1,0.936,14.0,41.4,49,False
2024-01-25 11:00:00,BLDG-001,office,3.04,3.27,231.0,0.1,0.897,12.7,55.2,70,False
2024-01-25 12:00:00,BLDG-001,office,3.36,3.53,229.2,0.1,0.858,14.3,40.4,86,False
2024-01-25 13:00:00,BLDG-001,office,3.41,3.41,230.9,0.1,0.862,15.1,41.7,96,False
2024-01-25 14:00:00,BLDG-001,office,3.63,3.61,231.2,0.1,0.802,16.0,46.6,99,False
2024-01-25 15:00:00,BLDG-001,office,3.62,3.51,226.0,0.1,0.874,12.6,36.5,96,False
2024-01-25 16:00:00,BLDG-001,office,3.48,3.36,226.4,0.1,0.929,13.8,49.6,86,False
2024-01-25 17:00:00,BLDG-001,office,3.24,3.32,234.1,0.1,0.916,12.9,39.7,70,False
2024-01-25 18:00:00,BLDG-001,office,3.32,3.27,230.7,0.1,0.793,16.5,53.5,49,False
2024-01-25 19:00:00,BLDG-001,office,2.77,2.98,228.9,0.1,0.841,16.2,57.9,25,False
2024-01-25 20:00:00,BLDG-001,office,2.82,2.74,232.5,0.1,0.877,15.8,52.0,5,False
2024-01-25 21:00:00,BLDG-001,office,2.53,2.73,227.8,0.1,0.89,11.9,48.2,5,False
2024-01-25 22:00:00,BLDG-001,office,2.68,2.78,228.5,0.1,0.838,13.3,45.0,5,False
2024-01-25 23:00:00,BLDG-001,office,2.69,2.84,232.1,0.1,0.846,14.0,46.5,5,False
2024-01-25 00:00:00,BLDG-002,lab,5.06,5.29,227.6,0.1,0.954,13.4,48.3,1,False
2024-01-25 01:00:00,BLDG-002,lab,4.76,5.04,229.3,0.1,0.906,16.6,36.2,1,False
2024-01-25 02:00:00,BLDG-002,lab,5.25,5.05,227.8,0.1,0.932,14.0,43.4,1,False
2024-01-25 03:00:00,BLDG-002,lab,4.72,5.32,231.7,0.1,0.861,16.7,20.7,1,False
2024-01-25 04:00:00,BLDG-002,lab,4.86,5.28,228.8,0.1,0.88,12.4,55.2,1,False
2024-01-25 05:00:00,BLDG-002,lab,4.8,5.03,231.0,0.1,0.853,17.0,39.0,1,False
2024-01-25 06:00:00,BLDG-002,lab,5.04,4.97,229.1,0.1,0.741,14.6,46.0,1,False
2024-01-25 07:00:00,BLDG-002,lab,5.27,5.16,232.4,0.1,0.85,11.9,57.4,1,False
2024-01-25 08:00:00,BLDG-002,lab,5.51,5.05,229.8,0.1,0.908,15.3,36.2,1,False
2024-01-25 09:00:00,BLDG-002,lab,5.33,5.39,226.0,0.1,0.844,14.5,42.3,6,False
2024-01-25 10:00:00,BLDG-002,lab,5.44,5.84,233.0,0.1,0.861,15.4,55.6,12,False
2024-01-25 11:00:00,BLDG-002,lab,6.25,6.36,231.2,0.1,0.843,17.5,30.0,17,False
2024-01-25 12:00:00,BLDG-002,lab,6.3,6.35,228.9,0.1,0.892,16.0,43.6,21,False
2024-01-25 13:00:00,BLDG-002,lab,6.8,6.5,228.6,0.1,0.897,14.0,50.4,24,False
2024-01-25 14:00:00,BLDG-002,lab,6.97,6.72,231.9,0.1,0.94,14.6,45.4,24,False
2024-01-25 15:00:00,BLDG-002,lab,6.88,6.59,232.0,0.1,0.724,15.0,41.1,24,False
2024-01-25 16:00:00,BLDG-002,lab,6.66,6.44,230.6,0.1,0.77,16.3,37.7,21,False
2024-01-25 17:00:00,BLDG-002,lab,6.11,6.33,227.5,0.1,0.743,17.7,47.5,17,False
2024-01-25 18:00:00,BLDG-002,lab,5.55,5.81,230.4,0.1,0.854,16.9,44.2,12,False
2024-01-25 19:00:00,BLDG-002,lab,5.15,5.33,230.8,0.1,0.936,17.8,43.4,6,False
2024-01-25 20:00:00,BLDG-002,lab,4.91,4.99,232.0,0.1,0.823,16.0,36.3,1,False
2024-01-25 21:00:00,BLDG-002,lab,5.0,5.19,227.8,0.1,0.846,13.9,44.0,1,False
2024-01-25 22:00:00,BLDG-002,lab,4.88,5.13,229.4,0.1,0.777,14.7,43.2,1,False
2024-01-25 23:00:00,BLDG-002,lab,4.88,5.26,230.5,0.1,0.836,14.9,40.7,1,False
2024-01-25 00:00:00,BLDG-003,datacenter,12.53,11.82,229.1,0.1,0.936,18.0,52.9,0,False
2024-01-25 01:00:00,BLDG-003,datacenter,11.31,11.95,227.8,0.1,0.824,19.0,36.0,0,False
2024-01-25 02:00:00,BLDG-003,datacenter,11.6,11.82,230.0,0.1,0.879,20.3,30.5,0,False
2024-01-25 03:00:00,BLDG-003,datacenter,21.08,20.92,226.2,0.1,0.924,17.5,44.7,0,True
2024-01-25 04:00:00,BLDG-003,datacenter,11.83,11.53,231.7,0.1,0.912,21.1,35.9,0,False
2024-01-25 05:00:00,BLDG-003,datacenter,11.1,11.91,230.8,0.1,0.787,16.6,45.9,0,False
2024-01-25 06:00:00,BLDG-003,datacenter,11.67,11.6,229.7,0.1,0.803,18.6,30.9,0,False
2024-01-25 07:00:00,BLDG-003,datacenter,11.22,11.11,229.8,0.1,0.866,20.0,48.8,0,False
2024-01-25 08:00:00,BLDG-003,datacenter,12.91,11.66,226.0,0.1,0.838,18.1,50.6,0,False
2024-01-25 09:00:00,BLDG-003,datacenter,11.34,13.31,230.2,0.1,0.865,15.4,37.8,1,False
2024-01-25 10:00:00,BLDG-003,datacenter,14.09,14.34,227.6,0.1,0.774,16.4,35.6,3,False
2024-01-25 11:00:00,BLDG-003,datacenter,16.2,15.46,229.3,0.1,0.911,20.1,61.7,5,False
2024-01-25 12:00:00,BLDG-003,datacenter,16.88,16.26,231.0,0.1,0.882,18.2,57.6,6,False
2024-01-25 13:00:00,BLDG-003,datacenter,17.21,16.32,230.2,0.1,0.842,18.9,47.7,6,False
2024-01-25 14:00:00,BLDG-003,datacenter,16.37,16.77,227.0,0.1,0.883,15.5,57.5,7,False
2024-01-25 15:00:00,BLDG-003,datacenter,17.35,16.57,231.4,0.1,0.847,18.6,62.9,6,False
2024-01-25 16:00:00,BLDG-003,datacenter,15.39,15.67,232.0,0.1,0.845,16.2,37.5,6,False
2024-01-25 17:00:00,BLDG-003,datacenter,15.06,14.93,230.0,0.1,0.851,18.1,49.0,5,False
2024-01-25 18:00:00,BLDG-003,datacenter,13.8,13.56,230.2,0.1,0.949,21.3,53.7,3,False
2024-01-25 19:00:00,BLDG-003,datacenter,1.24,1.3,228.7,0.1,0.805,15.7,47.0,1,True
2024-01-25 20:00:00,BLDG-003,datacenter,11.46,11.39,232.2,0.1,0.822,19.0,61.0,0,False
2024-01-25 21:00:00,BLDG-003,datacenter,13.3,11.46,229.8,0.1,0.755,20.9,47.7,0,False
2024-01-25 22:00:00,BLDG-003,datacenter,11.77,11.48,228.7,0.1,0.835,17.9,51.2,0,False
2024-01-25 23:00:00,BLDG-003,datacenter,12.18,12.0,228.2,0.1,0.828,21.6,46.5,0,False
2024-01-25 00:00:00,BLDG-004,warehouse,1.14,1.09,229.9,0.1,0.87,15.7,35.7,0,False
2024-01-25 01:00:00,BLDG-004,warehouse,1.11,1.05,228.6,0.1,0.875,15.9,48.7,0,False
2024-01-25 02:00:00,BLDG-004,warehouse,1.13,1.06,231.1,0.1,0.799,13.8,28.4,0,False
2024-01-25 03:00:00,BLDG-004,warehouse,1.03,1.04,230.1,0.1,0.867,18.4,43.7,0,False
2024-01-25 04:00:00,BLDG-004,warehouse,1.05,1.02,232.4,0.1,0.855,16.1,45.8,0,False
2024-01-25 05:00:00,BLDG-004,warehouse,1.16,1.07,232.2,0.1,0.895,15.9,51.8,0,False
2024-01-25 06:00:00,BLDG-004,warehouse,1.09,1.07,231.4,0.1,0.877,17.1,31.7,0,False
2024-01-25 07:00:00,BLDG-004,warehouse,1.01,1.1,229.4,0.1,0.904,14.9,64.0,0,False
2024-01-25 08:00:00,BLDG-004,warehouse,1.12,1.06,227.3,0.1,0.791,13.8,33.4,0,False
2024-01-25 09:00:00,BLDG-004,warehouse,1.11,1.12,227.2,0.1,0.841,16.5,54.6,2,False
2024-01-25 10:00:00,BLDG-004,warehouse,1.17,1.13,231.7,0.1,0.835,13.3,36.2,3,False
2024-01-25 11:00:00,BLDG-004,warehouse,1.17,1.23,232.2,0.1,0.831,15.2,50.3,5,False
2024-01-25 12:00:00,BLDG-004,warehouse,1.23,1.22,232.8,0.1,0.831,16.4,36.0,6,False
2024-01-25 13:00:00,BLDG-004,warehouse,1.14,1.26,229.2,0.1,0.871,13.4,38.4,7,False
2024-01-25 14:00:00,BLDG-004,warehouse,1.23,1.27,233.2,0.1,0.857,18.3,68.0,7,False
2024-01-25 15:00:00,BLDG-004,warehouse,1.25,1.2,227.6,0.1,0.765,16.2,23.7,7,False
2024-01-25 16:00:00,BLDG-004,warehouse,1.33,1.26,227.5,0.1,0.818,16.8,57.0,6,False
2024-01-25 17:00:00,BLDG-004,warehouse,1.23,1.2,230.1,0.1,0.826,16.6,30.0,5,False
2024-01-25 18:00:00,BLDG-004,warehouse,1.14,1.17,229.1,0.1,0.831,14.7,44.3,3,False
2024-01-25 19:00:00,BLDG-004,warehouse,1.01,1.14,227.5,0.1,0.845,13.5,45.1,2,False
2024-01-25 20:00:00,BLDG-004,warehouse,1.03,1.1,228.4,0.1,0.894,16.1,39.4,0,False
2024-01-25 21:00:00,BLDG-004,warehouse,1.11,1.08,230.0,0.1,0.883,16.5,39.7,0,False
2024-01-25 22:00:00,BLDG-004,warehouse,1.01,1.06,232.5,0.1,0.797,15.2,49.0,0,False
2024-01-25 23:00:00,BLDG-004,warehouse,0.98,1.05,230.3,0.1,0.86,18.6,45.9,0,False
2024-01-25 00:00:00,BLDG-005,common_area,0.65,0.62,231.1,0.1,0.826,16.6,47.5,0,False
2024-01-25 01:00:00,BLDG-005,common_area,0.64,0.6,233.4,0.1,0.912,15.0,54.4,0,False
2024-01-25 02:00:00,BLDG-005,common_area,0.59,0.62,230.6,0.1,0.872,20.0,43.9,0,False
2024-01-25 03:00:00,BLDG-005,common_area,0.61,0.62,231.2,0.1,0.851,12.5,32.2,0,False
2024-01-25 04:00:00,BLDG-005,common_area,0.65,0.63,229.8,0.1,0.846,19.2,55.0,0,False
2024-01-25 05:00:00,BLDG-005,common_area,0.63,0.63,230.7,0.1,0.891,15.8,40.6,0,False
2024-01-25 06:00:00,BLDG-005,common_area,0.62,0.62,229.0,0.1,0.847,16.4,57.0,0,False
2024-01-25 07:00:00,BLDG-005,common_area,0.65,0.62,233.8,0.1,0.892,14.6,38.4,0,False
2024-01-25 08:00:00,BLDG-005,common_area,0.63,0.61,232.3,0.1,0.775,15.3,48.8,0,False
2024-01-25 09:00:00,BLDG-005,common_area,0.62,0.61,230.0,0.1,0.774,16.0,52.3,2,False
2024-01-25 10:00:00,BLDG-005,common_area,0.62,0.64,229.7,0.1,0.854,15.2,43.6,3,False
2024-01-25 11:00:00,BLDG-005,common_area,0.65,0.65,231.7,0.1,0.85,13.3,33.4,5,False
2024-01-25 12:00:00,BLDG-005,common_area,0.6,0.64,230.8,0.1,0.918,12.8,40.6,6,False
2024-01-25 13:00:00,BLDG-005,common_area,0.61,0.66,229.3,0.1,0.897,15.7,23.7,7,False
2024-01-25 14:00:00,BLDG-005,common_area,0.63,0.67,230.8,0.1,0.818,12.0,31.3,8,False
2024-01-25 15:00:00,BLDG-005,common_area,0.63,0.66,229.2,0.1,0.905,16.1,20.0,7,False
2024-01-25 16:00:00,BLDG-005,common_area,0.64,0.64,228.6,0.1,0.839,14.2,32.0,6,False
2024-01-25 17:00:00,BLDG-005,common_area,0.59,0.63,228.3,0.1,0.825,15.4,40.8,5,False
2024-01-25 18:00:00,BLDG-005,common_area,0.61,0.63,228.6,0.1,0.851,14.8,40.4,3,False
2024-01-25 19:00:00,BLDG-005,common_area,0.61,0.62,227.9,0.1,0.953,13.7,57.2,2,False
2024-01-25 20:00:00,BLDG-005,common_area,0.0,0.0,231.8,0.1,0.788,15.0,44.6,0,True
2024-01-25 21:00:00,BLDG-005,common_area,0.64,0.61,227.5,0.1,0.89,14.6,62.9,0,False
2024-01-25 22:00:00,BLDG-005,common_area,0.55,0.61,227.9,0.1,0.871,14.8,47.0,0,False
2024-01-25 23:00:00,BLDG-005,common_area,0.59,0.62,227.8,0.1,0.746,15.3,46.6,0,False
2024-01-26 00:00:00,BLDG-001,office,4.07,3.79,230.4,0.1,0.861,11.5,55.6,8,False
2024-01-26 01:00:00,BLDG-001,office,3.72,3.79,231.1,0.1,0.84,16.3,44.0,8,False
2024-01-26 02:00:00,BLDG-001,office,4.0,3.83,229.8,0.1,0.907,14.3,56.4,8,False
2024-01-26 03:00:00,BLDG-001,office,3.9,3.84,231.5,0.1,0.827,17.2,39.7,8,False
2024-01-26 04:00:00,BLDG-001,office,3.84,3.85,228.8,0.1,0.949,17.0,44.2,8,False
2024-01-26 05:00:00,BLDG-001,office,3.81,3.83,229.5,0.1,0.837,12.5,29.3,8,False
2024-01-26 06:00:00,BLDG-001,office,3.63,3.91,227.5,0.1,0.901,14.4,38.1,8,False
2024-01-26 07:00:00,BLDG-001,office,3.94,3.79,230.5,0.1,0.838,18.0,43.2,8,False
2024-01-26 08:00:00,BLDG-001,office,3.78,3.8,229.9,0.1,0.888,12.3,50.3,8,False
2024-01-26 09:00:00,BLDG-001,office,4.29,4.44,231.5,0.1,0.91,12.7,55.8,44,False
2024-01-26 10:00:00,BLDG-001,office,4.62,4.96,230.6,0.1,0.857,14.9,25.9,86,False
2024-01-26 11:00:00,BLDG-001,office,4.81,5.25,233.1,0.1,0.815,13.1,39.7,122,False
2024-01-26 12:00:00,BLDG-001,office,5.64,5.6,229.9,0.1,0.851,13.3,33.1,150,False
2024-01-26 13:00:00,BLDG-001,office,5.46,5.88,228.8,0.1,0.858,15.8,45.6,167,False
2024-01-26 14:00:00,BLDG-001,office,6.13,5.97,230.2,0.1,0.864,17.7,46.8,173,False
2024-01-26 15:00:00,BLDG-001,office,5.71,5.77,228.6,0.1,0.853,17.1,40.9,167,False
2024-01-26 16:00:00,BLDG-001,office,5.79,5.4,228.8,0.1,0.903,13.8,45.8,150,False
2024-01-26 17:00:00,BLDG-001,office,5.3,5.15,230.0,0.1,0.924,16.6,55.9,122,False
2024-01-26 18:00:00,BLDG-001,office,4.95,4.84,230.4,0.1,0.785,17.2,43.5,86,False
2024-01-26 19:00:00,BLDG-001,office,4.27,4.23,231.5,0.1,0.834,12.4,44.3,44,False
2024-01-26 20:00:00,BLDG-001,office,3.96,3.77,230.2,0.1,0.833,14.2,36.6,8,False
2024-01-26 21:00:00,BLDG-001,office,3.8,3.74,227.6,0.1,0.856,15.5,48.1,8,False
2024-01-26 22:00:00,BLDG-001,office,4.02,3.8,229.6,0.1,0.876,14.5,49.6,8,False
2024-01-26 23:00:00,BLDG-001,office,3.8,3.85,231.6,0.1,0.762,13.1,55.7,8,False
2024-01-26 00:00:00,BLDG-002,lab,2.92,2.89,230.2,0.1,0.904,15.5,40.7,0,False
2024-01-26 01:00:00,BLDG-002,lab,2.84,2.85,226.7,0.1,0.824,13.6,39.2,0,False
2024-01-26 02:00:00,BLDG-002,lab,2.66,2.73,229.4,0.1,0.894,11.9,50.3,0,False
2024-01-26 03:00:00,BLDG-002,lab,2.67,2.78,227.9,0.1,0.944,14.1,50.9,0,False
2024-01-26 04:00:00,BLDG-002,lab,2.78,2.8,233.8,0.1,0.821,17.9,61.3,0,False
2024-01-26 05:00:00,BLDG-002,lab,2.84,2.85,232.0,0.1,0.88,17.3,39.3,0,False
2024-01-26 06:00:00,BLDG-002,lab,2.79,2.9,228.6,0.1,0.786,14.9,36.2,0,False
2024-01-26 07:00:00,BLDG-002,lab,3.15,2.78,229.1,0.1,0.899,18.4,31.1,0,False
2024-01-26 08:00:00,BLDG-002,lab,2.76,2.8,230.1,0.1,0.786,16.2,44.8,0,False
2024-01-26 09:00:00,BLDG-002,lab,2.74,2.89,229.4,0.1,0.814,14.6,45.0,1,False
2024-01-26 10:00:00,BLDG-002,lab,3.3,2.97,232.4,0.1,0.853,13.3,51.7,2,False
2024-01-26 11:00:00,BLDG-002,lab,3.26,2.97,228.8,0.1,0.844,14.5,44.0,3,False
2024-01-26 12:00:00,BLDG-002,lab,3.29,2.96,228.1,0.1,0.83,11.1,45.5,4,False
2024-01-26 13:00:00,BLDG-002,lab,2.99,2.9,234.0,0.1,0.792,17.3,33.4,4,False
2024-01-26 14:00:00,BLDG-002,lab,2.85,3.05,230.9,0.1,0.813,12.2,37.1,5,False
2024-01-26 15:00:00,BLDG-002,lab,3.12,3.04,231.6,0.1,0.822,14.5,40.2,4,False
2024-01-26 16:00:00,BLDG-002,lab,2.89,2.98,232.2,0.1,0.882,14.9,35.3,4,False
2024-01-26 17:00:00,BLDG-002,lab,2.83,2.92,232.4,0.1,0.773,16.4,56.4,3,False
2024-01-26 18:00:00,BLDG-002,lab,3.07,2.94,228.7,0.1,0.94,13.0,49.8,2,False
2024-01-26 19:00:00,BLDG-002,lab,7.42,7.19,233.6,0.1,0.959,15.3,54.6,1,True
2024-01-26 20:00:00,BLDG-002,lab,2.59,2.86,230.7,0.1,0.947,15.6,51.7,0,False
2024-01-26 21:00:00,BLDG-002,lab,2.69,2.85,234.0,0.1,0.804,14.2,34.3,0,False
2024-01-26 22:00:00,BLDG-002,lab,2.95,2.82,231.3,0.1,0.836,17.3,45.8,0,False
2024-01-26 23:00:00,BLDG-002,lab,3.02,2.81,231.4,0.1,0.92,13.1,37.9,0,False
2024-01-26 00:00:00,BLDG-003,datacenter,13.75,13.39,230.8,0.1,0.887,22.2,49.4,0,False
2024-01-26 01:00:00,BLDG-003,datacenter,13.63,13.32,229.6,0.1,0.792,16.7,46.7,0,False
2024-01-26 02:00:00,BLDG-003,datacenter,14.26,13.25,228.2,0.1,0.88,18.2,64.1,0,False
2024-01-26 03:00:00,BLDG-003,datacenter,13.62,13.56,231.0,0.1,0.842,17.8,65.4,0,False
2024-01-26 04:00:00,BLDG-003,datacenter,13.13,13.52,230.6,0.1,0.89,17.8,52.9,0,False
2024-01-26 05:00:00,BLDG-003,datacenter,13.32,13.47,231.3,0.1,0.917,17.8,60.0,0,False
2024-01-26 06:00:00,BLDG-003,datacenter,12.53,13.38,229.6,0.1,0.853,19.5,48.4,0,False
2024-01-26 07:00:00,BLDG-003,datacenter,14.22,13.19,229.7,0.1,0.899,14.0,48.2,0,False
2024-01-26 08:00:00,BLDG-003,datacenter,14.72,13.27,226.9,0.1,0.801,18.2,55.8,0,False
2024-01-26 09:00:00,BLDG-003,datacenter,28.02,27.08,228.2,0.12,0.852,18.5,47.9,2,True
2024-01-26 10:00:00,BLDG-003,datacenter,18.15,16.86,229.3,0.1,0.926,18.5,57.2,4,False
2024-01-26 11:00:00,BLDG-003,datacenter,17.54,17.7,227.8,0.1,0.871,17.6,40.1,6,False
2024-01-26 12:00:00,BLDG-003,datacenter,18.01,19.73,227.1,0.1,0.851,16.7,50.8,7,False
2024-01-26 13:00:00,BLDG-003,datacenter,18.1,20.16,228.4,0.1,0.934,13.6,44.2,8,False
2024-01-26 14:00:00,BLDG-003,datacenter,21.88,19.8,231.0,0.1,0.769,19.1,50.6,8,False
2024-01-26 15:00:00,BLDG-003,datacenter,20.19,20.09,227.2,0.1,0.879,18.4,50.9,8,False
2024-01-26 16:00:00,BLDG-003,datacenter,20.38,19.24,227.2,0.1,0.847,19.4,45.2,7,False
2024-01-26 17:00:00,BLDG-003,datacenter,18.45,18.25,229.5,0.1,0.885,17.5,33.4,6,False
2024-01-26 18:00:00,BLDG-003,datacenter,16.59,16.39,228.8,0.1,0.876,17.8,45.8,4,False
2024-01-26 19:00:00,BLDG-003,datacenter,14.58,15.13,231.9,0.1,0.854,21.0,46.8,2,False
2024-01-26 20:00:00,BLDG-003,datacenter,12.88,13.77,233.3,0.1,0.902,19.1,40.0,0,False
2024-01-26 21:00:00,BLDG-003,datacenter,13.61,13.54,228.9,0.1,0.919,20.4,48.0,0,False
2024-01-26 22:00:00,BLDG-003,datacenter,13.32,13.16,228.8,0.1,0.903,18.9,36.7,0,False
2024-01-26 23:00:00,BLDG-003,datacenter,14.56,13.27,230.9,0.1,0.822,15.0,55.3,0,False
2024-01-26 00:00:00,BLDG-004,warehouse,2.15,2.27,230.7,0.1,0.746,19.3,26.4,1,False
2024-01-26 01:00:00,BLDG-004,warehouse,2.27,2.25,231.9,0.1,0.854,12.9,35.1,1,False
2024-01-26 02:00:00,BLDG-004,warehouse,2.31,2.25,233.4,0.1,0.833,14.8,50.2,1,False
2024-01-26 03:00:00,BLDG-004,warehouse,2.05,2.19,231.1,0.1,0.815,15.3,36.2,1,False
2024-01-26 04:00:00,BLDG-004,warehouse,2.26,2.16,227.9,0.1,0.892,16.0,36.8,1,False
2024-01-26 05:00:00,BLDG-004,warehouse,2.15,2.27,230.2,0.1,0.768,14.4,33.6,1,False
2024-01-26 06:00:00,BLDG-004,warehouse,0.23,0.21,229.8,0.1,0.88,12.1,45.1,1,True
2024-01-26 07:00:00,BLDG-004,warehouse,2.25,2.27,228.9,0.1,0.812,13.4,57.0,1,False
2024-01-26 08:00:00,BLDG-004,warehouse,2.23,2.16,228.3,0.1,0.859,13.9,38.0,1,False
2024-01-26 09:00:00,BLDG-004,warehouse,2.58,2.6,233.9,0.1,0.848,15.3,39.3,7,False
2024-01-26 10:00:00,BLDG-004,warehouse,3.05,2.85,228.8,0.1,0.778,15.8,59.5,14,False
2024-01-26 11:00:00,BLDG-004,warehouse,3.06,3.17,227.6,0.1,0.863,15.4,41.4,20,False
2024-01-26 12:00:00,BLDG-004,warehouse,3.45,3.42,228.2,0.1,0.882,12.0,50.4,25,False
2024-01-26 13:00:00,BLDG-004,warehouse,3.39,3.52,227.4,0.1,0.744,15.6,72.9,27,False
2024-01-26 14:00:00,BLDG-004,warehouse,3.38,3.53,227.2,0.1,0.848,11.9,50.1,28,False
2024-01-26 15:00:00,BLDG-004,warehouse,3.32,3.45,226.1,0.1,0.857,16.3,48.5,27,False
2024-01-26 16:00:00,BLDG-004,warehouse,3.44,3.3,227.3,0.1,0.878,14.4,49.4,25,False
2024-01-26 17:00:00,BLDG-004,warehouse,3.06,3.14,229.3,0.1,0.935,16.6,54.8,20,False
2024-01-26 18:00:00,BLDG-004,warehouse,2.82,2.76,229.6,0.1,0.888,18.1,50.2,14,False
2024-01-26 19:00:00,BLDG-004,warehouse,2.54,2.53,228.5,0.1,0.907,13.6,38.3,7,False
2024-01-26 20:00:00,BLDG-004,warehouse,2.28,2.17,225.1,0.1,0.863,14.8,73.7,1,False
2024-01-26 21:00:00,BLDG-004,warehouse,2.26,2.23,230.2,0.1,0.822,14.1,51.9,1,False
2024-01-26 22:00:00,BLDG-004,warehouse,2.16,2.23,229.1,0.1,0.838,15.9,35.2,1,False
2024-01-26 23:00:00,BLDG-004,warehouse,2.24,2.2,224.9,0.1,0.725,16.0,32.1,1,False
2024-01-26 00:00:00,BLDG-005,common_area,1.39,1.31,227.8,0.1,0.861,12.9,57.9,2,False
2024-01-26 01:00:00,BLDG-005,common_area,1.27,1.3,231.2,0.1,0.853,15.4,48.1,2,False
2024-01-26 02:00:00,BLDG-005,common_area,1.35,1.36,228.7,0.1,0.906,15.3,47.9,2,False
2024-01-26 03:00:00,BLDG-005,common_area,1.41,1.38,231.4,0.1,0.724,16.5,48.7,2,False
2024-01-26 04:00:00,BLDG-005,common_area,1.36,1.35,232.7,0.1,0.817,16.3,40.0,2,False
2024-01-26 05:00:00,BLDG-005,common_area,1.36,1.35,228.2,0.1,0.877,13.6,45.8,2,False
2024-01-26 06:00:00,BLDG-005,common_area,1.24,1.32,230.0,0.1,0.861,18.7,52.5,2,False
2024-01-26 07:00:00,BLDG-005,common_area,1.4,1.34,230.1,0.1,0.882,13.5,23.1,2,False
2024-01-26 08:00:00,BLDG-005,common_area,1.34,1.34,229.8,0.1,0.835,16.1,52.5,2,False
2024-01-26 09:00:00,BLDG-005,common_area,1.43,1.5,231.0,0.1,0.883,10.0,45.1,14,False
2024-01-26 10:00:00,BLDG-005,common_area,1.61,1.56,227.9,0.1,0.917,17.3,45.7,28,False
2024-01-26 11:00:00,BLDG-005,common_area,1.75,1.74,230.3,0.1,0.849,13.7,32.6,40,False
2024-01-26 12:00:00,BLDG-005,common_area,1.9,1.82,229.3,0.1,0.873,13.2,36.8,48,False
2024-01-26 13:00:00,BLDG-005,common_area,2.04,1.94,227.9,0.1,0.841,13.8,41.4,54,False
2024-01-26 14:00:00,BLDG-005,common_area,1.84,1.86,231.5,0.1,0.874,9.3,43.2,56,False
2024-01-26 15:00:00,BLDG-005,common_area,1.97,1.92,233.0,0.1,0.883,17.3,30.1,54,False
2024-01-26 16:00:00,BLDG-005,common_area,1.72,1.84,232.6,0.1,0.872,16.1,42.1,48,False
2024-01-26 17:00:00,BLDG-005,common_area,1.8,1.81,227.5,0.1,0.76,10.8,51.7,40,False
2024-01-26 18:00:00,BLDG-005,common_area,1.74,1.65,227.8,0.1,0.815,16.1,45.5,28,False
2024-01-26 19:00:00,BLDG-005,common_area,1.42,1.46,227.8,0.1,0.859,17.1,33.3,14,False
2024-01-26 20:00:00,BLDG-005,common_area,1.2,1.37,229.8,0.1,0.881,15.2,41.1,2,False
2024-01-26 21:00:00,BLDG-005,common_area,1.42,1.31,226.6,0.1,0.791,12.3,47.0,2,False
2024-01-26 22:00:00,BLDG-005,common_area,1.4,1.34,227.9,0.1,0.785,15.4,35.8,2,False
2024-01-26 23:00:00,BLDG-005,common_area,1.21,1.37,228.7,0.1,0.858,14.2,49.2,2,False
2024-01-27 00:00:00,BLDG-001,office,1.72,1.79,232.2,0.1,0.896,14.9,52.3,20,False
2024-01-27 01:00:00,BLDG-001,office,1.79,1.86,226.9,0.1,0.879,15.5,55.5,20,False
2024-01-27 02:00:00,BLDG-001,office,1.79,1.77,232.0,0.1,0.761,15.1,56.9,20,False
2024-01-27 03:00:00,BLDG-001,office,1.92,1.77,231.7,0.1,0.918,15.2,53.9,20,False
2024-01-27 04:00:00,BLDG-001,office,1.8,1.75,229.8,0.1,0.811,14.4,43.3,20,False
2024-01-27 05:00:00,BLDG-001,office,1.78,1.77,226.5,0.1,0.845,12.0,48.4,20,False
2024-01-27 06:00:00,BLDG-001,office,1.75,1.8,231.0,0.1,0.845,14.3,62.5,20,False
2024-01-27 07:00:00,BLDG-001,office,1.78,1.75,229.5,0.1,0.783,18.2,44.7,20,False
2024-01-27 08:00:00,BLDG-001,office,1.82,1.73,229.9,0.1,0.823,17.8,34.5,20,False
2024-01-27 09:00:00,BLDG-001,office,1.81,1.79,232.2,0.1,0.88,14.1,51.9,20,False
2024-01-27 10:00:00,BLDG-001,office,1.66,1.81,232.3,0.1,0.823,11.9,45.9,20,False
2024-01-27 11:00:00,BLDG-001,office,1.66,1.8,227.8,0.1,0.763,12.7,36.5,20,False
2024-01-27 12:00:00,BLDG-001,office,1.75,1.74,229.7,0.1,0.809,15.9,31.4,20,False
2024-01-27 13:00:00,BLDG-001,office,1.68,1.84,228.7,0.1,0.865,14.6,50.0,20,False
2024-01-27 14:00:00,BLDG-001,office,1.69,1.73,230.5,0.1,0.912,12.1,49.9,20,False
2024-01-27 15:00:00,BLDG-001,office,1.69,1.76,228.7,0.1,0.802,17.3,21.2,20,False
2024-01-27 16:00:00,BLDG-001,office,1.76,1.79,228.8,0.1,0.87,13.3,55.9,20,False
2024-01-27 17:00:00,BLDG-001,office,1.88,1.78,231.3,0.1,0.834,15.2,35.8,20,False
2024-01-27 18:00:00,BLDG-001,office,1.65,1.78,231.8,0.1,0.911,13.5,51.0,20,False
2024-01-27 19:00:00,BLDG-001,office,1.66,1.75,231.3,0.1,0.906,15.4,30.3,20,False
2024-01-27 20:00:00,BLDG-001,office,1.64,1.74,232.5,0.1,0.788,11.5,38.7,20,False
2024-01-27 21:00:00,BLDG-001,office,1.61,1.82,229.9,0.1,0.897,16.6,58.3,20,False
2024-01-27 22:00:00,BLDG-001,office,1.77,1.77,227.7,0.1,0.862,17.2,38.8,20,False
2024-01-27 23:00:00,BLDG-001,office,1.76,1.79,229.0,0.1,0.919,15.8,40.1,20,False
2024-01-27 00:00:00,BLDG-002,lab,3.25,3.12,231.1,0.1,0.803,16.2,36.9,5,False
2024-01-27 01:00:00,BLDG-002,lab,3.06,3.19,228.2,0.1,0.853,16.9,55.9,5,False
2024-01-27 02:00:00,BLDG-002,lab,3.07,3.17,232.1,0.1,0.86,14.7,26.3,5,False
2024-01-27 03:00:00,BLDG-002,lab,3.18,3.13,230.0,0.1,0.823,17.4,45.5,5,False
2024-01-27 04:00:00,BLDG-002,lab,3.29,3.13,231.8,0.1,0.879,16.2,42.3,5,False
2024-01-27 05:00:00,BLDG-002,lab,2.97,3.13,230.1,0.1,0.853,12.8,43.5,5,False
2024-01-27 06:00:00,BLDG-002,lab,3.07,3.21,230.0,0.1,0.913,15.0,35.7,5,False
2024-01-27 07:00:00,BLDG-002,lab,3.15,3.1,231.2,0.1,0.783,15.0,54.5,5,False
2024-01-27 08:00:00,BLDG-002,lab,3.17,3.25,230.0,0.1,0.882,13.8,48.5,5,False
2024-01-27 09:00:00,BLDG-002,lab,3.1,3.13,227.4,0.1,0.849,10.2,39.8,5,False
2024-01-27 10:00:00,BLDG-002,lab,3.39,3.17,228.0,0.1,0.85,12.7,44.2,5,False
2024-01-27 11:00:00,BLDG-002,lab,3.28,3.07,232.2,0.1,0.834,15.3,31.9,5,False
2024-01-27 12:00:00,BLDG-002,lab,3.05,3.12,230.6,0.1,0.917,15.2,51.6,5,False
2024-01-27 13:00:00,BLDG-002,lab,3.14,3.0,229.6,0.1,0.898,17.7,44.9,5,False
2024-01-27 14:00:00,BLDG-002,lab,3.32,3.06,229.3,0.1,0.855,15.8,51.4,5,False
2024-01-27 15:00:00,BLDG-002,lab,3.37,3.02,230.3,0.1,0.784,14.2,45.1,5,False
2024-01-27 16:00:00,BLDG-002,lab,3.12,3.21,229.8,0.1,0.809,13.5,43.8,5,False
2024-01-27 17:00:00,BLDG-002,lab,3.19,3.09,227.0,0.1,0.897,17.5,69.4,5,False
2024-01-27 18:00:00,BLDG-002,lab,3.06,3.27,229.8,0.1,0.934,16.3,60.5,5,False
2024-01-27 19:00:00,BLDG-002,lab,3.04,3.19,231.0,0.1,0.897,13.2,40.0,5,False
2024-01-27 20:00:00,BLDG-002,lab,2.91,3.14,230.1,0.1,0.816,16.5,20.2,5,False
2024-01-27 21:00:00,BLDG-002,lab,3.23,3.18,225.8,0.1,0.832,14.6,47.5,5,False
2024-01-27 22:00:00,BLDG-002,lab,2.94,3.23,234.2,0.1,0.845,14.6,27.9,5,False
2024-01-27 23:00:00,BLDG-002,lab,3.08,3.17,227.5,0.1,0.858,15.0,56.7,5,False
2024-01-27 00:00:00,BLDG-003,datacenter,6.14,6.21,229.9,0.1,0.92,18.3,52.8,1,False
2024-01-27 01:00:00,BLDG-003,datacenter,6.6,6.16,229.8,0.1,0.894,18.3,46.0,1,False
2024-01-27 02:00:00,BLDG-003,datacenter,6.23,6.19,229.7,0.1,0.938,19.0,39.3,1,False
2024-01-27 03:00:00,BLDG-003,datacenter,6.07,6.21,230.6,0.1,0.887,15.5,27.7,1,False
2024-01-27 04:00:00,BLDG-003,datacenter,5.79,6.32,229.9,0.1,0.778,17.7,27.6,1,False
2024-01-27 05:00:00,BLDG-003,datacenter,6.04,6.16,230.5,0.1,0.861,15.8,40.9,1,False
2024-01-27 06:00:00,BLDG-003,datacenter,6.68,6.01,229.3,0.1,0.803,19.3,41.9,1,False
2024-01-27 07:00:00,BLDG-003,datacenter,6.36,6.11,227.4,0.1,0.917,19.6,48.5,1,False
2024-01-27 08:00:00,BLDG-003,datacenter,6.7,6.18,228.4,0.1,0.833,16.4,43.1,1,False
2024-01-27 09:00:00,BLDG-003,datacenter,5.85,6.21,230.7,0.1,0.728,18.1,51.1,1,False
2024-01-27 10:00:00,BLDG-003,datacenter,6.02,6.15,231.0,0.1,0.871,16.3,39.0,1,False
2024-01-27 11:00:00,BLDG-003,datacenter,5.93,5.98,229.1,0.1,0.88,17.0,52.2,1,False
2024-01-27 12:00:00,BLDG-003,datacenter,6.45,5.99,229.9,0.1,0.889,17.3,43.7,1,False
2024-01-27 13:00:00,BLDG-003,datacenter,6.12,5.88,228.5,0.1,0.79,16.5,53.2,1,False
2024-01-27 14:00:00,BLDG-003,datacenter,5.63,6.07,231.8,0.1,0.87,16.8,51.4,1,False
2024-01-27 15:00:00,BLDG-003,datacenter,6.05,6.19,227.5,0.1,0.903,16.2,44.0,1,False
2024-01-27 16:00:00,BLDG-003,datacenter,5.79,6.1,231.6,0.1,0.865,17.4,34.4,1,False
2024-01-27 17:00:00,BLDG-003,datacenter,6.08,6.05,226.9,0.1,0.801,14.6,35.5,1,False
2024-01-27 18:00:00,BLDG-003,datacenter,6.29,6.13,228.6,0.1,0.834,18.2,55.2,1,False
2024-01-27 19:00:00,BLDG-003,datacenter,6.43,6.21,227.8,0.1,0.864,19.1,34.5,1,False
2024-01-27 20:00:00,BLDG-003,datacenter,5.88,6.27,227.9,0.1,0.879,18.1,40.0,1,False
2024-01-27 21:00:00,BLDG-003,datacenter,6.2,6.21,228.5,0.1,0.865,17.1,40.7,1,False
2024-01-27 22:00:00,BLDG-003,datacenter,6.12,6.29,224.4,0.1,0.763,15.6,69.0,1,False
2024-01-27 23:00:00,BLDG-003,datacenter,6.34,6.12,231.3,0.1,0.884,17.2,47.6,1,False
2024-01-27 00:00:00,BLDG-004,warehouse,0.9,0.86,230.0,0.1,0.822,13.0,40.1,3,False
2024-01-27 01:00:00,BLDG-004,warehouse,0.93,0.88,233.1,0.1,0.903,18.9,46.7,3,False
2024-01-27 02:00:00,BLDG-004,warehouse,0.92,0.86,229.8,0.1,0.846,17.9,48.5,3,False
2024-01-27 03:00:00,BLDG-004,warehouse,0.91,0.91,228.0,0.1,0.852,16.9,33.7,3,False
2024-01-27 04:00:00,BLDG-004,warehouse,0.91,0.89,230.4,0.1,0.841,13.3,45.5,3,False
2024-01-27 05:00:00,BLDG-004,warehouse,0.92,0.85,228.9,0.1,0.761,9.9,21.6,3,False
2024-01-27 06:00:00,BLDG-004,warehouse,0.88,0.91,230.9,0.1,0.859,15.6,48.2,3,False
2024-01-27 07:00:00,BLDG-004,warehouse,0.86,0.88,229.1,0.1,0.889,14.6,40.4,3,False
2024-01-27 08:00:00,BLDG-004,warehouse,0.83,0.88,226.8,0.1,0.948,16.8,41.3,3,False
2024-01-27 09:00:00,BLDG-004,warehouse,0.86,0.87,231.2,0.1,0.856,12.9,39.7,3,False
2024-01-27 10:00:00,BLDG-004,warehouse,0.78,0.86,231.1,0.1,0.834,17.2,44.5,3,False
2024-01-27 11:00:00,BLDG-004,warehouse,0.86,0.88,227.9,0.1,0.823,16.0,36.1,3,False
2024-01-27 12:00:00,BLDG-004,warehouse,0.95,0.89,230.2,0.1,0.807,16.4,49.1,3,False
2024-01-27 13:00:00,BLDG-004,warehouse,0.88,0.91,231.4,0.1,0.77,13.8,41.7,3,False
2024-01-27 14:00:00,BLDG-004,warehouse,0.93,0.85,233.3,0.1,0.842,12.9,39.2,3,False
2024-01-27 15:00:00,BLDG-004,warehouse,0.93,0.9,230.0,0.1,0.864,15.3,46.7,3,False
2024-01-27 16:00:00,BLDG-004,warehouse,0.95,0.88,233.4,0.1,0.906,14.7,65.4,3,False
2024-01-27 17:00:00,BLDG-004,warehouse,0.91,0.87,229.9,0.1,0.865,13.6,59.1,3,False
2024-01-27 18:00:00,BLDG-004,warehouse,0.93,0.89,230.2,0.1,0.922,12.9,62.6,3,False
2024-01-27 19:00:00,BLDG-004,warehouse,0.94,0.91,226.0,0.1,0.881,14.3,40.1,3,False
2024-01-27 20:00:00,BLDG-004,warehouse,0.94,0.85,230.3,0.1,0.925,16.7,53.2,3,False
2024-01-27 21:00:00,BLDG-004,warehouse,0.86,0.88,228.7,0.1,0.846,12.6,63.2,3,False
2024-01-27 22:00:00,BLDG-004,warehouse,0.84,0.87,227.8,0.1,0.883,17.1,53.9,3,False
2024-01-27 23:00:00,BLDG-004,warehouse,0.87,0.89,230.5,0.1,0.912,13.3,62.3,3,False
2024-01-27 00:00:00,BLDG-005,common_area,0.64,0.69,230.2,0.1,0.841,12.2,35.1,8,False
2024-01-27 01:00:00,BLDG-005,common_area,0.71,0.71,230.2,0.1,0.836,13.3,48.7,8,False
2024-01-27 02:00:00,BLDG-005,common_area,0.71,0.69,229.8,0.1,0.893,14.6,46.2,8,False
2024-01-27 03:00:00,BLDG-005,common_area,0.67,0.67,226.5,0.1,0.767,16.5,50.7,8,False
2024-01-27 04:00:00,BLDG-005,common_area,0.71,0.69,230.5,0.1,0.875,19.4,43.1,8,False
2024-01-27 05:00:00,BLDG-005,common_area,0.69,0.69,227.7,0.1,0.959,14.6,44.1,8,False
2024-01-27 06:00:00,BLDG-005,common_area,0.65,0.7,229.8,0.1,0.746,13.9,29.1,8,False
2024-01-27 07:00:00,BLDG-005,common_area,0.63,0.69,230.9,0.1,0.808,12.1,41.3,8,False
2024-01-27 08:00:00,BLDG-005,common_area,0.68,0.69,229.1,0.1,0.846,15.5,54.4,8,False
2024-01-27 09:00:00,BLDG-005,common_area,0.71,0.7,231.0,0.1,0.879,16.6,49.4,8,False
2024-01-27 10:00:00,BLDG-005,common_area,0.71,0.69,227.2,0.1,0.959,15.4,68.0,8,False
2024-01-27 11:00:00,BLDG-005,common_area,0.64,0.7,230.1,0.1,0.85,13.5,56.9,8,False
2024-01-27 12:00:00,BLDG-005,common_area,0.69,0.69,227.7,0.1,0.852,17.2,55.4,8,False
2024-01-27 13:00:00,BLDG-005,common_area,0.66,0.7,232.3,0.1,0.802,13.4,22.0,8,False
2024-01-27 14:00:00,BLDG-005,common_area,0.73,0.67,228.5,0.1,0.962,12.9,27.9,8,False
2024-01-27 15:00:00,BLDG-005,common_area,0.64,0.7,229.6,0.1,0.817,14.5,41.0,8,False
2024-01-27 16:00:00,BLDG-005,common_area,0.59,0.7,231.9,0.1,0.863,13.9,50.0,8,False
2024-01-27 17:00:00,BLDG-005,common_area,0.0,0.0,230.4,0.1,0.811,12.5,51.6,8,True
2024-01-27 18:00:00,BLDG-005,common_area,0.67,0.69,232.8,0.1,0.76,12.0,43.3,8,False
2024-01-27 19:00:00,BLDG-005,common_area,0.72,0.7,228.7,0.1,0.909,11.3,42.5,8,False
2024-01-27 20:00:00,BLDG-005,common_area,0.71,0.68,230.2,0.1,0.914,12.2,36.2,8,False
2024-01-27 21:00:00,BLDG-005,common_area,0.75,0.71,230.9,0.1,0.839,12.0,56.5,8,False
2024-01-27 22:00:00,BLDG-005,common_area,0.6,0.68,228.7,0.1,0.878,12.6,37.2,8,False
2024-01-27 23:00:00,BLDG-005,common_area,0.69,0.69,228.6,0.1,0.893,18.2,28.6,8,False
2024-01-28 00:00:00,BLDG-001,office,1.77,1.74,230.5,0.1,0.926,13.4,59.7,20,False
2024-01-28 01:00:00,BLDG-001,office,1.83,1.74,227.3,0.1,0.887,11.1,30.1,20,False
2024-01-28 02:00:00,BLDG-001,office,1.6,1.72,230.3,0.1,0.819,14.1,44.3,20,False
2024-01-28 03:00:00,BLDG-001,office,1.68,1.81,227.8,0.1,0.812,14.8,46.2,20,False
2024-01-28 04:00:00,BLDG-001,office,1.67,1.68,226.4,0.1,0.889,16.9,41.9,20,False
2024-01-28 05:00:00,BLDG-001,office,1.64,1.68,229.1,0.1,0.805,16.3,42.3,20,False
2024-01-28 06:00:00,BLDG-001,office,1.77,1.71,230.0,0.1,0.888,14.8,32.8,20,False
2024-01-28 07:00:00,BLDG-001,office,1.81,1.64,232.0,0.1,0.905,18.3,33.3,20,False
2024-01-28 08:00:00,BLDG-001,office,1.73,1.73,230.6,0.1,0.835,14.7,20.0,20,False
2024-01-28 09:00:00,BLDG-001,office,1.75,1.75,233.0,0.1,0.835,16.6,48.1,20,False
2024-01-28 10:00:00,BLDG-001,office,1.74,1.67,231.8,0.1,0.809,16.3,46.7,20,False
2024-01-28 11:00:00,BLDG-001,office,1.74,1.71,229.4,0.1,0.948,15.9,56.2,20,False
2024-01-28 12:00:00,BLDG-001,office,1.76,1.68,232.0,0.1,0.783,12.6,32.9,20,False
2024-01-28 13:00:00,BLDG-001,office,1.6,1.71,229.6,0.1,0.852,14.6,39.2,20,False
2024-01-28 14:00:00,BLDG-001,office,1.63,1.72,231.5,0.1,0.866,14.0,37.7,20,False
2024-01-28 15:00:00,BLDG-001,office,1.73,1.64,231.1,0.1,0.825,15.1,29.3,20,False
2024-01-28 16:00:00,BLDG-001,office,1.63,1.66,228.8,0.1,0.886,15.4,37.8,20,False
2024-01-28 17:00:00,BLDG-001,office,1.59,1.69,230.8,0.1,0.766,13.7,43.5,20,False
2024-01-28 18:00:00,BLDG-001,office,1.64,1.63,230.3,0.1,0.756,17.3,51.6,20,False
2024-01-28 19:00:00,BLDG-001,office,1.77,1.68,230.1,0.1,0.826,13.1,42.8,20,False
2024-01-28 20:00:00,BLDG-001,office,1.62,1.68,230.1,0.1,0.935,14.7,47.9,20,False
2024-01-28 21:00:00,BLDG-001,office,1.6,1.72,230.1,0.1,0.829,13.7,27.2,20,False
2024-01-28 22:00:00,BLDG-001,office,1.68,1.71,229.7,0.1,0.824,16.5,46.6,20,False
2024-01-28 23:00:00,BLDG-001,office,1.61,1.75,227.6,0.1,0.811,14.2,41.9,20,False
2024-01-28 00:00:00,BLDG-002,lab,3.26,3.31,230.0,0.1,0.823,13.8,51.6,5,False
2024-01-28 01:00:00,BLDG-002,lab,3.24,3.26,231.4,0.1,0.845,17.2,42.2,5,False
2024-01-28 02:00:00,BLDG-002,lab,3.27,3.28,230.6,0.1,0.888,16.7,49.5,5,False
2024-01-28 03:00:00,BLDG-002,lab,3.46,3.3,231.8,0.1,0.89,16.5,47.3,5,False
2024-01-28 04:00:00,BLDG-002,lab,3.29,3.35,233.0,0.1,0.826,14.6,47.6,5,False
2024-01-28 05:00:00,BLDG-002,lab,3.43,3.28,232.2,0.1,0.818,13.5,40.6,5,False
2024-01-28 06:00:00,BLDG-002,lab,3.69,3.13,229.9,0.1,0.826,15.3,49.8,5,False
2024-01-28 07:00:00,BLDG-002,lab,2.92,3.3,229.3,0.1,0.838,17.2,44.4,5,False
2024-01-28 08:00:00,BLDG-002,lab,3.3,3.34,232.6,0.1,0.805,16.1,51.9,5,False
2024-01-28 09:00:00,BLDG-002,lab,3.27,3.27,227.4,0.1,0.869,20.2,62.4,5,False
2024-01-28 10:00:00,BLDG-002,lab,3.18,3.27,231.5,0.1,0.832,13.2,39.8,5,False
2024-01-28 11:00:00,BLDG-002,lab,3.3,3.19,231.8,0.1,0.725,17.9,56.6,5,False
2024-01-28 12:00:00,BLDG-002,lab,3.37,3.21,227.8,0.1,0.876,15.8,51.5,5,False
2024-01-28 13:00:00,BLDG-002,lab,3.24,3.34,232.3,0.1,0.872,16.4,42.6,5,False
2024-01-28 14:00:00,BLDG-002,lab,3.41,3.31,225.4,0.1,0.905,11.5,45.2,5,False
2024-01-28 15:00:00,BLDG-002,lab,3.21,3.41,231.2,0.1,0.777,16.9,40.4,5,False
2024-01-28 16:00:00,BLDG-002,lab,3.39,3.31,228.2,0.1,0.905,19.0,51.1,5,False
2024-01-28 17:00:00,BLDG-002,lab,3.36,3.32,227.8,0.1,0.743,15.1,50.5,5,False
2024-01-28 18:00:00,BLDG-002,lab,3.05,3.28,230.8,0.1,0.848,19.7,27.1,5,False
2024-01-28 19:00:00,BLDG-002,lab,3.17,3.36,229.0,0.1,0.95,14.1,42.8,5,False
2024-01-28 20:00:00,BLDG-002,lab,3.57,3.3,230.5,0.1,0.767,13.0,42.2,5,False
2024-01-28 21:00:00,BLDG-002,lab,3.46,3.23,232.0,0.1,0.821,17.3,35.2,5,False
2024-01-28 22:00:00,BLDG-002,lab,3.12,3.31,229.4,0.1,0.852,12.0,25.1,5,False
2024-01-28 23:00:00,BLDG-002,lab,3.3,3.3,228.2,0.1,0.817,14.7,28.4,5,False
2024-01-28 00:00:00,BLDG-003,datacenter,5.48,5.56,231.0,0.1,0.894,17.7,43.4,1,False
2024-01-28 01:00:00,BLDG-003,datacenter,5.9,5.84,228.9,0.1,0.707,14.2,29.8,1,False
2024-01-28 02:00:00,BLDG-003,datacenter,5.72,5.83,230.1,0.1,0.921,16.8,37.0,1,False
2024-01-28 03:00:00,BLDG-003,datacenter,5.76,5.84,231.9,0.1,0.904,19.9,37.6,1,False
2024-01-28 04:00:00,BLDG-003,datacenter,5.73,5.73,227.1,0.1,0.983,16.5,49.4,1,False
2024-01-28 05:00:00,BLDG-003,datacenter,5.51,5.91,233.3,0.1,0.877,16.4,26.5,1,False
2024-01-28 06:00:00,BLDG-003,datacenter,5.43,5.62,228.1,0.1,0.833,15.4,51.9,1,False
2024-01-28 07:00:00,BLDG-003,datacenter,5.88,5.74,231.0,0.1,0.877,19.6,38.8,1,False
2024-01-28 08:00:00,BLDG-003,datacenter,5.69,5.9,228.4,0.1,0.837,19.4,31.7,1,False
2024-01-28 09:00:00,BLDG-003,datacenter,5.88,5.85,228.8,0.1,0.763,19.0,52.2,1,False
2024-01-28 10:00:00,BLDG-003,datacenter,6.32,5.73,229.0,0.1,0.877,17.6,46.2,1,False
2024-01-28 11:00:00,BLDG-003,datacenter,5.82,5.74,230.9,0.1,0.837,20.4,53.0,1,False
2024-01-28 12:00:00,BLDG-003,datacenter,5.61,5.6,226.5,0.1,0.895,17.1,53.7,1,False
2024-01-28 13:00:00,BLDG-003,datacenter,5.76,5.95,226.1,0.1,0.9,20.1,42.3,1,False
2024-01-28 14:00:00,BLDG-003,datacenter,6.42,5.78,229.6,0.1,0.849,17.4,47.1,1,False
2024-01-28 15:00:00,BLDG-003,datacenter,6.12,5.82,229.0,0.1,0.836,17.6,38.0,1,False
2024-01-28 16:00:00,BLDG-003,datacenter,6.05,6.06,228.3,0.1,0.857,15.4,50.8,1,False
2024-01-28 17:00:00,BLDG-003,datacenter,6.2,5.89,228.3,0.1,0.811,16.1,57.0,1,False
2024-01-28 18:00:00,BLDG-003,datacenter,6.25,5.86,230.3,0.1,0.919,17.3,43.6,1,False
2024-01-28 19:00:00,BLDG-003,datacenter,6.21,5.93,230.6,0.1,0.88,18.7,52.2,1,False
2024-01-28 20:00:00,BLDG-003,datacenter,5.69,6.09,227.9,0.1,0.908,17.2,62.0,1,False
2024-01-28 21:00:00,BLDG-003,datacenter,5.79,5.93,227.4,0.1,0.866,19.9,50.8,1,False
2024-01-28 22:00:00,BLDG-003,datacenter,6.05,5.8,227.2,0.1,0.824,17.6,52.5,1,False
2024-01-28 23:00:00,BLDG-003,datacenter,6.14,5.77,232.9,0.1,0.829,15.4,41.6,1,False
2024-01-28 00:00:00,BLDG-004,warehouse,0.93,0.94,231.0,0.1,0.854,17.0,44.2,3,False
2024-01-28 01:00:00,BLDG-004,warehouse,0.92,0.94,234.5,0.1,0.785,16.7,46.8,3,False
2024-01-28 02:00:00,BLDG-004,warehouse,0.99,0.93,228.7,0.1,0.835,17.9,54.3,3,False
2024-01-28 03:00:00,BLDG-004,warehouse,0.92,0.94,231.1,0.1,0.809,14.9,51.3,3,False
2024-01-28 04:00:00,BLDG-004,warehouse,0.87,0.94,229.4,0.1,0.883,7.8,47.9,3,False
2024-01-28 05:00:00,BLDG-004,warehouse,0.82,0.96,230.0,0.1,0.929,14.3,40.7,3,False
2024-01-28 06:00:00,BLDG-004,warehouse,0.92,0.92,227.9,0.1,0.877,13.3,43.2,3,False
2024-01-28 07:00:00,BLDG-004,warehouse,0.92,0.92,230.2,0.1,0.864,19.2,44.5,3,False
2024-01-28 08:00:00,BLDG-004,warehouse,0.78,0.93,231.9,0.1,0.893,15.7,64.9,3,False
2024-01-28 09:00:00,BLDG-004,warehouse,0.87,0.93,230.1,0.1,0.876,12.1,38.3,3,False
2024-01-28 10:00:00,BLDG-004,warehouse,0.95,0.94,233.3,0.1,0.878,15.5,39.4,3,False
2024-01-28 11:00:00,BLDG-004,warehouse,0.91,0.93,229.9,0.1,0.9,14.8,45.7,3,False
2024-01-28 12:00:00,BLDG-004,warehouse,0.97,0.93,230.8,0.1,0.83,14.2,55.9,3,False
2024-01-28 13:00:00,BLDG-004,warehouse,0.93,0.9,228.7,0.1,0.838,15.3,49.9,3,False
2024-01-28 14:00:00,BLDG-004,warehouse,0.91,0.9,233.6,0.1,0.851,11.8,50.8,3,False
2024-01-28 15:00:00,BLDG-004,warehouse,0.91,0.96,234.8,0.1,0.784,22.6,56.4,3,False
2024-01-28 16:00:00,BLDG-004,warehouse,0.85,0.92,229.1,0.1,0.878,17.7,47.5,3,False
2024-01-28 17:00:00,BLDG-004,warehouse,0.98,0.94,232.7,0.1,0.849,15.5,47.7,3,False
2024-01-28 18:00:00,BLDG-004,warehouse,0.97,0.9,227.1,0.1,0.801,14.8,35.9,3,False
2024-01-28 19:00:00,BLDG-004,warehouse,0.93,0.93,227.6,0.1,0.8,17.5,37.8,3,False
2024-01-28 20:00:00,BLDG-004,warehouse,0.97,0.94,233.0,0.1,0.773,16.9,54.4,3,False
2024-01-28 21:00:00,BLDG-004,warehouse,0.84,0.91,229.4,0.1,0.848,16.2,33.3,3,False
2024-01-28 22:00:00,BLDG-004,warehouse,0.97,0.92,229.2,0.1,0.87,14.8,48.3,3,False
2024-01-28 23:00:00,BLDG-004,warehouse,0.92,0.92,230.4,0.1,0.816,11.6,59.4,3,False
2024-01-28 00:00:00,BLDG-005,common_area,0.71,0.7,229.6,0.1,0.851,11.1,25.7,8,False
2024-01-28 01:00:00,BLDG-005,common_area,0.71,0.69,229.3,0.1,0.879,14.1,37.8,8,False
2024-01-28 02:00:00,BLDG-005,common_area,0.66,0.67,229.6,0.1,0.824,12.2,56.1,8,False
2024-01-28 03:00:00,BLDG-005,common_area,0.67,0.72,234.0,0.1,0.847,16.3,41.4,8,False
2024-01-28 04:00:00,BLDG-005,common_area,0.69,0.71,231.0,0.1,0.809,16.9,35.2,8,False
2024-01-28 05:00:00,BLDG-005,common_area,0.73,0.68,231.1,0.1,0.801,14.0,46.4,8,False
2024-01-28 06:00:00,BLDG-005,common_area,1.8,1.75,228.2,0.1,0.862,16.2,44.0,8,True
2024-01-28 07:00:00,BLDG-005,common_area,0.72,0.68,229.6,0.1,0.827,15.2,54.9,8,False
2024-01-28 08:00:00,BLDG-005,common_area,0.7,0.71,229.0,0.1,0.895,17.5,40.6,8,False
2024-01-28 09:00:00,BLDG-005,common_area,0.65,0.7,228.3,0.1,0.857,13.9,45.6,8,False
2024-01-28 10:00:00,BLDG-005,common_area,0.71,0.7,229.3,0.1,0.959,18.6,56.4,8,False
2024-01-28 11:00:00,BLDG-005,common_area,0.73,0.7,228.5,0.1,0.892,13.4,46.6,8,False
2024-01-28 12:00:00,BLDG-005,common_area,0.73,0.69,230.7,0.1,0.93,11.6,49.8,8,False
2024-01-28 13:00:00,BLDG-005,common_area,0.65,0.72,233.3,0.1,0.874,15.4,49.8,8,False
2024-01-28 14:00:00,BLDG-005,common_area,0.7,0.69,227.9,0.1,0.91,15.9,36.8,8,False
2024-01-28 15:00:00,BLDG-005,common_area,0.72,0.71,228.9,0.1,0.827,15.5,56.0,8,False
2024-01-28 16:00:00,BLDG-005,common_area,0.71,0.7,230.6,0.1,0.898,17.0,37.1,8,False
2024-01-28 17:00:00,BLDG-005,common_area,0.71,0.69,232.0,0.1,0.784,11.4,32.4,8,False
2024-01-28 18:00:00,BLDG-005,common_area,0.71,0.71,229.4,0.1,0.862,15.0,55.0,8,False
2024-01-28 19:00:00,BLDG-005,common_area,0.6,0.67,230.5,0.1,0.88,20.3,39.6,8,False
2024-01-28 20:00:00,BLDG-005,common_area,0.7,0.7,231.7,0.1,0.812,18.6,47.5,8,False
2024-01-28 21:00:00,BLDG-005,common_area,0.77,0.7,232.8,0.1,0.87,18.1,47.2,8,False
2024-01-28 22:00:00,BLDG-005,common_area,0.72,0.69,229.1,0.1,0.872,11.9,42.9,8,False
2024-01-28 23:00:00,BLDG-005,common_area,0.73,0.69,228.5,0.1,0.798,11.8,51.7,8,False
2024-01-29 00:00:00,BLDG-001,office,1.94,2.02,227.6,0.1,0.862,16.3,38.8,2,False
2024-01-29 01:00:00,BLDG-001,office,1.9,1.98,231.8,0.1,0.796,14.1,37.7,2,False
2024-01-29 02:00:00,BLDG-001,office,2.08,2.0,229.7,0.1,0.919,17.0,54.0,2,False
2024-01-29 03:00:00,BLDG-001,office,2.0,2.08,230.3,0.1,0.855,13.8,42.3,2,False
2024-01-29 04:00:00,BLDG-001,office,1.91,2.01,231.6,0.1,0.793,13.7,48.2,2,False
2024-01-29 05:00:00,BLDG-001,office,2.07,2.07,228.2,0.1,0.91,17.7,48.1,2,False
2024-01-29 06:00:00,BLDG-001,office,2.13,1.98,228.3,0.1,0.845,12.0,61.9,2,False
2024-01-29 07:00:00,BLDG-001,office,1.87,1.99,228.7,0.1,0.902,17.1,67.0,2,False
2024-01-29 08:00:00,BLDG-001,office,1.98,2.01,231.3,0.1,0.847,11.4,45.8,2,False
2024-01-29 09:00:00,BLDG-001,office,1.86,2.11,230.6,0.1,0.948,14.7,73.1,13,False
2024-01-29 10:00:00,BLDG-001,office,2.28,2.17,230.7,0.1,0.937,13.4,34.3,25,False
2024-01-29 11:00:00,BLDG-001,office,2.27,2.25,226.6,0.1,0.86,19.8,48.2,36,False
2024-01-29 12:00:00,BLDG-001,office,2.28,2.31,225.6,0.1,0.949,17.7,48.0,44,False
2024-01-29 13:00:00,BLDG-001,office,2.19,2.29,231.2,0.1,0.791,17.1,48.5,49,False
2024-01-29 14:00:00,BLDG-001,office,2.58,2.31,226.4,0.1,0.976,11.2,45.8,51,False
2024-01-29 15:00:00,BLDG-001,office,2.14,2.29,228.3,0.1,0.838,15.9,50.1,49,False
2024-01-29 16:00:00,BLDG-001,office,2.29,2.38,229.1,0.1,0.788,14.1,55.4,44,False
2024-01-29 17:00:00,BLDG-001,office,2.36,2.27,232.8,0.1,0.888,12.7,42.7,36,False
2024-01-29 18:00:00,BLDG-001,office,2.27,2.2,228.0,0.1,0.791,17.9,43.4,25,False
2024-01-29 19:00:00,BLDG-001,office,2.12,2.09,230.5,0.1,0.806,11.3,37.7,13,False
2024-01-29 20:00:00,BLDG-001,office,2.09,2.01,230.0,0.1,0.827,15.0,47.0,2,False
2024-01-29 21:00:00,BLDG-001,office,1.91,2.02,228.9,0.1,0.874,14.8,43.7,2,False
2024-01-29 22:00:00,BLDG-001,office,2.09,2.03,226.1,0.1,0.947,16.9,56.5,2,False
2024-01-29 23:00:00,BLDG-001,office,1.93,2.05,230.0,0.1,0.807,15.7,50.9,2,False
2024-01-29 00:00:00,BLDG-002,lab,7.09,6.25,228.6,0.1,0.847,12.8,49.8,1,False
2024-01-29 01:00:00,BLDG-002,lab,6.0,6.25,230.1,0.1,0.792,15.3,37.4,1,False
2024-01-29 02:00:00,BLDG-002,lab,6.93,6.41,231.0,0.1,0.843,16.0,36.8,1,False
2024-01-29 03:00:00,BLDG-002,lab,6.67,6.33,229.0,0.1,0.801,15.3,44.7,1,False
2024-01-29 04:00:00,BLDG-002,lab,6.61,6.21,227.9,0.1,0.936,13.7,43.8,1,False
2024-01-29 05:00:00,BLDG-002,lab,6.13,6.36,227.5,0.1,0.773,12.0,45.2,1,False
2024-01-29 06:00:00,BLDG-002,lab,6.75,6.4,230.8,0.1,0.937,14.9,40.7,1,False
2024-01-29 07:00:00,BLDG-002,lab,6.62,6.17,230.0,0.1,0.851,14.8,62.7,1,False
2024-01-29 08:00:00,BLDG-002,lab,6.1,6.12,231.2,0.1,0.874,12.5,54.1,1,False
2024-01-29 09:00:00,BLDG-002,lab,6.43,7.12,228.4,0.1,0.834,15.6,62.2,9,False
2024-01-29 10:00:00,BLDG-002,lab,7.61,7.76,230.2,0.1,0.879,10.8,58.2,17,False
2024-01-29 11:00:00,BLDG-002,lab,8.71,8.05,230.6,0.1,0.792,17.9,40.0,25,False
2024-01-29 12:00:00,BLDG-002,lab,8.73,8.39,226.5,0.1,0.827,14.8,55.7,30,False
2024-01-29 13:00:00,BLDG-002,lab,9.01,8.71,229.3,0.1,0.811,14.9,47.9,34,False
2024-01-29 14:00:00,BLDG-002,lab,8.87,8.97,228.2,0.1,0.907,12.6,53.0,35,False
2024-01-29 15:00:00,BLDG-002,lab,8.09,8.79,232.1,0.1,0.852,16.0,57.5,34,False
2024-01-29 16:00:00,BLDG-002,lab,8.32,8.48,232.8,0.1,0.897,12.8,62.6,30,False
2024-01-29 17:00:00,BLDG-002,lab,7.52,8.18,228.6,0.1,0.872,12.5,32.9,25,False
2024-01-29 18:00:00,BLDG-002,lab,7.65,7.36,231.1,0.1,0.788,17.1,50.5,17,False
2024-01-29 19:00:00,BLDG-002,lab,7.12,6.91,230.3,0.1,0.875,11.3,49.3,9,False
2024-01-29 20:00:00,BLDG-002,lab,6.57,6.41,229.7,0.1,0.875,13.3,41.2,1,False
2024-01-29 21:00:00,BLDG-002,lab,6.5,6.4,228.8,0.1,0.822,14.8,65.3,1,False
2024-01-29 22:00:00,BLDG-002,lab,6.32,6.31,229.9,0.1,0.764,15.4,31.2,1,False
2024-01-29 23:00:00,BLDG-002,lab,5.96,6.24,231.4,0.1,0.89,15.1,56.7,1,False
2024-01-29 00:00:00,BLDG-003,datacenter,14.65,14.7,229.3,0.1,0.807,21.2,38.4,0,False
2024-01-29 01:00:00,BLDG-003,datacenter,14.45,14.48,230.1,0.1,0.785,15.4,46.8,0,False
2024-01-29 02:00:00,BLDG-003,datacenter,14.48,15.19,228.6,0.1,0.877,16.4,22.1,0,False
2024-01-29 03:00:00,BLDG-003,datacenter,12.89,14.63,230.9,0.1,0.884,17.8,43.2,0,False
2024-01-29 04:00:00,BLDG-003,datacenter,14.97,14.52,229.8,0.1,0.895,18.0,33.5,0,False
2024-01-29 05:00:00,BLDG-003,datacenter,14.72,14.56,230.7,0.1,0.862,18.3,31.7,0,False
2024-01-29 06:00:00,BLDG-003,datacenter,15.4,15.32,230.5,0.1,0.801,15.5,23.4,0,False
2024-01-29 07:00:00,BLDG-003,datacenter,15.43,14.64,230.9,0.1,0.871,21.2,39.2,0,False
2024-01-29 08:00:00,BLDG-003,datacenter,15.6,14.41,231.2,0.1,0.825,20.4,42.1,0,False
2024-01-29 09:00:00,BLDG-003,datacenter,16.52,16.64,233.4,0.1,0.856,18.6,40.7,2,False
2024-01-29 10:00:00,BLDG-003,datacenter,18.55,19.53,230.8,0.1,0.885,18.4,52.3,4,False
2024-01-29 11:00:00,BLDG-003,datacenter,20.89,21.77,229.3,0.1,0.814,20.7,67.8,7,False
2024-01-29 12:00:00,BLDG-003,datacenter,21.66,23.36,232.5,0.1,0.858,18.7,23.3,8,False
2024-01-29 13:00:00,BLDG-003,datacenter,24.39,23.68,233.7,0.1,0.804,19.2,36.0,9,False
2024-01-29 14:00:00,BLDG-003,datacenter,22.13,23.81,230.1,0.11,0.863,16.4,36.1,10,False
2024-01-29 15:00:00,BLDG-003,datacenter,63.02,60.32,230.4,0.25,0.972,17.8,47.5,9,True
2024-01-29 16:00:00,BLDG-003,datacenter,21.27,23.03,234.0,0.1,0.869,17.9,42.1,8,False
2024-01-29 17:00:00,BLDG-003,datacenter,20.0,20.52,233.5,0.1,0.802,15.1,42.3,7,False
2024-01-29 18:00:00,BLDG-003,datacenter,18.83,18.97,229.3,0.1,0.923,20.8,59.0,4,False
2024-01-29 19:00:00,BLDG-003,datacenter,15.77,16.63,230.7,0.1,0.747,20.6,65.7,2,False
2024-01-29 20:00:00,BLDG-003,datacenter,15.34,14.73,230.5,0.1,0.802,18.4,38.6,0,False
2024-01-29 21:00:00,BLDG-003,datacenter,14.2,14.69,233.4,0.1,0.798,19.0,38.3,0,False
2024-01-29 22:00:00,BLDG-003,datacenter,16.21,14.72,228.7,0.1,0.925,19.0,43.6,0,False
2024-01-29 23:00:00,BLDG-003,datacenter,13.25,14.82,230.0,0.1,0.81,19.7,48.5,0,False
2024-01-29 00:00:00,BLDG-004,warehouse,2.03,2.02,230.4,0.1,0.819,14.9,40.0,1,False
2024-01-29 01:00:00,BLDG-004,warehouse,2.08,2.03,230.8,0.1,0.78,17.7,49.1,1,False
2024-01-29 02:00:00,BLDG-004,warehouse,1.99,2.02,231.3,0.1,0.851,13.9,39.7,1,False
2024-01-29 03:00:00,BLDG-004,warehouse,2.16,2.03,230.0,0.1,0.82,15.4,47.0,1,False
2024-01-29 04:00:00,BLDG-004,warehouse,1.9,2.05,227.2,0.1,0.795,15.0,25.5,1,False
2024-01-29 05:00:00,BLDG-004,warehouse,0.0,0.0,231.4,0.1,0.809,12.9,28.4,1,True
2024-01-29 06:00:00,BLDG-004,warehouse,2.22,2.02,224.1,0.1,0.77,15.1,44.5,1,False
2024-01-29 07:00:00,BLDG-004,warehouse,2.06,2.06,229.9,0.1,0.915,15.0,41.3,1,False
2024-01-29 08:00:00,BLDG-004,warehouse,2.16,2.13,229.5,0.1,0.875,18.0,40.1,1,False
2024-01-29 09:00:00,BLDG-004,warehouse,2.37,2.28,228.7,0.1,0.875,17.1,38.8,6,False
2024-01-29 10:00:00,BLDG-004,warehouse,2.68,2.55,234.4,0.1,0.7,14.4,40.3,12,False
2024-01-29 11:00:00,BLDG-004,warehouse,2.92,2.81,230.0,0.1,0.826,13.9,47.3,18,False
2024-01-29 12:00:00,BLDG-004,warehouse,3.02,2.94,230.1,0.1,0.842,19.1,41.4,22,False
2024-01-29 13:00:00,BLDG-004,warehouse,2.81,3.08,233.5,0.1,0.828,16.5,42.6,25,False
2024-01-29 14:00:00,BLDG-004,warehouse,3.0,2.99,234.1,0.1,0.859,14.7,54.0,25,False
2024-01-29 15:00:00,BLDG-004,warehouse,7.81,7.68,229.4,0.1,0.709,18.7,53.3,25,True
2024-01-29 16:00:00,BLDG-004,warehouse,3.1,3.0,228.1,0.1,0.838,14.1,36.7,22,False
2024-01-29 17:00:00,BLDG-004,warehouse,2.93,2.8,232.6,0.1,0.769,15.3,49.2,18,False
2024-01-29 18:00:00,BLDG-004,warehouse,2.26,2.58,233.4,0.1,0.826,12.2,59.1,12,False
2024-01-29 19:00:00,BLDG-004,warehouse,2.2,2.31,231.6,0.1,0.891,12.3,58.4,6,False
2024-01-29 20:00:00,BLDG-004,warehouse,2.1,2.08,229.9,0.1,0.924,14.5,58.8,1,False
2024-01-29 21:00:00,BLDG-004,warehouse,1.99,2.05,228.8,0.1,0.894,14.9,63.3,1,False
2024-01-29 22:00:00,BLDG-004,warehouse,2.08,2.08,230.5,0.1,0.757,17.8,60.3,1,False
2024-01-29 23:00:00,BLDG-004,warehouse,2.04,2.0,231.0,0.1,0.904,14.8,29.8,1,False
2024-01-29 00:00:00,BLDG-005,common_area,1.42,1.75,229.4,0.1,0.833,19.3,57.9,3,False
2024-01-29 01:00:00,BLDG-005,common_area,1.84,1.69,230.7,0.1,0.896,15.7,35.4,3,False
2024-01-29 02:00:00,BLDG-005,common_area,1.67,1.64,232.3,0.1,0.902,15.6,45.1,3,False
2024-01-29 03:00:00,BLDG-005,common_area,1.76,1.68,230.6,0.1,0.883,13.0,34.9,3,False
2024-01-29 04:00:00,BLDG-005,common_area,1.55,1.68,233.9,0.1,0.882,12.7,44.5,3,False
2024-01-29 05:00:00,BLDG-005,common_area,1.65,1.65,229.0,0.1,0.889,12.0,44.9,3,False
2024-01-29 06:00:00,BLDG-005,common_area,1.57,1.67,224.9,0.1,0.802,14.9,44.5,3,False
2024-01-29 07:00:00,BLDG-005,common_area,1.69,1.64,230.7,0.1,0.793,18.0,63.1,3,False
2024-01-29 08:00:00,BLDG-005,common_area,1.7,1.67,230.3,0.1,0.794,13.7,62.8,3,False
2024-01-29 09:00:00,BLDG-005,common_area,1.94,1.83,234.6,0.1,0.929,14.4,53.0,19,False
2024-01-29 10:00:00,BLDG-005,common_area,2.01,2.15,230.9,0.1,0.828,14.1,36.0,38,False
2024-01-29 11:00:00,BLDG-005,common_area,2.34,2.36,228.4,0.1,0.821,11.5,59.0,54,False
2024-01-29 12:00:00,BLDG-005,common_area,2.52,2.47,227.5,0.1,0.829,13.2,58.5,66,False
2024-01-29 13:00:00,BLDG-005,common_area,2.52,2.65,232.6,0.1,0.893,10.8,41.9,74,False
2024-01-29 14:00:00,BLDG-005,common_area,2.68,2.65,231.6,0.1,0.868,17.0,46.4,77,False
2024-01-29 15:00:00,BLDG-005,common_area,2.7,2.63,227.1,0.1,0.877,12.2,36.8,74,False
2024-01-29 16:00:00,BLDG-005,common_area,2.47,2.49,233.1,0.1,0.865,18.7,43.8,66,False
2024-01-29 17:00:00,BLDG-005,common_area,2.4,2.31,232.4,0.1,0.816,14.2,37.6,54,False
2024-01-29 18:00:00,BLDG-005,common_area,2.18,2.14,233.4,0.1,0.906,12.7,56.2,38,False
2024-01-29 19:00:00,BLDG-005,common_area,1.86,1.79,227.6,0.1,0.748,16.2,48.1,20,False
2024-01-29 20:00:00,BLDG-005,common_area,1.64,1.63,225.6,0.1,0.862,16.1,40.1,3,False
2024-01-29 21:00:00,BLDG-005,common_area,1.72,1.67,229.4,0.1,0.859,13.7,53.5,3,False
2024-01-29 22:00:00,BLDG-005,common_area,1.59,1.68,230.4,0.1,0.824,16.5,48.9,3,False
2024-01-29 23:00:00,BLDG-005,common_area,1.7,1.65,230.2,0.1,0.812,14.3,34.4,3,False
2024-01-30 00:00:00,BLDG-001,office,2.63,2.83,230.3,0.1,0.874,14.2,61.8,5,False
2024-01-30 01:00:00,BLDG-001,office,2.77,2.79,228.6,0.1,0.884,13.8,57.3,5,False
2024-01-30 02:00:00,BLDG-001,office,2.85,2.72,232.7,0.1,0.859,16.3,46.6,5,False
2024-01-30 03:00:00,BLDG-001,office,2.9,2.73,231.9,0.1,0.819,9.4,54.6,5,False
2024-01-30 04:00:00,BLDG-001,office,2.52,2.69,233.1,0.1,0.78,16.2,46.9,5,False
2024-01-30 05:00:00,BLDG-001,office,2.68,2.67,229.7,0.1,0.833,13.3,46.7,5,False
2024-01-30 06:00:00,BLDG-001,office,2.73,2.75,231.0,0.1,0.912,13.2,43.3,5,False
2024-01-30 07:00:00,BLDG-001,office,2.7,2.67,232.5,0.1,0.763,14.1,48.2,5,False
2024-01-30 08:00:00,BLDG-001,office,2.47,2.77,226.2,0.1,0.894,13.3,40.4,5,False
2024-01-30 09:00:00,BLDG-001,office,2.71,2.95,227.4,0.1,0.859,16.4,35.6,25,False
2024-01-30 10:00:00,BLDG-001,office,3.15,3.12,228.4,0.1,0.856,15.4,34.4,49,False
2024-01-30 11:00:00,BLDG-001,office,3.18,3.25,228.6,0.1,0.846,12.3,40.2,70,False
2024-01-30 12:00:00,BLDG-001,office,3.48,3.4,233.3,0.1,0.896,12.7,43.4,86,False
2024-01-30 13:00:00,BLDG-001,office,3.38,3.54,230.9,0.1,0.951,14.0,42.0,96,False
2024-01-30 14:00:00,BLDG-001,office,3.61,3.53,228.5,0.1,0.874,16.2,69.3,99,False
2024-01-30 15:00:00,BLDG-001,office,3.51,3.55,233.2,0.1,0.89,22.1,45.3,96,False
2024-01-30 16:00:00,BLDG-001,office,3.74,3.45,231.0,0.1,0.888,13.8,66.0,86,False
2024-01-30 17:00:00,BLDG-001,office,3.21,3.34,230.6,0.1,0.837,14.2,49.1,70,False
2024-01-30 18:00:00,BLDG-001,office,3.15,3.21,232.3,0.1,0.829,14.3,42.6,49,False
2024-01-30 19:00:00,BLDG-001,office,2.85,2.96,228.3,0.1,0.798,14.4,40.7,25,False
2024-01-30 20:00:00,BLDG-001,office,2.79,2.69,223.4,0.1,0.804,10.8,39.5,5,False
2024-01-30 21:00:00,BLDG-001,office,2.63,2.8,223.7,0.1,0.907,10.7,45.4,5,False
2024-01-30 22:00:00,BLDG-001,office,2.81,2.8,232.9,0.1,0.761,14.8,52.1,5,False
2024-01-30 23:00:00,BLDG-001,office,2.67,2.8,228.0,0.1,0.943,14.3,53.9,5,False
2024-01-30 00:00:00,BLDG-002,lab,8.13,7.74,231.5,0.1,0.767,15.2,31.0,2,False
2024-01-30 01:00:00,BLDG-002,lab,7.81,7.84,231.7,0.1,0.826,17.8,53.4,2,False
2024-01-30 02:00:00,BLDG-002,lab,8.43,7.65,227.8,0.1,0.94,12.6,41.1,2,False
2024-01-30 03:00:00,BLDG-002,lab,7.76,7.77,234.8,0.1,0.899,14.2,39.2,2,False
2024-01-30 04:00:00,BLDG-002,lab,7.3,7.94,229.3,0.1,0.841,14.6,44.2,2,False
2024-01-30 05:00:00,BLDG-002,lab,8.04,7.78,229.5,0.1,0.924,13.0,59.4,2,False
2024-01-30 06:00:00,BLDG-002,lab,7.25,7.89,230.6,0.1,0.901,13.5,56.3,2,False
2024-01-30 07:00:00,BLDG-002,lab,8.43,7.76,228.9,0.1,0.872,17.9,20.0,2,False
2024-01-30 08:00:00,BLDG-002,lab,7.55,7.92,229.9,0.1,0.813,15.6,41.4,2,False
2024-01-30 09:00:00,BLDG-002,lab,8.77,8.96,231.3,0.1,0.845,14.3,53.8,12,False
2024-01-30 10:00:00,BLDG-002,lab,9.64,9.94,233.2,0.1,0.803,13.7,45.8,24,False
2024-01-30 11:00:00,BLDG-002,lab,25.87,27.31,228.0,0.12,0.847,14.8,42.9,34,True
2024-01-30 12:00:00,BLDG-002,lab,11.77,11.53,232.5,0.1,0.789,14.9,54.2,41,False
2024-01-30 13:00:00,BLDG-002,lab,12.53,12.44,229.7,0.1,0.819,13.6,44.8,46,False
2024-01-30 14:00:00,BLDG-002,lab,12.72,12.32,229.9,0.1,0.837,14.4,32.5,48,False
2024-01-30 15:00:00,BLDG-002,lab,11.87,12.39,233.5,0.1,0.814,14.9,60.4,46,False
2024-01-30 16:00:00,BLDG-002,lab,11.85,11.85,231.2,0.1,0.936,12.6,28.7,41,False
2024-01-30 17:00:00,BLDG-002,lab,9.33,10.78,230.4,0.1,0.83,11.7,39.9,34,False
2024-01-30 18:00:00,BLDG-002,lab,10.24,9.75,229.1,0.1,0.866,15.2,59.7,24,False
2024-01-30 19:00:00,BLDG-002,lab,9.52,8.74,233.3,0.1,0.88,11.6,46.7,12,False
2024-01-30 20:00:00,BLDG-002,lab,7.77,7.76,229.4,0.1,0.893,14.2,46.6,2,False
2024-01-30 21:00:00,BLDG-002,lab,7.76,7.67,229.2,0.1,0.835,14.7,43.8,2,False
2024-01-30 22:00:00,BLDG-002,lab,7.71,7.52,230.3,0.1,0.955,16.2,35.5,2,False
2024-01-30 23:00:00,BLDG-002,lab,7.38,7.85,233.3,0.1,0.862,15.8,50.3,2,False
2024-01-30 00:00:00,BLDG-003,datacenter,10.05,9.41,228.2,0.1,0.866,19.6,38.5,0,False
2024-01-30 01:00:00,BLDG-003,datacenter,9.88,9.47,231.8,0.1,0.872,18.5,25.8,0,False
2024-01-30 02:00:00,BLDG-003,datacenter,9.87,9.59,232.5,0.1,0.888,16.0,45.0,0,False
2024-01-30 03:00:00,BLDG-003,datacenter,9.1,9.6,230.6,0.1,0.798,14.4,37.2,0,False
2024-01-30 04:00:00,BLDG-003,datacenter,8.56,9.58,227.2,0.1,0.784,13.7,34.7,0,False
2024-01-30 05:00:00,BLDG-003,datacenter,15.91,16.88,228.9,0.1,0.796,21.0,62.4,0,True
2024-01-30 06:00:00,BLDG-003,datacenter,9.67,9.18,229.6,0.1,0.828,21.0,45.6,0,False
2024-01-30 07:00:00,BLDG-003,datacenter,8.18,9.64,230.8,0.1,0.849,17.1,58.0,0,False
2024-01-30 08:00:00,BLDG-003,datacenter,9.55,9.54,232.7,0.1,0.79,18.4,51.0,0,False
2024-01-30 09:00:00,BLDG-003,datacenter,22.88,25.31,231.1,0.11,0.873,23.6,45.0,1,True
2024-01-30 10:00:00,BLDG-003,datacenter,11.06,10.79,231.1,0.1,0.75,20.0,56.4,2,False
2024-01-30 11:00:00,BLDG-003,datacenter,11.3,12.05,228.1,0.1,0.888,16.8,37.1,3,False
2024-01-30 12:00:00,BLDG-003,datacenter,11.71,11.83,226.9,0.1,0.861,21.1,43.3,4,False
2024-01-30 13:00:00,BLDG-003,datacenter,11.39,12.32,230.3,0.1,0.803,19.9,30.8,4,False
2024-01-30 14:00:00,BLDG-003,datacenter,11.48,12.63,231.5,0.1,0.847,15.7,33.8,4,False
2024-01-30 15:00:00,BLDG-003,datacenter,11.81,11.97,229.0,0.1,0.788,19.8,30.3,4,False
2024-01-30 16:00:00,BLDG-003,datacenter,12.58,11.45,232.7,0.1,0.855,20.9,46.1,4,False
2024-01-30 17:00:00,BLDG-003,datacenter,11.04,11.23,228.3,0.1,0.845,19.2,44.2,3,False
2024-01-30 18:00:00,BLDG-003,datacenter,11.12,10.55,230.6,0.1,0.902,19.2,56.6,2,False
2024-01-30 19:00:00,BLDG-003,datacenter,10.48,10.03,226.6,0.1,0.922,18.6,41.0,1,False
2024-01-30 20:00:00,BLDG-003,datacenter,9.73,9.59,231.1,0.1,0.789,20.2,65.8,0,False
2024-01-30 21:00:00,BLDG-003,datacenter,9.76,9.39,228.8,0.1,0.79,19.9,43.5,0,False
2024-01-30 22:00:00,BLDG-003,datacenter,9.82,9.54,232.0,0.1,0.848,14.7,36.6,0,False
2024-01-30 23:00:00,BLDG-003,datacenter,9.74,9.47,228.0,0.1,0.971,22.9,36.4,0,False
2024-01-30 00:00:00,BLDG-004,warehouse,2.13,2.24,229.5,0.1,0.973,12.8,47.7,1,False
2024-01-30 01:00:00,BLDG-004,warehouse,2.26,2.23,233.3,0.1,0.92,15.4,37.3,1,False
2024-01-30 02:00:00,BLDG-004,warehouse,2.18,2.31,232.5,0.1,0.88,16.7,42.6,1,False
2024-01-30 03:00:00,BLDG-004,warehouse,2.15,2.27,227.3,0.1,0.859,19.0,63.6,1,False
2024-01-30 04:00:00,BLDG-004,warehouse,2.13,2.13,230.5,0.1,0.929,18.8,29.4,1,False
2024-01-30 05:00:00,BLDG-004,warehouse,2.2,2.27,230.3,0.1,0.801,15.4,57.7,1,False
2024-01-30 06:00:00,BLDG-004,warehouse,2.36,2.18,228.5,0.1,0.826,17.0,39.7,1,False
2024-01-30 07:00:00,BLDG-004,warehouse,2.26,2.15,229.1,0.1,0.86,16.1,64.6,1,False
2024-01-30 08:00:00,BLDG-004,warehouse,1.88,2.16,231.4,0.1,0.83,15.3,52.3,1,False
2024-01-30 09:00:00,BLDG-004,warehouse,2.67,2.53,230.8,0.1,0.885,16.8,46.1,7,False
2024-01-30 10:00:00,BLDG-004,warehouse,2.67,2.84,231.1,0.1,0.86,12.6,55.1,14,False
2024-01-30 11:00:00,BLDG-004,warehouse,3.21,3.12,231.5,0.1,0.775,15.2,66.4,20,False
2024-01-30 12:00:00,BLDG-004,warehouse,3.23,3.38,229.6,0.1,0.763,15.7,54.4,25,False
2024-01-30 13:00:00,BLDG-004,warehouse,3.28,3.45,230.9,0.1,0.857,13.2,48.4,27,False
2024-01-30 14:00:00,BLDG-004,warehouse,3.36,3.41,235.4,0.1,0.82,14.9,40.0,28,False
2024-01-30 15:00:00,BLDG-004,warehouse,3.45,3.52,232.3,0.1,0.853,14.8,50.0,27,False
2024-01-30 16:00:00,BLDG-004,warehouse,3.43,3.44,236.0,0.1,0.789,18.0,46.2,25,False
2024-01-30 17:00:00,BLDG-004,warehouse,3.14,3.22,228.2,0.1,0.86,18.3,47.0,20,False
2024-01-30 18:00:00,BLDG-004,warehouse,2.84,2.8,229.0,0.1,0.816,18.2,43.4,14,False
2024-01-30 19:00:00,BLDG-004,warehouse,2.46,2.49,227.2,0.1,0.867,13.4,42.0,7,False
2024-01-30 20:00:00,BLDG-004,warehouse,2.44,2.18,227.4,0.1,0.863,16.8,20.0,1,False
2024-01-30 21:00:00,BLDG-004,warehouse,2.38,2.22,229.3,0.1,0.758,13.5,64.6,1,False
2024-01-30 22:00:00,BLDG-004,warehouse,2.3,2.22,227.9,0.1,0.824,16.2,34.4,1,False
2024-01-30 23:00:00,BLDG-004,warehouse,2.0,2.27,229.2,0.1,0.774,15.0,41.0,1,False
2024-01-30 00:00:00,BLDG-005,common_area,0.58,0.6,231.5,0.1,0.842,15.0,44.5,0,False
2024-01-30 01:00:00,BLDG-005,common_area,0.61,0.61,232.5,0.1,0.78,13.2,36.4,0,False
2024-01-30 02:00:00,BLDG-005,common_area,0.61,0.59,231.9,0.1,0.908,18.0,32.8,0,False
2024-01-30 03:00:00,BLDG-005,common_area,0.64,0.6,230.3,0.1,0.769,12.6,75.1,0,False
2024-01-30 04:00:00,BLDG-005,common_area,0.64,0.61,231.0,0.1,0.831,16.7,47.9,0,False
2024-01-30 05:00:00,BLDG-005,common_area,0.56,0.59,230.6,0.1,0.825,13.7,64.7,0,False
2024-01-30 06:00:00,BLDG-005,common_area,0.64,0.62,228.8,0.1,0.796,13.9,47.0,0,False
2024-01-30 07:00:00,BLDG-005,common_area,0.65,0.63,231.3,0.1,0.743,15.3,38.4,0,False
2024-01-30 08:00:00,BLDG-005,common_area,0.55,0.59,232.1,0.1,0.835,14.9,54.1,0,False
2024-01-30 09:00:00,BLDG-005,common_area,0.63,0.62,227.0,0.1,0.814,14.0,41.4,2,False
2024-01-30 10:00:00,BLDG-005,common_area,0.65,0.64,229.3,0.1,0.807,16.9,45.3,3,False
2024-01-30 11:00:00,BLDG-005,common_area,0.65,0.63,231.7,0.1,0.79,13.7,50.2,5,False
2024-01-30 12:00:00,BLDG-005,common_area,0.61,0.64,233.4,0.1,0.824,17.2,43.5,6,False
2024-01-30 13:00:00,BLDG-005,common_area,0.69,0.65,232.4,0.1,0.857,14.7,45.2,7,False
2024-01-30 14:00:00,BLDG-005,common_area,0.65,0.63,228.7,0.1,0.816,18.6,56.2,8,False
2024-01-30 15:00:00,BLDG-005,common_area,0.66,0.67,230.7,0.1,0.939,12.3,27.8,7,False
2024-01-30 16:00:00,BLDG-005,common_area,0.69,0.63,228.6,0.1,0.835,14.6,43.0,6,False
2024-01-30 17:00:00,BLDG-005,common_area,0.65,0.64,228.5,0.1,0.852,16.8,68.8,5,False
2024-01-30 18:00:00,BLDG-005,common_area,0.55,0.63,232.1,0.1,0.859,13.9,36.4,3,False
2024-01-30 19:00:00,BLDG-005,common_area,0.65,0.63,230.8,0.1,0.867,12.4,50.1,2,False
2024-01-30 20:00:00,BLDG-005,common_area,0.65,0.61,231.9,0.1,0.877,14.3,55.2,0,False
2024-01-30 21:00:00,BLDG-005,common_area,0.6,0.6,228.2,0.1,0.856,14.7,47.9,0,False
2024-01-30 22:00:00,BLDG-005,common_area,0.64,0.63,229.6,0.1,0.875,18.1,38.5,0,False
2024-01-30 23:00:00,BLDG-005,common_area,0.61,0.61,229.1,0.1,0.884,12.7,32.2,0,False
